sku,source_row_number,row_status,group_key,row_action,decision_status,draft_name,draft_description,draft_dimensions,draft_weight,draft_cubic,draft_freight_type,field_decisions_json,custom_values_json,notes,reviewed_by_id,reviewed_at,applied_by_id,applied_at,apply_batch_id,source_name,operational_name,source_description,operational_description,source_length_mm,source_width_mm,source_height_mm,source_outer_l_mm,source_outer_w_mm,source_outer_h_mm,operational_length_m,operational_width_m,operational_height_m,source_weight_kg,operational_weight_kg,source_cubic_m3,operational_cubic_m3,source_pallet,source_derived_cp,operational_cp,primary_dimensions_different,weight_different,cubic_different,cp_different,possible_unit_scale_warning,active_rule_count,active_rule_names,active_rule_decisions_json,active_memory_exists,memory_workflow_key,memory_source_fingerprint,memory_proposal_fingerprint,memory_approved_data_json,memory_approval_note,memory_approved_at,memory_last_used_at,memory_use_count,bulk_safety_status,bulk_safety_issues
20772,6792,DIFFERENT,SOURCE_DIMENSIONS_ZERO,UPDATE,APPLIED,SOURCE,SOURCE,OPERATIONAL,OPERATIONAL,OPERATIONAL,SOURCE,"{""name"": ""SOURCE"", ""cubic"": ""OPERATIONAL"", ""weight"": ""OPERATIONAL"", ""dimensions"": ""OPERATIONAL"", ""description"": ""SOURCE"", ""freight_type"": ""SOURCE""}",{},Recommended initial correction: Source name/description and pallet C/P rule; retain Calculator physical values pending separate review.,6,2026-09-21 22:19:44.794077+00:00,6,2026-09-21 22:33:56.705354+00:00,a14e383569824ca6bce9a4299ffe9a54,Wheel Sup OffRd 500mm Max875kg,Wheel Sup OffRd 500mm Max875kg,"Wheel Support Device ""Offroad"" (500 mm) 1 Set = 4 Pcs. Capacity Per Item Max. 875 Kg","Wheel Support Device ""Offroad"" (500 mm) 1 Set = 4 Pcs. Capacity Per Item Max. 875 Kg",0.000000,0.000000,0.000000,0.0,0.0,0.0,1.2000,0.8000,0.3500,45.200000,70.0000,0.184000,0.336000,0.000000,C,C,True,True,True,False,,0,,[],True,PRODUCT_RECONCILIATION,5a7e92ea98244c88e73290c0c378aadcef087b0e54ec150ae554b57c2f00f6e7,677f682157ec762515cf2065fb8a123fe551a2e1a0fc7205b36fa2287727d0f7,"{""schema"": 1, ""row_action"": ""UPDATE"", ""apply_batch_id"": ""a14e383569824ca6bce9a4299ffe9a54"", ""approved_values"": {""name"": ""Wheel Sup OffRd 500mm Max875kg"", ""width_m"": ""0.8000"", ""cubic_m3"": ""0.336000"", ""height_m"": ""0.3500"", ""length_m"": ""1.2000"", ""weight_kg"": ""70.0000"", ""description"": ""Wheel Support Device \""Offroad\"" (500 mm) 1 Set = 4 Pcs. Capacity Per Item Max. 875 Kg"", ""freight_type"": ""C""}, ""field_decisions"": {""name"": ""SOURCE"", ""cubic"": ""OPERATIONAL"", ""weight"": ""OPERATIONAL"", ""dimensions"": ""OPERATIONAL"", ""description"": ""SOURCE"", ""freight_type"": ""SOURCE""}, ""adopted_operational_state"": false, ""backfilled_from_applied_decision"": true}",Adopted from previously applied decision #1. Recommended initial correction: Source name/description and pallet C/P rule; retain Calculator physical values pending separate review.,2026-09-22 22:35:55.243629+00:00,2026-09-22 22:35:55.242517+00:00,1,SAFE_CANDIDATE,
20985,6824,DIFFERENT,SOURCE_DIMENSIONS_ZERO,UPDATE,APPLIED,SOURCE,SOURCE,OPERATIONAL,OPERATIONAL,OPERATIONAL,SOURCE,"{""name"": ""SOURCE"", ""cubic"": ""OPERATIONAL"", ""weight"": ""OPERATIONAL"", ""dimensions"": ""OPERATIONAL"", ""description"": ""SOURCE"", ""freight_type"": ""SOURCE""}",{},Recommended initial correction: Source name/description and pallet C/P rule; retain Calculator physical values pending separate review.,6,2026-09-21 22:19:44.798704+00:00,6,2026-09-21 22:33:56.705354+00:00,a14e383569824ca6bce9a4299ffe9a54,Wheel Sup Std 400mm Max875 Kg,Wheel Sup Std 400mm Max875 Kg,"Wheel Support Device ""Standard"" (400 mm) 1 Set = 4 Pieces, Capacity Per Item Max. 875 Kg","Wheel Support Device ""Standard"" (400 mm) 1 Set = 4 Pieces, Capacity Per Item Max. 875 Kg",0.000000,0.000000,0.000000,0.0,0.0,0.0,1.2000,0.8000,0.6000,40.000000,280.0000,0.152000,0.576000,0.000000,C,C,True,True,True,False,,0,,[],True,PRODUCT_RECONCILIATION,a2e6c77df781a302fb26e28460828b08c3d577dc49803795a36aa236c491fc0a,ff73fdcec580eda1f0dbc911f14eb1ea6c3210326ecdf69a34af8c66a1343f89,"{""schema"": 1, ""row_action"": ""UPDATE"", ""apply_batch_id"": ""a14e383569824ca6bce9a4299ffe9a54"", ""approved_values"": {""name"": ""Wheel Sup Std 400mm Max875 Kg"", ""width_m"": ""0.8000"", ""cubic_m3"": ""0.576000"", ""height_m"": ""0.6000"", ""length_m"": ""1.2000"", ""weight_kg"": ""280.0000"", ""description"": ""Wheel Support Device \""Standard\"" (400 mm) 1 Set = 4 Pieces, Capacity Per Item Max. 875 Kg"", ""freight_type"": ""C""}, ""field_decisions"": {""name"": ""SOURCE"", ""cubic"": ""OPERATIONAL"", ""weight"": ""OPERATIONAL"", ""dimensions"": ""OPERATIONAL"", ""description"": ""SOURCE"", ""freight_type"": ""SOURCE""}, ""adopted_operational_state"": false, ""backfilled_from_applied_decision"": true}",Adopted from previously applied decision #2. Recommended initial correction: Source name/description and pallet C/P rule; retain Calculator physical values pending separate review.,2026-09-22 22:35:55.250798+00:00,2026-09-22 22:35:55.249803+00:00,1,SAFE_CANDIDATE,
4.3CP-JARVIS-1,9460,DIFFERENT,TEXT_ONLY,UPDATE,APPLIED,SOURCE,SOURCE,OPERATIONAL,OPERATIONAL,OPERATIONAL,SOURCE,"{""name"": ""SOURCE"", ""cubic"": ""OPERATIONAL"", ""weight"": ""OPERATIONAL"", ""dimensions"": ""OPERATIONAL"", ""description"": ""SOURCE"", ""freight_type"": ""SOURCE""}",{},Recommended initial correction: Source name/description and pallet C/P rule; retain Calculator physical values pending separate review.,6,2026-09-21 22:19:44.800238+00:00,6,2026-09-21 22:33:56.705354+00:00,a14e383569824ca6bce9a4299ffe9a54,Hoist- Jarvis Trinity Gardens,Hoist- Jarvis Trinity Gardens,Hoist- Jarvis Trinity Gardens,Hoist- Jarvis Trinity Gardens,4960.000000,2120.000000,700.000000,4960.0,2120.0,700.0,4.9600,2.1200,0.7000,2500.000000,2500.0000,7.361000,7.361000,1.000000,P,P,False,False,False,False,,0,,[],True,PRODUCT_RECONCILIATION,1c645f6613b499233c73a1acf0d02c337109c8d3b833b5522a8cfde7d7077e58,ba9f227352fc1fe4791305b22fbf9419936d3477ead2975fe300d0f81ee7bff5,"{""schema"": 1, ""row_action"": ""UPDATE"", ""apply_batch_id"": ""a14e383569824ca6bce9a4299ffe9a54"", ""approved_values"": {""name"": ""Hoist- Jarvis Trinity Gardens"", ""width_m"": ""2.1200"", ""cubic_m3"": ""7.361000"", ""height_m"": ""0.7000"", ""length_m"": ""4.9600"", ""weight_kg"": ""2500.0000"", ""description"": ""Hoist- Jarvis Trinity Gardens"", ""freight_type"": ""P""}, ""field_decisions"": {""name"": ""SOURCE"", ""cubic"": ""OPERATIONAL"", ""weight"": ""OPERATIONAL"", ""dimensions"": ""OPERATIONAL"", ""description"": ""SOURCE"", ""freight_type"": ""SOURCE""}, ""adopted_operational_state"": false, ""backfilled_from_applied_decision"": true}",Adopted from previously applied decision #3. Recommended initial correction: Source name/description and pallet C/P rule; retain Calculator physical values pending separate review.,2026-09-22 22:35:55.257082+00:00,2026-09-22 22:35:55.256229+00:00,1,SAFE_CANDIDATE,
4.3CP-JARVIS-2,9461,DIFFERENT,TEXT_ONLY,UPDATE,APPLIED,SOURCE,SOURCE,OPERATIONAL,OPERATIONAL,OPERATIONAL,SOURCE,"{""name"": ""SOURCE"", ""cubic"": ""OPERATIONAL"", ""weight"": ""OPERATIONAL"", ""dimensions"": ""OPERATIONAL"", ""description"": ""SOURCE"", ""freight_type"": ""SOURCE""}",{},Recommended initial correction: Source name/description and pallet C/P rule; retain Calculator physical values pending separate review.,6,2026-09-21 22:19:44.801683+00:00,6,2026-09-21 22:33:56.705354+00:00,a14e383569824ca6bce9a4299ffe9a54,Pallet -Jarvis Trinity Gardens,Pallet -Jarvis Trinity Gardens,Pallet - Jarvis Trinity Gardens,Pallet - Jarvis Trinity Gardens,700.000000,700.000000,2120.000000,700.0,700.0,2120.0,0.7000,0.7000,2.1200,300.000000,300.0000,1.039000,1.039000,1.000000,P,P,False,False,False,False,,0,,[],True,PRODUCT_RECONCILIATION,62f1fc22a6bfe03c6d0d340d9d3957c2beea92d332f46644f7cfb85682f9036a,a1e123bbddafe0ff6972fccebb797374b85f64743e38908478244ef791e1b76a,"{""schema"": 1, ""row_action"": ""UPDATE"", ""apply_batch_id"": ""a14e383569824ca6bce9a4299ffe9a54"", ""approved_values"": {""name"": ""Pallet -Jarvis Trinity Gardens"", ""width_m"": ""0.7000"", ""cubic_m3"": ""1.039000"", ""height_m"": ""2.1200"", ""length_m"": ""0.7000"", ""weight_kg"": ""300.0000"", ""description"": ""Pallet - Jarvis Trinity Gardens"", ""freight_type"": ""P""}, ""field_decisions"": {""name"": ""SOURCE"", ""cubic"": ""OPERATIONAL"", ""weight"": ""OPERATIONAL"", ""dimensions"": ""OPERATIONAL"", ""description"": ""SOURCE"", ""freight_type"": ""SOURCE""}, ""adopted_operational_state"": false, ""backfilled_from_applied_decision"": true}",Adopted from previously applied decision #4. Recommended initial correction: Source name/description and pallet C/P rule; retain Calculator physical values pending separate review.,2026-09-22 22:35:55.259700+00:00,2026-09-22 22:35:55.258902+00:00,1,SAFE_CANDIDATE,
40UE,9637,DIFFERENT,SOURCE_DIMENSIONS_ZERO,UPDATE,APPLIED,SOURCE,SOURCE,OPERATIONAL,OPERATIONAL,OPERATIONAL,SOURCE,"{""name"": ""SOURCE"", ""cubic"": ""OPERATIONAL"", ""weight"": ""OPERATIONAL"", ""dimensions"": ""OPERATIONAL"", ""description"": ""SOURCE"", ""freight_type"": ""SOURCE""}",{},Recommended initial correction: Source name/description and pallet C/P rule; retain Calculator physical values pending separate review.,6,2026-09-21 22:19:44.803061+00:00,6,2026-09-21 22:33:56.705354+00:00,a14e383569824ca6bce9a4299ffe9a54,BrdbryHst40UE-3ph(Part 1 of 2),BrdbryHst40UE-3ph(Part 1 of 2),Bradbury Hoist 40UE 2PST - 3ph - Include Power Unit,Bradbury Hoist 40UE 2PST - 3ph - Include Power Unit,0.000000,0.000000,0.000000,3750.0,450.0,750.0,3.7500,0.4500,0.7500,703.000000,800.0000,3.701000,3.701000,1.000000,P,P,True,True,False,False,,0,,[],True,PRODUCT_RECONCILIATION,e0bba07e62a6f69706d094d7f7d1effb1faac198bdfae964875d26779449469a,92d8555b96c05e2695c1433e319bd60826d5484982965cd74707be3fdf0ce4ca,"{""schema"": 1, ""row_action"": ""UPDATE"", ""apply_batch_id"": ""a14e383569824ca6bce9a4299ffe9a54"", ""approved_values"": {""name"": ""BrdbryHst40UE-3ph(Part 1 of 2)"", ""width_m"": ""0.4500"", ""cubic_m3"": ""3.701000"", ""height_m"": ""0.7500"", ""length_m"": ""3.7500"", ""weight_kg"": ""800.0000"", ""description"": ""Bradbury Hoist 40UE 2PST - 3ph - Include Power Unit"", ""freight_type"": ""P""}, ""field_decisions"": {""name"": ""SOURCE"", ""cubic"": ""OPERATIONAL"", ""weight"": ""OPERATIONAL"", ""dimensions"": ""OPERATIONAL"", ""description"": ""SOURCE"", ""freight_type"": ""SOURCE""}, ""adopted_operational_state"": false, ""backfilled_from_applied_decision"": true}",Adopted from previously applied decision #5. Recommended initial correction: Source name/description and pallet C/P rule; retain Calculator physical values pending separate review.,2026-09-22 22:35:55.254088+00:00,2026-09-22 22:35:55.253217+00:00,1,SAFE_CANDIDATE,
75S-Q,15402,DIFFERENT,TEXT_ONLY,UPDATE,APPLIED,SOURCE,SOURCE,OPERATIONAL,OPERATIONAL,OPERATIONAL,SOURCE,"{""name"": ""SOURCE"", ""cubic"": ""OPERATIONAL"", ""weight"": ""OPERATIONAL"", ""dimensions"": ""OPERATIONAL"", ""description"": ""SOURCE"", ""freight_type"": ""SOURCE""}",{},Recommended initial correction: Source name/description and pallet C/P rule; retain Calculator physical values pending separate review.,6,2026-09-21 22:19:44.804524+00:00,6,2026-09-21 22:33:56.705354+00:00,a14e383569824ca6bce9a4299ffe9a54,Mobile 75S Q/tine (Barth Bros),Mobile 75S Q/tine (Barth Bros),Mobile 75S Quarantine (Barth Bros) 4 Columns = 1 Set/Item,Mobile 75S Quarantine (Barth Bros) 4 Columns = 1 Set/Item,1170.000000,1170.000000,2580.000000,1170.0,1170.0,2580.0,1.1700,1.1700,2.5800,2164.000000,2164.0000,14.128000,14.128000,4.000000,P,P,False,False,False,False,,0,,[],True,PRODUCT_RECONCILIATION,21a84d9588d6c5bcb8988d0f6b94d377c07c6a15585c781793c9caacfd92b6a1,03e491e796a3126faaccfeaf98d57c625f9d23d66e6d4452f1142a562b559c7b,"{""schema"": 1, ""row_action"": ""UPDATE"", ""apply_batch_id"": ""a14e383569824ca6bce9a4299ffe9a54"", ""approved_values"": {""name"": ""Mobile 75S Q/tine (Barth Bros)"", ""width_m"": ""1.1700"", ""cubic_m3"": ""14.128000"", ""height_m"": ""2.5800"", ""length_m"": ""1.1700"", ""weight_kg"": ""2164.0000"", ""description"": ""Mobile 75S Quarantine (Barth Bros) 4 Columns = 1 Set/Item"", ""freight_type"": ""P""}, ""field_decisions"": {""name"": ""SOURCE"", ""cubic"": ""OPERATIONAL"", ""weight"": ""OPERATIONAL"", ""dimensions"": ""OPERATIONAL"", ""description"": ""SOURCE"", ""freight_type"": ""SOURCE""}, ""adopted_operational_state"": false, ""backfilled_from_applied_decision"": true}",Adopted from previously applied decision #6. Recommended initial correction: Source name/description and pallet C/P rule; retain Calculator physical values pending separate review.,2026-09-22 22:35:55.262767+00:00,2026-09-22 22:35:55.261903+00:00,1,SAFE_CANDIDATE,
778413,15559,DIFFERENT,TEXT_ONLY,UPDATE,APPLIED,SOURCE,SOURCE,OPERATIONAL,OPERATIONAL,OPERATIONAL,SOURCE,"{""name"": ""SOURCE"", ""cubic"": ""OPERATIONAL"", ""weight"": ""OPERATIONAL"", ""dimensions"": ""OPERATIONAL"", ""description"": ""SOURCE"", ""freight_type"": ""SOURCE""}",{},Recommended initial correction: Source name/description and pallet C/P rule; retain Calculator physical values pending separate review.,6,2026-09-21 22:19:44.806042+00:00,6,2026-09-21 22:33:56.705354+00:00,a14e383569824ca6bce9a4299ffe9a54,Recess Kit for Magix 30,Recess Kit for Magix 30,Recess Kit for Magix 30,Recess Kit for Magix 30,2170.000000,790.000000,350.000000,2170.0,790.0,350.0,2.1700,0.7900,0.3500,77.000000,77.0000,0.600000,0.600000,1.000000,P,P,False,False,False,False,,0,,[],True,PRODUCT_RECONCILIATION,677f1db93c43a41944345bee106fc3107ad940de3be64573365d1207df41d300,6ef48ba7be56205359f4ec596866b419af2613b765d2e6def1b531cd8c600def,"{""schema"": 1, ""row_action"": ""UPDATE"", ""apply_batch_id"": ""a14e383569824ca6bce9a4299ffe9a54"", ""approved_values"": {""name"": ""Recess Kit for Magix 30"", ""width_m"": ""0.7900"", ""cubic_m3"": ""0.600000"", ""height_m"": ""0.3500"", ""length_m"": ""2.1700"", ""weight_kg"": ""77.0000"", ""description"": ""Recess Kit for Magix 30"", ""freight_type"": ""P""}, ""field_decisions"": {""name"": ""SOURCE"", ""cubic"": ""OPERATIONAL"", ""weight"": ""OPERATIONAL"", ""dimensions"": ""OPERATIONAL"", ""description"": ""SOURCE"", ""freight_type"": ""SOURCE""}, ""adopted_operational_state"": false, ""backfilled_from_applied_decision"": true}",Adopted from previously applied decision #7. Recommended initial correction: Source name/description and pallet C/P rule; retain Calculator physical values pending separate review.,2026-09-22 22:35:55.265532+00:00,2026-09-22 22:35:55.264772+00:00,1,SAFE_CANDIDATE,
778483,15562,DIFFERENT,TEXT_ONLY,UPDATE,APPLIED,SOURCE,SOURCE,OPERATIONAL,OPERATIONAL,OPERATIONAL,SOURCE,"{""name"": ""SOURCE"", ""cubic"": ""OPERATIONAL"", ""weight"": ""OPERATIONAL"", ""dimensions"": ""OPERATIONAL"", ""description"": ""SOURCE"", ""freight_type"": ""SOURCE""}",{},Recommended initial correction: Source name/description and pallet C/P rule; retain Calculator physical values pending separate review.,6,2026-09-21 22:19:44.808927+00:00,6,2026-09-21 22:33:56.705354+00:00,a14e383569824ca6bce9a4299ffe9a54,Imbedding Frame MagiX 35 DS II,Imbedding Frame MagiX 35 DS II,"Imbedding Frame MagiX 35 DS II, Galvanised for recessed install","Imbedding Frame MagiX 35 DS II, Galvanised for recessed install",2340.000000,900.000000,370.000000,2340.0,900.0,370.0,2.3400,0.9000,0.3700,90.000000,90.0000,0.779000,0.779000,1.000000,P,P,False,False,False,False,,0,,[],True,PRODUCT_RECONCILIATION,1629438e88578c1b3313db19d59c4ac1d0be8c941039c47d73b9c0bc69d0a110,ea456d4db4d077a4c365ec2a5da6ec14c6db398b2c697a0164621f2856a8cded,"{""schema"": 1, ""row_action"": ""UPDATE"", ""apply_batch_id"": ""a14e383569824ca6bce9a4299ffe9a54"", ""approved_values"": {""name"": ""Imbedding Frame MagiX 35 DS II"", ""width_m"": ""0.9000"", ""cubic_m3"": ""0.779000"", ""height_m"": ""0.3700"", ""length_m"": ""2.3400"", ""weight_kg"": ""90.0000"", ""description"": ""Imbedding Frame MagiX 35 DS II, Galvanised for recessed install"", ""freight_type"": ""P""}, ""field_decisions"": {""name"": ""SOURCE"", ""cubic"": ""OPERATIONAL"", ""weight"": ""OPERATIONAL"", ""dimensions"": ""OPERATIONAL"", ""description"": ""SOURCE"", ""freight_type"": ""SOURCE""}, ""adopted_operational_state"": false, ""backfilled_from_applied_decision"": true}",Adopted from previously applied decision #8. Recommended initial correction: Source name/description and pallet C/P rule; retain Calculator physical values pending separate review.,2026-09-22 22:35:55.268197+00:00,2026-09-22 22:35:55.267389+00:00,1,SAFE_CANDIDATE,
794037,15636,DIFFERENT,PHYSICAL_DIFFERENCES,UPDATE,APPLIED,SOURCE,SOURCE,OPERATIONAL,OPERATIONAL,OPERATIONAL,SOURCE,"{""name"": ""SOURCE"", ""cubic"": ""OPERATIONAL"", ""weight"": ""OPERATIONAL"", ""dimensions"": ""OPERATIONAL"", ""description"": ""SOURCE"", ""freight_type"": ""SOURCE""}",{},Recommended initial correction: Source name/description and pallet C/P rule; retain Calculator physical values pending separate review.,6,2026-09-21 22:19:44.810683+00:00,6,2026-09-21 22:33:56.705354+00:00,a14e383569824ca6bce9a4299ffe9a54,Traverse Kit,Traverse Kit,Traverse Kit,Traverse Kit,1500.000000,290.000000,320.000000,1500.0,290.0,320.0,1.5000,0.2900,0.3200,55.000000,55.0000,0.139000,0.139200,1.000000,P,P,False,False,True,False,,0,,[],True,PRODUCT_RECONCILIATION,19e59e736faeb052696f6578073fd7cbd7364566c7060f87a95bccf68e68609e,47117df78ae68111d95c766f6709da0d0e43b7af3bc83ec04a10566a7b842c5a,"{""schema"": 1, ""row_action"": ""UPDATE"", ""apply_batch_id"": ""a14e383569824ca6bce9a4299ffe9a54"", ""approved_values"": {""name"": ""Traverse Kit"", ""width_m"": ""0.2900"", ""cubic_m3"": ""0.139200"", ""height_m"": ""0.3200"", ""length_m"": ""1.5000"", ""weight_kg"": ""55.0000"", ""description"": ""Traverse Kit"", ""freight_type"": ""P""}, ""field_decisions"": {""name"": ""SOURCE"", ""cubic"": ""OPERATIONAL"", ""weight"": ""OPERATIONAL"", ""dimensions"": ""OPERATIONAL"", ""description"": ""SOURCE"", ""freight_type"": ""SOURCE""}, ""adopted_operational_state"": false, ""backfilled_from_applied_decision"": true}",Adopted from previously applied decision #9. Recommended initial correction: Source name/description and pallet C/P rule; retain Calculator physical values pending separate review.,2026-09-22 22:35:55.271019+00:00,2026-09-22 22:35:55.270178+00:00,1,SAFE_CANDIDATE,
835318,15796,DIFFERENT,TEXT_ONLY,UPDATE,APPLIED,SOURCE,SOURCE,OPERATIONAL,OPERATIONAL,OPERATIONAL,SOURCE,"{""name"": ""SOURCE"", ""cubic"": ""OPERATIONAL"", ""weight"": ""OPERATIONAL"", ""dimensions"": ""OPERATIONAL"", ""description"": ""SOURCE"", ""freight_type"": ""SOURCE""}",{},Recommended initial correction: Source name/description and pallet C/P rule; retain Calculator physical values pending separate review.,6,2026-09-21 22:19:44.812164+00:00,6,2026-09-21 22:33:56.705354+00:00,a14e383569824ca6bce9a4299ffe9a54,Set of Platform Extensions,Set of Platform Extensions,Set of Platform Extensions,Set of Platform Extensions,910.000000,620.000000,490.000000,910.0,620.0,490.0,0.9100,0.6200,0.4900,113.000000,113.0000,0.276000,0.276000,1.000000,P,P,False,False,False,False,,0,,[],True,PRODUCT_RECONCILIATION,826a7043de820b87c0c84c5db3eed902bfc471684ebf5dd5f531ea0b3b5bd546,e2fd22a51e4b408df46595a26205d97279fdd88702464a39735b539cae0b384a,"{""schema"": 1, ""row_action"": ""UPDATE"", ""apply_batch_id"": ""a14e383569824ca6bce9a4299ffe9a54"", ""approved_values"": {""name"": ""Set of Platform Extensions"", ""width_m"": ""0.6200"", ""cubic_m3"": ""0.276000"", ""height_m"": ""0.4900"", ""length_m"": ""0.9100"", ""weight_kg"": ""113.0000"", ""description"": ""Set of Platform Extensions"", ""freight_type"": ""P""}, ""field_decisions"": {""name"": ""SOURCE"", ""cubic"": ""OPERATIONAL"", ""weight"": ""OPERATIONAL"", ""dimensions"": ""OPERATIONAL"", ""description"": ""SOURCE"", ""freight_type"": ""SOURCE""}, ""adopted_operational_state"": false, ""backfilled_from_applied_decision"": true}",Adopted from previously applied decision #10. Recommended initial correction: Source name/description and pallet C/P rule; retain Calculator physical values pending separate review.,2026-09-22 22:35:55.274178+00:00,2026-09-22 22:35:55.273351+00:00,1,SAFE_CANDIDATE,
BFRAME,18275,DIFFERENT,TEXT_ONLY,UPDATE,APPLIED,SOURCE,SOURCE,OPERATIONAL,OPERATIONAL,OPERATIONAL,SOURCE,"{""name"": ""SOURCE"", ""cubic"": ""OPERATIONAL"", ""weight"": ""OPERATIONAL"", ""dimensions"": ""OPERATIONAL"", ""description"": ""SOURCE"", ""freight_type"": ""SOURCE""}",{},Recommended initial correction: Source name/description and pallet C/P rule; retain Calculator physical values pending separate review.,6,2026-09-21 22:19:44.813785+00:00,6,2026-09-21 22:33:56.705354+00:00,a14e383569824ca6bce9a4299ffe9a54,BASE FRAME,BASE FRAME,Base Frame - SKID,Base Frame - SKID,1600.000000,150.000000,150.000000,1600.0,150.0,150.0,1.6000,0.1500,0.1500,48.000000,48.0000,0.036000,0.036000,1.000000,P,P,False,False,False,False,,0,,[],True,PRODUCT_RECONCILIATION,8d567eb211a7d236bc97b2b66450ef9b8a97d15279c0f3779f164aea2a97854b,8ade0fe6beeb1b82ba1751ec3f28aa45e09081d67c2a79ba4236d5dd3a3da1ab,"{""schema"": 1, ""row_action"": ""UPDATE"", ""apply_batch_id"": ""a14e383569824ca6bce9a4299ffe9a54"", ""approved_values"": {""name"": ""BASE FRAME"", ""width_m"": ""0.1500"", ""cubic_m3"": ""0.036000"", ""height_m"": ""0.1500"", ""length_m"": ""1.6000"", ""weight_kg"": ""48.0000"", ""description"": ""Base Frame - SKID"", ""freight_type"": ""P""}, ""field_decisions"": {""name"": ""SOURCE"", ""cubic"": ""OPERATIONAL"", ""weight"": ""OPERATIONAL"", ""dimensions"": ""OPERATIONAL"", ""description"": ""SOURCE"", ""freight_type"": ""SOURCE""}, ""adopted_operational_state"": false, ""backfilled_from_applied_decision"": true}",Adopted from previously applied decision #11. Recommended initial correction: Source name/description and pallet C/P rule; retain Calculator physical values pending separate review.,2026-09-22 22:35:55.276895+00:00,2026-09-22 22:35:55.276061+00:00,1,SAFE_CANDIDATE,
BIGLIFT-2.55,18364,DIFFERENT,TEXT_ONLY,UPDATE,APPLIED,SOURCE,SOURCE,OPERATIONAL,OPERATIONAL,OPERATIONAL,SOURCE,"{""name"": ""SOURCE"", ""cubic"": ""OPERATIONAL"", ""weight"": ""OPERATIONAL"", ""dimensions"": ""OPERATIONAL"", ""description"": ""SOURCE"", ""freight_type"": ""SOURCE""}",{},Recommended initial correction: Source name/description and pallet C/P rule; retain Calculator physical values pending separate review.,6,2026-09-21 22:19:44.815208+00:00,6,2026-09-21 22:33:56.705354+00:00,a14e383569824ca6bce9a4299ffe9a54,Biglift 2.55 In-Ground Hoist,Biglift 2.55 In-Ground Hoist,Biglift 2.55 In-Ground Hoist,Biglift 2.55 In-Ground Hoist,2600.000000,1100.000000,800.000000,2600.0,1100.0,800.0,2.6000,1.1000,0.8000,770.000000,770.0000,2.288000,2.288000,1.000000,P,P,False,False,False,False,,0,,[],True,PRODUCT_RECONCILIATION,b1cded122ac319502e65a9e4b2025b803fa80763252fddc034e958dc9b5dc3f0,8af974f229498b6c8cca400135e742abf5e0a09420218069a971e31fea782912,"{""schema"": 1, ""row_action"": ""UPDATE"", ""apply_batch_id"": ""a14e383569824ca6bce9a4299ffe9a54"", ""approved_values"": {""name"": ""Biglift 2.55 In-Ground Hoist"", ""width_m"": ""1.1000"", ""cubic_m3"": ""2.288000"", ""height_m"": ""0.8000"", ""length_m"": ""2.6000"", ""weight_kg"": ""770.0000"", ""description"": ""Biglift 2.55 In-Ground Hoist"", ""freight_type"": ""P""}, ""field_decisions"": {""name"": ""SOURCE"", ""cubic"": ""OPERATIONAL"", ""weight"": ""OPERATIONAL"", ""dimensions"": ""OPERATIONAL"", ""description"": ""SOURCE"", ""freight_type"": ""SOURCE""}, ""adopted_operational_state"": false, ""backfilled_from_applied_decision"": true}",Adopted from previously applied decision #12. Recommended initial correction: Source name/description and pallet C/P rule; retain Calculator physical values pending separate review.,2026-09-22 22:35:55.280044+00:00,2026-09-22 22:35:55.279098+00:00,1,SAFE_CANDIDATE,
BRH4443,19546,DIFFERENT,SOURCE_DIMENSIONS_ZERO,UPDATE,APPLIED,SOURCE,SOURCE,OPERATIONAL,OPERATIONAL,OPERATIONAL,SOURCE,"{""name"": ""SOURCE"", ""cubic"": ""OPERATIONAL"", ""weight"": ""OPERATIONAL"", ""dimensions"": ""OPERATIONAL"", ""description"": ""SOURCE"", ""freight_type"": ""SOURCE""}",{},Recommended initial correction: Source name/description and pallet C/P rule; retain Calculator physical values pending separate review.,6,2026-09-21 22:19:44.816716+00:00,6,2026-09-21 22:33:56.705354+00:00,a14e383569824ca6bce9a4299ffe9a54,Bradbury Hoist H4443 - 3 Parts,Bradbury Hoist H4443 - 3 Parts,Bradbury Hoist H4443 - 3 Parts,Bradbury Hoist H4443 - 3 Parts,0.000000,0.000000,0.000000,4700.0,750.0,1050.0,4.7000,0.7500,1.0500,1750.000000,1750.0000,3.701000,3.701000,3.000000,P,P,True,False,False,False,,0,,[],True,PRODUCT_RECONCILIATION,2e3ccf625fa1a4e2def3a374078007b3f10a08965b4c48672ed3573dc2729f8d,e7b55c550430ce08f81446e72daa4e4fbceaf856d166d7c513f8878a9cebe984,"{""schema"": 1, ""row_action"": ""UPDATE"", ""apply_batch_id"": ""a14e383569824ca6bce9a4299ffe9a54"", ""approved_values"": {""name"": ""Bradbury Hoist H4443 - 3 Parts"", ""width_m"": ""0.7500"", ""cubic_m3"": ""3.701000"", ""height_m"": ""1.0500"", ""length_m"": ""4.7000"", ""weight_kg"": ""1750.0000"", ""description"": ""Bradbury Hoist H4443 - 3 Parts"", ""freight_type"": ""P""}, ""field_decisions"": {""name"": ""SOURCE"", ""cubic"": ""OPERATIONAL"", ""weight"": ""OPERATIONAL"", ""dimensions"": ""OPERATIONAL"", ""description"": ""SOURCE"", ""freight_type"": ""SOURCE""}, ""adopted_operational_state"": false, ""backfilled_from_applied_decision"": true}",Adopted from previously applied decision #13. Recommended initial correction: Source name/description and pallet C/P rule; retain Calculator physical values pending separate review.,2026-09-22 22:35:55.283969+00:00,2026-09-22 22:35:55.283189+00:00,1,SAFE_CANDIDATE,
BRH4543,19547,DIFFERENT,SOURCE_DIMENSIONS_ZERO,UPDATE,APPLIED,SOURCE,SOURCE,OPERATIONAL,OPERATIONAL,OPERATIONAL,SOURCE,"{""name"": ""SOURCE"", ""cubic"": ""OPERATIONAL"", ""weight"": ""OPERATIONAL"", ""dimensions"": ""OPERATIONAL"", ""description"": ""SOURCE"", ""freight_type"": ""SOURCE""}",{},Recommended initial correction: Source name/description and pallet C/P rule; retain Calculator physical values pending separate review.,6,2026-09-21 22:19:44.818131+00:00,6,2026-09-21 22:33:56.705354+00:00,a14e383569824ca6bce9a4299ffe9a54,Bradbury Hoist H4543 - 3 Parts,Bradbury Hoist H4543 - 3 Parts,Bradbury Hoist H4543 - 3 Parts,Bradbury Hoist H4543 - 3 Parts,0.000000,0.000000,0.000000,5850.0,910.0,420.0,5.8500,0.9100,0.4200,2242.000000,2242.0000,4.851000,4.851000,3.000000,P,P,True,False,False,False,,0,,[],True,PRODUCT_RECONCILIATION,e898a90267af9550355608fcd4ac47befc861c1ffcd8ae289326590131c1fd70,c3af734d25efd41dc639173c19962267a01ad6ae3c097b7ea937b433bbf86993,"{""schema"": 1, ""row_action"": ""UPDATE"", ""apply_batch_id"": ""a14e383569824ca6bce9a4299ffe9a54"", ""approved_values"": {""name"": ""Bradbury Hoist H4543 - 3 Parts"", ""width_m"": ""0.9100"", ""cubic_m3"": ""4.851000"", ""height_m"": ""0.4200"", ""length_m"": ""5.8500"", ""weight_kg"": ""2242.0000"", ""description"": ""Bradbury Hoist H4543 - 3 Parts"", ""freight_type"": ""P""}, ""field_decisions"": {""name"": ""SOURCE"", ""cubic"": ""OPERATIONAL"", ""weight"": ""OPERATIONAL"", ""dimensions"": ""OPERATIONAL"", ""description"": ""SOURCE"", ""freight_type"": ""SOURCE""}, ""adopted_operational_state"": false, ""backfilled_from_applied_decision"": true}",Adopted from previously applied decision #14. Recommended initial correction: Source name/description and pallet C/P rule; retain Calculator physical values pending separate review.,2026-09-22 22:35:55.286817+00:00,2026-09-22 22:35:55.286012+00:00,1,SAFE_CANDIDATE,
BRH4543+4,19548,DIFFERENT,SOURCE_DIMENSIONS_ZERO,UPDATE,APPLIED,SOURCE,SOURCE,OPERATIONAL,OPERATIONAL,OPERATIONAL,SOURCE,"{""name"": ""SOURCE"", ""cubic"": ""OPERATIONAL"", ""weight"": ""OPERATIONAL"", ""dimensions"": ""OPERATIONAL"", ""description"": ""SOURCE"", ""freight_type"": ""SOURCE""}",{},Recommended initial correction: Source name/description and pallet C/P rule; retain Calculator physical values pending separate review.,6,2026-09-21 22:19:44.819536+00:00,6,2026-09-21 22:33:56.705354+00:00,a14e383569824ca6bce9a4299ffe9a54,Major 5230 Bradbury  - 4 Parts,Major 5230 Bradbury  - 4 Parts,Major 5230 Bradbury Wheel Free - 4 Parts,Major 5230 Bradbury Wheel Free - 4 Parts,0.000000,0.000000,0.000000,5850.0,910.0,420.0,5.8500,0.9100,0.4200,2256.000000,2256.0000,5.069000,5.069000,4.000000,P,P,True,False,False,False,,0,,[],True,PRODUCT_RECONCILIATION,fbdf28bb08ff1a3046d9520abe74a953a853656edc42fe42b21efa162f38f973,ec7ab972141a405c16ab9e107136d0704bf1dec1e818282109668449e2327013,"{""schema"": 1, ""row_action"": ""UPDATE"", ""apply_batch_id"": ""a14e383569824ca6bce9a4299ffe9a54"", ""approved_values"": {""name"": ""Major 5230 Bradbury  - 4 Parts"", ""width_m"": ""0.9100"", ""cubic_m3"": ""5.069000"", ""height_m"": ""0.4200"", ""length_m"": ""5.8500"", ""weight_kg"": ""2256.0000"", ""description"": ""Major 5230 Bradbury Wheel Free - 4 Parts"", ""freight_type"": ""P""}, ""field_decisions"": {""name"": ""SOURCE"", ""cubic"": ""OPERATIONAL"", ""weight"": ""OPERATIONAL"", ""dimensions"": ""OPERATIONAL"", ""description"": ""SOURCE"", ""freight_type"": ""SOURCE""}, ""adopted_operational_state"": false, ""backfilled_from_applied_decision"": true}",Adopted from previously applied decision #15. Recommended initial correction: Source name/description and pallet C/P rule; retain Calculator physical values pending separate review.,2026-09-22 22:35:55.289884+00:00,2026-09-22 22:35:55.288994+00:00,1,SAFE_CANDIDATE,
CASSETTE,21641,DIFFERENT,TEXT_ONLY,UPDATE,APPLIED,SOURCE,SOURCE,OPERATIONAL,OPERATIONAL,OPERATIONAL,SOURCE,"{""name"": ""SOURCE"", ""cubic"": ""OPERATIONAL"", ""weight"": ""OPERATIONAL"", ""dimensions"": ""OPERATIONAL"", ""description"": ""SOURCE"", ""freight_type"": ""SOURCE""}",{},Recommended initial correction: Source name/description and pallet C/P rule; retain Calculator physical values pending separate review.,6,2026-09-21 22:19:44.821010+00:00,6,2026-09-21 22:33:56.705354+00:00,a14e383569824ca6bce9a4299ffe9a54,12276 - Cassette 2300mm,12276 - Cassette 2300mm,12276 - Cassette 2300mm,12276 - Cassette 2300mm,2560.000000,520.000000,2450.000000,2560.0,520.0,2450.0,2.5600,0.5200,2.4500,580.000000,580.0000,3.261000,3.261000,1.000000,P,P,False,False,False,False,,0,,[],True,PRODUCT_RECONCILIATION,b815d4240f80f1a9a59cddcb63e7ecc6346bb446e19315865f1c57cf0c55e188,ac3e471b87cdd6bbcfd82ca0e7e031658eef61217ab2b6fd8da05cd78fe05b98,"{""schema"": 1, ""row_action"": ""UPDATE"", ""apply_batch_id"": ""a14e383569824ca6bce9a4299ffe9a54"", ""approved_values"": {""name"": ""12276 - Cassette 2300mm"", ""width_m"": ""0.5200"", ""cubic_m3"": ""3.261000"", ""height_m"": ""2.4500"", ""length_m"": ""2.5600"", ""weight_kg"": ""580.0000"", ""description"": ""12276 - Cassette 2300mm"", ""freight_type"": ""P""}, ""field_decisions"": {""name"": ""SOURCE"", ""cubic"": ""OPERATIONAL"", ""weight"": ""OPERATIONAL"", ""dimensions"": ""OPERATIONAL"", ""description"": ""SOURCE"", ""freight_type"": ""SOURCE""}, ""adopted_operational_state"": false, ""backfilled_from_applied_decision"": true}",Adopted from previously applied decision #16. Recommended initial correction: Source name/description and pallet C/P rule; retain Calculator physical values pending separate review.,2026-09-22 22:35:55.292609+00:00,2026-09-22 22:35:55.291704+00:00,1,SAFE_CANDIDATE,
CASSETTE-SKODA,21642,DIFFERENT,TEXT_ONLY,UPDATE,APPLIED,SOURCE,SOURCE,OPERATIONAL,OPERATIONAL,OPERATIONAL,SOURCE,"{""name"": ""SOURCE"", ""cubic"": ""OPERATIONAL"", ""weight"": ""OPERATIONAL"", ""dimensions"": ""OPERATIONAL"", ""description"": ""SOURCE"", ""freight_type"": ""SOURCE""}",{},Recommended initial correction: Source name/description and pallet C/P rule; retain Calculator physical values pending separate review.,6,2026-09-21 22:19:44.822543+00:00,6,2026-09-21 22:33:56.705354+00:00,a14e383569824ca6bce9a4299ffe9a54,Cassette for Inground Hoist,Cassette for Inground Hoist,Cassette for Inground Hoist,Cassette for Inground Hoist,2570.000000,1560.000000,2580.000000,2570.0,1560.0,2580.0,2.5700,1.5600,2.5800,1760.000000,1760.0000,10.344000,10.344000,1.000000,P,P,False,False,False,False,,0,,[],True,PRODUCT_RECONCILIATION,b1da11455498d3d709052aaca8d588745edf72e7d33146a097cef31cf1b327a6,14c3f2de8cc77d4e3c39507da005a1bdf7c5307b2b00a695bda2785411926af6,"{""schema"": 1, ""row_action"": ""UPDATE"", ""apply_batch_id"": ""a14e383569824ca6bce9a4299ffe9a54"", ""approved_values"": {""name"": ""Cassette for Inground Hoist"", ""width_m"": ""1.5600"", ""cubic_m3"": ""10.344000"", ""height_m"": ""2.5800"", ""length_m"": ""2.5700"", ""weight_kg"": ""1760.0000"", ""description"": ""Cassette for Inground Hoist"", ""freight_type"": ""P""}, ""field_decisions"": {""name"": ""SOURCE"", ""cubic"": ""OPERATIONAL"", ""weight"": ""OPERATIONAL"", ""dimensions"": ""OPERATIONAL"", ""description"": ""SOURCE"", ""freight_type"": ""SOURCE""}, ""adopted_operational_state"": false, ""backfilled_from_applied_decision"": true}",Adopted from previously applied decision #17. Recommended initial correction: Source name/description and pallet C/P rule; retain Calculator physical values pending separate review.,2026-09-22 22:35:55.300191+00:00,2026-09-22 22:35:55.298837+00:00,1,SAFE_CANDIDATE,
CASSETTE12103,21643,DIFFERENT,TEXT_ONLY,UPDATE,APPLIED,SOURCE,SOURCE,OPERATIONAL,OPERATIONAL,OPERATIONAL,SOURCE,"{""name"": ""SOURCE"", ""cubic"": ""OPERATIONAL"", ""weight"": ""OPERATIONAL"", ""dimensions"": ""OPERATIONAL"", ""description"": ""SOURCE"", ""freight_type"": ""SOURCE""}",{},Recommended initial correction: Source name/description and pallet C/P rule; retain Calculator physical values pending separate review.,6,2026-09-21 22:19:44.824129+00:00,6,2026-09-21 22:33:56.705354+00:00,a14e383569824ca6bce9a4299ffe9a54,12103 - Cassette 2300mm,12103 - Cassette 2300mm,12103- Cassette 2300mm,12103- Cassette 2300mm,2560.000000,520.000000,2450.000000,2560.0,520.0,2450.0,2.5600,0.5200,2.4500,580.000000,580.0000,3.261000,3.261000,1.000000,P,P,False,False,False,False,,0,,[],True,PRODUCT_RECONCILIATION,d17b2a6415fe773e45abaf3694839ef6bfaa1171bf139e68b1803e55aedc2f24,60db3b0a3c4973b1c6b96aa24928fda6fe7119bbf05b13b1b02eaefd67cf8f67,"{""schema"": 1, ""row_action"": ""UPDATE"", ""apply_batch_id"": ""a14e383569824ca6bce9a4299ffe9a54"", ""approved_values"": {""name"": ""12103 - Cassette 2300mm"", ""width_m"": ""0.5200"", ""cubic_m3"": ""3.261000"", ""height_m"": ""2.4500"", ""length_m"": ""2.5600"", ""weight_kg"": ""580.0000"", ""description"": ""12103- Cassette 2300mm"", ""freight_type"": ""P""}, ""field_decisions"": {""name"": ""SOURCE"", ""cubic"": ""OPERATIONAL"", ""weight"": ""OPERATIONAL"", ""dimensions"": ""OPERATIONAL"", ""description"": ""SOURCE"", ""freight_type"": ""SOURCE""}, ""adopted_operational_state"": false, ""backfilled_from_applied_decision"": true}",Adopted from previously applied decision #18. Recommended initial correction: Source name/description and pallet C/P rule; retain Calculator physical values pending separate review.,2026-09-22 22:35:55.295688+00:00,2026-09-22 22:35:55.294595+00:00,1,SAFE_CANDIDATE,
CM245-A,22535,DIFFERENT,TEXT_ONLY,UPDATE,APPLIED,SOURCE,SOURCE,OPERATIONAL,OPERATIONAL,OPERATIONAL,SOURCE,"{""name"": ""SOURCE"", ""cubic"": ""OPERATIONAL"", ""weight"": ""OPERATIONAL"", ""dimensions"": ""OPERATIONAL"", ""description"": ""SOURCE"", ""freight_type"": ""SOURCE""}",{},Recommended initial correction: Source name/description and pallet C/P rule; retain Calculator physical values pending separate review.,6,2026-09-21 22:19:44.825804+00:00,6,2026-09-21 22:33:56.705354+00:00,a14e383569824ca6bce9a4299ffe9a54,Electro-Hydraulic Two Post Hst,Electro-Hydraulic Two Post Hst,Electro-Hydraulic Two Post Hoist,Electro-Hydraulic Two Post Hoist,4000.000000,930.000000,520.000000,4000.0,930.0,520.0,4.0000,0.9300,0.5200,947.000000,947.0000,1.934000,1.934000,1.000000,P,P,False,False,False,False,,0,,[],True,PRODUCT_RECONCILIATION,93deff72321b3c93b5d913fc60ffea1736064ff46c8ab09aa07e1ebe34874cb2,62bcb9fa3b1b12721004854a24d2c84b09776c2ea6ca3e3c27c4b48bdf55cd6d,"{""schema"": 1, ""row_action"": ""UPDATE"", ""apply_batch_id"": ""a14e383569824ca6bce9a4299ffe9a54"", ""approved_values"": {""name"": ""Electro-Hydraulic Two Post Hst"", ""width_m"": ""0.9300"", ""cubic_m3"": ""1.934000"", ""height_m"": ""0.5200"", ""length_m"": ""4.0000"", ""weight_kg"": ""947.0000"", ""description"": ""Electro-Hydraulic Two Post Hoist"", ""freight_type"": ""P""}, ""field_decisions"": {""name"": ""SOURCE"", ""cubic"": ""OPERATIONAL"", ""weight"": ""OPERATIONAL"", ""dimensions"": ""OPERATIONAL"", ""description"": ""SOURCE"", ""freight_type"": ""SOURCE""}, ""adopted_operational_state"": false, ""backfilled_from_applied_decision"": true}",Adopted from previously applied decision #19. Recommended initial correction: Source name/description and pallet C/P rule; retain Calculator physical values pending separate review.,2026-09-22 22:35:55.304706+00:00,2026-09-22 22:35:55.303520+00:00,1,SAFE_CANDIDATE,
CM245-A-1PH,22536,DIFFERENT,TEXT_ONLY,UPDATE,APPLIED,SOURCE,SOURCE,OPERATIONAL,OPERATIONAL,OPERATIONAL,SOURCE,"{""name"": ""SOURCE"", ""cubic"": ""OPERATIONAL"", ""weight"": ""OPERATIONAL"", ""dimensions"": ""OPERATIONAL"", ""description"": ""SOURCE"", ""freight_type"": ""SOURCE""}",{},Recommended initial correction: Source name/description and pallet C/P rule; retain Calculator physical values pending separate review.,6,2026-09-21 22:19:44.827625+00:00,6,2026-09-21 22:33:56.705354+00:00,a14e383569824ca6bce9a4299ffe9a54,Electro-Hydr Two Post Hst 1PH,Electro-Hydr Two Post Hst 1PH,Electro-Hydraulic Two Post Hoist Single Phase (1PH),Electro-Hydraulic Two Post Hoist Single Phase (1PH),4000.000000,930.000000,520.000000,4000.0,930.0,520.0,4.0000,0.9300,0.5200,947.000000,947.0000,1.934000,1.934000,1.000000,P,P,False,False,False,False,,0,,[],True,PRODUCT_RECONCILIATION,f60f90ffd50735da66c7b21a4528130d612662b8ad78aeb6afbb8e12d960b8ec,15626c3d05f842bc09017f79499f8bde05b20f26e137ae7adaf86d874480d27d,"{""schema"": 1, ""row_action"": ""UPDATE"", ""apply_batch_id"": ""a14e383569824ca6bce9a4299ffe9a54"", ""approved_values"": {""name"": ""Electro-Hydr Two Post Hst 1PH"", ""width_m"": ""0.9300"", ""cubic_m3"": ""1.934000"", ""height_m"": ""0.5200"", ""length_m"": ""4.0000"", ""weight_kg"": ""947.0000"", ""description"": ""Electro-Hydraulic Two Post Hoist Single Phase (1PH)"", ""freight_type"": ""P""}, ""field_decisions"": {""name"": ""SOURCE"", ""cubic"": ""OPERATIONAL"", ""weight"": ""OPERATIONAL"", ""dimensions"": ""OPERATIONAL"", ""description"": ""SOURCE"", ""freight_type"": ""SOURCE""}, ""adopted_operational_state"": false, ""backfilled_from_applied_decision"": true}",Adopted from previously applied decision #20. Recommended initial correction: Source name/description and pallet C/P rule; retain Calculator physical values pending separate review.,2026-09-22 22:35:55.308490+00:00,2026-09-22 22:35:55.307209+00:00,1,SAFE_CANDIDATE,
CM245-A-Q,22538,DIFFERENT,TEXT_ONLY,UPDATE,APPLIED,SOURCE,SOURCE,OPERATIONAL,OPERATIONAL,OPERATIONAL,SOURCE,"{""name"": ""SOURCE"", ""cubic"": ""OPERATIONAL"", ""weight"": ""OPERATIONAL"", ""dimensions"": ""OPERATIONAL"", ""description"": ""SOURCE"", ""freight_type"": ""SOURCE""}",{},Recommended initial correction: Source name/description and pallet C/P rule; retain Calculator physical values pending separate review.,6,2026-09-21 22:19:44.829147+00:00,6,2026-09-21 22:33:56.705354+00:00,a14e383569824ca6bce9a4299ffe9a54,Elec-Hyd TwoPost - Quarantine,Elec-Hyd TwoPost - Quarantine,Electro-Hydraulic Two Post Hoist - Missing Parts,Electro-Hydraulic Two Post Hoist - Missing Parts,4000.000000,930.000000,520.000000,4000.0,930.0,520.0,4.0000,0.9300,0.5200,947.000000,947.0000,1.934000,1.934000,1.000000,P,P,False,False,False,False,,0,,[],True,PRODUCT_RECONCILIATION,ab36961bb2d7317df293be44c6c83cae8d783e29a10ffe1cbde8feef8c68ef64,471b099c0a2336298c6ccc957434acdd40378326fdac992f8684dff75263eb48,"{""schema"": 1, ""row_action"": ""UPDATE"", ""apply_batch_id"": ""a14e383569824ca6bce9a4299ffe9a54"", ""approved_values"": {""name"": ""Elec-Hyd TwoPost - Quarantine"", ""width_m"": ""0.9300"", ""cubic_m3"": ""1.934000"", ""height_m"": ""0.5200"", ""length_m"": ""4.0000"", ""weight_kg"": ""947.0000"", ""description"": ""Electro-Hydraulic Two Post Hoist - Missing Parts"", ""freight_type"": ""P""}, ""field_decisions"": {""name"": ""SOURCE"", ""cubic"": ""OPERATIONAL"", ""weight"": ""OPERATIONAL"", ""dimensions"": ""OPERATIONAL"", ""description"": ""SOURCE"", ""freight_type"": ""SOURCE""}, ""adopted_operational_state"": false, ""backfilled_from_applied_decision"": true}",Adopted from previously applied decision #21. Recommended initial correction: Source name/description and pallet C/P rule; retain Calculator physical values pending separate review.,2026-09-22 22:35:55.312906+00:00,2026-09-22 22:35:55.311556+00:00,1,SAFE_CANDIDATE,
CM245-AS,22540,DIFFERENT,TEXT_ONLY,UPDATE,APPLIED,SOURCE,SOURCE,OPERATIONAL,OPERATIONAL,OPERATIONAL,SOURCE,"{""name"": ""SOURCE"", ""cubic"": ""OPERATIONAL"", ""weight"": ""OPERATIONAL"", ""dimensions"": ""OPERATIONAL"", ""description"": ""SOURCE"", ""freight_type"": ""SOURCE""}",{},Recommended initial correction: Source name/description and pallet C/P rule; retain Calculator physical values pending separate review.,6,2026-09-21 22:19:44.830525+00:00,6,2026-09-21 22:33:56.705354+00:00,a14e383569824ca6bce9a4299ffe9a54,Electro-Hydraulic 2 Post Hoist,Electro-Hydraulic 2 Post Hoist,Electro-Hydraulic Two Post Hoist,Electro-Hydraulic Two Post Hoist,2930.000000,1120.000000,500.000000,2930.0,1120.0,500.0,2.9300,1.1200,0.5000,825.000000,825.0000,1.641000,1.641000,1.000000,P,P,False,False,False,False,,0,,[],True,PRODUCT_RECONCILIATION,b5b91c02de173f6e0f4d8cae7c597e4d79ad4b6f9f4039f57e331fd3f0b0fd64,c936f0ec867b1b7a95b10feeef21a602e5f5933e58d13c53000f3fd281f8b07b,"{""schema"": 1, ""row_action"": ""UPDATE"", ""apply_batch_id"": ""a14e383569824ca6bce9a4299ffe9a54"", ""approved_values"": {""name"": ""Electro-Hydraulic 2 Post Hoist"", ""width_m"": ""1.1200"", ""cubic_m3"": ""1.641000"", ""height_m"": ""0.5000"", ""length_m"": ""2.9300"", ""weight_kg"": ""825.0000"", ""description"": ""Electro-Hydraulic Two Post Hoist"", ""freight_type"": ""P""}, ""field_decisions"": {""name"": ""SOURCE"", ""cubic"": ""OPERATIONAL"", ""weight"": ""OPERATIONAL"", ""dimensions"": ""OPERATIONAL"", ""description"": ""SOURCE"", ""freight_type"": ""SOURCE""}, ""adopted_operational_state"": false, ""backfilled_from_applied_decision"": true}",Adopted from previously applied decision #22. Recommended initial correction: Source name/description and pallet C/P rule; retain Calculator physical values pending separate review.,2026-09-22 22:35:55.316801+00:00,2026-09-22 22:35:55.315708+00:00,1,SAFE_CANDIDATE,
CM245-AS-1PH,22542,DIFFERENT,TEXT_ONLY,UPDATE,APPLIED,SOURCE,SOURCE,OPERATIONAL,OPERATIONAL,OPERATIONAL,SOURCE,"{""name"": ""SOURCE"", ""cubic"": ""OPERATIONAL"", ""weight"": ""OPERATIONAL"", ""dimensions"": ""OPERATIONAL"", ""description"": ""SOURCE"", ""freight_type"": ""SOURCE""}",{},Recommended initial correction: Source name/description and pallet C/P rule; retain Calculator physical values pending separate review.,6,2026-09-21 22:19:44.831974+00:00,6,2026-09-21 22:33:56.705354+00:00,a14e383569824ca6bce9a4299ffe9a54,Electro-Hydraulic 2 Post Hoist,Electro-Hydraulic 2 Post Hoist,Electro-Hydraulic Two Post Hoist (Single Phase),Electro-Hydraulic Two Post Hoist (Single Phase),2930.000000,1120.000000,500.000000,2930.0,1120.0,500.0,2.9300,1.1200,0.5000,825.000000,825.0000,1.641000,1.641000,1.000000,P,P,False,False,False,False,,0,,[],True,PRODUCT_RECONCILIATION,e0c882a2142fa59099aef75ec5a9964d67880021f7a2c2b0607c7dcdab6da784,fb1add852d5926cb2a1f466a09ca56dd8d9a214fbcb49a6f2d3814cb4b266e2c,"{""schema"": 1, ""row_action"": ""UPDATE"", ""apply_batch_id"": ""a14e383569824ca6bce9a4299ffe9a54"", ""approved_values"": {""name"": ""Electro-Hydraulic 2 Post Hoist"", ""width_m"": ""1.1200"", ""cubic_m3"": ""1.641000"", ""height_m"": ""0.5000"", ""length_m"": ""2.9300"", ""weight_kg"": ""825.0000"", ""description"": ""Electro-Hydraulic Two Post Hoist (Single Phase)"", ""freight_type"": ""P""}, ""field_decisions"": {""name"": ""SOURCE"", ""cubic"": ""OPERATIONAL"", ""weight"": ""OPERATIONAL"", ""dimensions"": ""OPERATIONAL"", ""description"": ""SOURCE"", ""freight_type"": ""SOURCE""}, ""adopted_operational_state"": false, ""backfilled_from_applied_decision"": true}",Adopted from previously applied decision #23. Recommended initial correction: Source name/description and pallet C/P rule; retain Calculator physical values pending separate review.,2026-09-22 22:35:55.319963+00:00,2026-09-22 22:35:55.318895+00:00,1,SAFE_CANDIDATE,
CM245-AS-SPKIT,22550,DIFFERENT,SOURCE_DIMENSIONS_ZERO,UPDATE,APPLIED,SOURCE,SOURCE,OPERATIONAL,OPERATIONAL,OPERATIONAL,SOURCE,"{""name"": ""SOURCE"", ""cubic"": ""OPERATIONAL"", ""weight"": ""OPERATIONAL"", ""dimensions"": ""OPERATIONAL"", ""description"": ""SOURCE"", ""freight_type"": ""SOURCE""}",{},Recommended initial correction: Source name/description and pallet C/P rule; retain Calculator physical values pending separate review.,6,2026-09-21 22:19:44.833432+00:00,6,2026-09-21 22:33:56.705354+00:00,a14e383569824ca6bce9a4299ffe9a54,CM245-AS Spacer Kit,CM245-AS Spacer Kit,CM245-AS Spacer Kit,CM245-AS Spacer Kit,0.000000,0.000000,0.000000,180.0,160.0,90.0,0.1800,0.1600,0.0900,1.000000,210.0000,0.002600,0.545000,1.000000,P,P,True,True,True,False,,0,,[],True,PRODUCT_RECONCILIATION,75c17cfbfffeeedf519b09f337bbeb86a235d78678e1e03e299851d3eec784f0,d934f6a0314fadb3b36bc9065bc1b68b652c9947a49c03283ef12229c8ff0a85,"{""schema"": 1, ""row_action"": ""UPDATE"", ""apply_batch_id"": ""a14e383569824ca6bce9a4299ffe9a54"", ""approved_values"": {""name"": ""CM245-AS Spacer Kit"", ""width_m"": ""0.1600"", ""cubic_m3"": ""0.545000"", ""height_m"": ""0.0900"", ""length_m"": ""0.1800"", ""weight_kg"": ""210.0000"", ""description"": ""CM245-AS Spacer Kit"", ""freight_type"": ""P""}, ""field_decisions"": {""name"": ""SOURCE"", ""cubic"": ""OPERATIONAL"", ""weight"": ""OPERATIONAL"", ""dimensions"": ""OPERATIONAL"", ""description"": ""SOURCE"", ""freight_type"": ""SOURCE""}, ""adopted_operational_state"": false, ""backfilled_from_applied_decision"": true}",Adopted from previously applied decision #24. Recommended initial correction: Source name/description and pallet C/P rule; retain Calculator physical values pending separate review.,2026-09-22 22:35:55.323451+00:00,2026-09-22 22:35:55.322492+00:00,1,SAFE_CANDIDATE,
CM255-A,22552,DIFFERENT,PHYSICAL_DIFFERENCES,UPDATE,APPLIED,SOURCE,SOURCE,OPERATIONAL,OPERATIONAL,OPERATIONAL,SOURCE,"{""name"": ""SOURCE"", ""cubic"": ""OPERATIONAL"", ""weight"": ""OPERATIONAL"", ""dimensions"": ""OPERATIONAL"", ""description"": ""SOURCE"", ""freight_type"": ""SOURCE""}",{},Recommended initial correction: Source name/description and pallet C/P rule; retain Calculator physical values pending separate review.,6,2026-09-21 22:19:44.834867+00:00,6,2026-09-21 22:33:56.705354+00:00,a14e383569824ca6bce9a4299ffe9a54,2 Post 5.5T Hoist - RAL2002,2 Post 5.5T Hoist - RAL2002,2 Post 5.5T Hoist -  MASCOT (RAL2002),2 Post 5.5T Hoist -  MASCOT (RAL2002),4000.000000,1010.000000,690.000000,4000.0,1010.0,690.0,4.0000,1.0100,0.6900,1058.000000,1058.0000,3.074000,2.788000,1.000000,P,P,False,False,True,False,,0,,[],True,PRODUCT_RECONCILIATION,3ffa6705e13f61f3ebb71899de5151c9b3317a14efe57e6430a3bc4c5a8e76b3,c7a13c4142eb12ab33a9c8ab37052ae2dcc60fe0f9d28c1aa8c4d93f8f840e39,"{""schema"": 1, ""row_action"": ""UPDATE"", ""apply_batch_id"": ""a14e383569824ca6bce9a4299ffe9a54"", ""approved_values"": {""name"": ""2 Post 5.5T Hoist - RAL2002"", ""width_m"": ""1.0100"", ""cubic_m3"": ""2.788000"", ""height_m"": ""0.6900"", ""length_m"": ""4.0000"", ""weight_kg"": ""1058.0000"", ""description"": ""2 Post 5.5T Hoist -  MASCOT (RAL2002)"", ""freight_type"": ""P""}, ""field_decisions"": {""name"": ""SOURCE"", ""cubic"": ""OPERATIONAL"", ""weight"": ""OPERATIONAL"", ""dimensions"": ""OPERATIONAL"", ""description"": ""SOURCE"", ""freight_type"": ""SOURCE""}, ""adopted_operational_state"": false, ""backfilled_from_applied_decision"": true}",Adopted from previously applied decision #25. Recommended initial correction: Source name/description and pallet C/P rule; retain Calculator physical values pending separate review.,2026-09-22 22:35:55.326756+00:00,2026-09-22 22:35:55.325756+00:00,1,SAFE_CANDIDATE,
CM350-LS,22557,DIFFERENT,PHYSICAL_DIFFERENCES,UPDATE,APPLIED,SOURCE,SOURCE,OPERATIONAL,OPERATIONAL,OPERATIONAL,SOURCE,"{""name"": ""SOURCE"", ""cubic"": ""OPERATIONAL"", ""weight"": ""OPERATIONAL"", ""dimensions"": ""OPERATIONAL"", ""description"": ""SOURCE"", ""freight_type"": ""SOURCE""}",{},Recommended initial correction: Source name/description and pallet C/P rule; retain Calculator physical values pending separate review.,6,2026-09-21 22:19:44.836309+00:00,6,2026-09-21 22:33:56.705354+00:00,a14e383569824ca6bce9a4299ffe9a54,Mid Rise Scissor 3.5T 2Parts,Mid Rise Scissor 3.5T 2Parts,Mid Rise Scissor 3.5T - This has 2  Parts to it.,Mid Rise Scissor 3.5T - This has 2  Parts to it.,2180.000000,2080.000000,520.000000,2180.0,2080.0,560.0,2.1800,2.0800,0.5600,689.000000,689.0000,1.319000,1.319000,2.000000,P,P,True,False,False,False,,0,,[],True,PRODUCT_RECONCILIATION,fcd5241b5e4ba10e7505b3b29dc43f9ff95e8e83be8d9700314221b3b09b0c6d,0a917750157d2133a4e3963b77c756871588bd8af8969b056635aef448f33e1a,"{""schema"": 1, ""row_action"": ""UPDATE"", ""apply_batch_id"": ""a14e383569824ca6bce9a4299ffe9a54"", ""approved_values"": {""name"": ""Mid Rise Scissor 3.5T 2Parts"", ""width_m"": ""2.0800"", ""cubic_m3"": ""1.319000"", ""height_m"": ""0.5600"", ""length_m"": ""2.1800"", ""weight_kg"": ""689.0000"", ""description"": ""Mid Rise Scissor 3.5T - This has 2  Parts to it."", ""freight_type"": ""P""}, ""field_decisions"": {""name"": ""SOURCE"", ""cubic"": ""OPERATIONAL"", ""weight"": ""OPERATIONAL"", ""dimensions"": ""OPERATIONAL"", ""description"": ""SOURCE"", ""freight_type"": ""SOURCE""}, ""adopted_operational_state"": false, ""backfilled_from_applied_decision"": true}",Adopted from previously applied decision #26. Recommended initial correction: Source name/description and pallet C/P rule; retain Calculator physical values pending separate review.,2026-09-22 22:35:55.330020+00:00,2026-09-22 22:35:55.329209+00:00,1,SAFE_CANDIDATE,
CM360,22558,DIFFERENT,PHYSICAL_DIFFERENCES,UPDATE,APPLIED,SOURCE,SOURCE,OPERATIONAL,OPERATIONAL,OPERATIONAL,SOURCE,"{""name"": ""SOURCE"", ""cubic"": ""OPERATIONAL"", ""weight"": ""OPERATIONAL"", ""dimensions"": ""OPERATIONAL"", ""description"": ""SOURCE"", ""freight_type"": ""SOURCE""}",{},Recommended initial correction: Source name/description and pallet C/P rule; retain Calculator physical values pending separate review.,6,2026-09-21 22:19:44.837807+00:00,6,2026-09-21 22:33:56.705354+00:00,a14e383569824ca6bce9a4299ffe9a54,Double Scissor 3.6T 2PT,Double Scissor 3.6T 2PT,Double Scissor 3.6T has 2 Crates,Double Scissor 3.6T has 2 Crates,1700.000000,720.000000,860.000000,1700.0,720.0,860.0,1.7000,0.7200,0.8600,848.000000,792.0000,0.803000,1.052000,2.000000,P,P,False,True,True,False,,0,,[],True,PRODUCT_RECONCILIATION,3bd8a9b17ee65d1e6df7ab38fcb3959bca872cc9590b8bcaba97fd08e0bba7ae,2a8ff52169a647e510520123bef21fa428a957a8eb23c8bd15981c71f599f38d,"{""schema"": 1, ""row_action"": ""UPDATE"", ""apply_batch_id"": ""a14e383569824ca6bce9a4299ffe9a54"", ""approved_values"": {""name"": ""Double Scissor 3.6T 2PT"", ""width_m"": ""0.7200"", ""cubic_m3"": ""1.052000"", ""height_m"": ""0.8600"", ""length_m"": ""1.7000"", ""weight_kg"": ""792.0000"", ""description"": ""Double Scissor 3.6T has 2 Crates"", ""freight_type"": ""P""}, ""field_decisions"": {""name"": ""SOURCE"", ""cubic"": ""OPERATIONAL"", ""weight"": ""OPERATIONAL"", ""dimensions"": ""OPERATIONAL"", ""description"": ""SOURCE"", ""freight_type"": ""SOURCE""}, ""adopted_operational_state"": false, ""backfilled_from_applied_decision"": true}",Adopted from previously applied decision #27. Recommended initial correction: Source name/description and pallet C/P rule; retain Calculator physical values pending separate review.,2026-09-22 22:35:55.332780+00:00,2026-09-22 22:35:55.331895+00:00,1,SAFE_CANDIDATE,
CM5500-A,22564,DIFFERENT,TEXT_ONLY,UPDATE,APPLIED,SOURCE,SOURCE,OPERATIONAL,OPERATIONAL,OPERATIONAL,SOURCE,"{""name"": ""SOURCE"", ""cubic"": ""OPERATIONAL"", ""weight"": ""OPERATIONAL"", ""dimensions"": ""OPERATIONAL"", ""description"": ""SOURCE"", ""freight_type"": ""SOURCE""}",{},Recommended initial correction: Source name/description and pallet C/P rule; retain Calculator physical values pending separate review.,6,2026-09-21 22:19:44.839236+00:00,6,2026-09-21 22:33:56.705354+00:00,a14e383569824ca6bce9a4299ffe9a54,Platform Scissor 5.5T4.6m,Platform Scissor 5.5T4.6m,Platform Scissor 5.5T4.6m,Platform Scissor 5.5T4.6m,5300.000000,780.000000,750.000000,5300.0,780.0,750.0,5.3000,0.7800,0.7500,3055.000000,3055.0000,3.101000,3.101000,3.000000,P,P,False,False,False,False,,0,,[],True,PRODUCT_RECONCILIATION,9070d66c9c6daaadbbf14be52d367ec96a184df2666dbc854c337994cbee9c24,21762bd4ebde51860f0c8b56b81c38685eecaaea13bb6051414e80ef82f466b7,"{""schema"": 1, ""row_action"": ""UPDATE"", ""apply_batch_id"": ""a14e383569824ca6bce9a4299ffe9a54"", ""approved_values"": {""name"": ""Platform Scissor 5.5T4.6m"", ""width_m"": ""0.7800"", ""cubic_m3"": ""3.101000"", ""height_m"": ""0.7500"", ""length_m"": ""5.3000"", ""weight_kg"": ""3055.0000"", ""description"": ""Platform Scissor 5.5T4.6m"", ""freight_type"": ""P""}, ""field_decisions"": {""name"": ""SOURCE"", ""cubic"": ""OPERATIONAL"", ""weight"": ""OPERATIONAL"", ""dimensions"": ""OPERATIONAL"", ""description"": ""SOURCE"", ""freight_type"": ""SOURCE""}, ""adopted_operational_state"": false, ""backfilled_from_applied_decision"": true}",Adopted from previously applied decision #28. Recommended initial correction: Source name/description and pallet C/P rule; retain Calculator physical values pending separate review.,2026-09-22 22:35:55.335683+00:00,2026-09-22 22:35:55.334777+00:00,1,SAFE_CANDIDATE,
CM5500-AL,22566,DIFFERENT,PHYSICAL_DIFFERENCES,UPDATE,APPLIED,SOURCE,SOURCE,OPERATIONAL,OPERATIONAL,OPERATIONAL,SOURCE,"{""name"": ""SOURCE"", ""cubic"": ""OPERATIONAL"", ""weight"": ""OPERATIONAL"", ""dimensions"": ""OPERATIONAL"", ""description"": ""SOURCE"", ""freight_type"": ""SOURCE""}",{},Recommended initial correction: Source name/description and pallet C/P rule; retain Calculator physical values pending separate review.,6,2026-09-21 22:19:44.841056+00:00,6,2026-09-21 22:33:56.705354+00:00,a14e383569824ca6bce9a4299ffe9a54,Platform Scissor 5.5T 3Parts,Platform Scissor 5.5T 3Parts,Platform Scissor 5.5T 3 Parts,Platform Scissor 5.5T 3 Parts,5300.000000,780.000000,750.000000,5220.0,1380.0,760.0,5.2200,1.3800,0.7600,3058.000000,3058.0000,3.642000,3.642000,3.000000,P,P,True,False,False,False,,0,,[],True,PRODUCT_RECONCILIATION,93d211ae0a76a1701453a217f65f255049e7dccbb4d05ea2a6befb6d078e999f,d329d076968c92532d5b2a28249f9d9b4c008f25a8f62576ea4c43e1a35d9380,"{""schema"": 1, ""row_action"": ""UPDATE"", ""apply_batch_id"": ""a14e383569824ca6bce9a4299ffe9a54"", ""approved_values"": {""name"": ""Platform Scissor 5.5T 3Parts"", ""width_m"": ""1.3800"", ""cubic_m3"": ""3.642000"", ""height_m"": ""0.7600"", ""length_m"": ""5.2200"", ""weight_kg"": ""3058.0000"", ""description"": ""Platform Scissor 5.5T 3 Parts"", ""freight_type"": ""P""}, ""field_decisions"": {""name"": ""SOURCE"", ""cubic"": ""OPERATIONAL"", ""weight"": ""OPERATIONAL"", ""dimensions"": ""OPERATIONAL"", ""description"": ""SOURCE"", ""freight_type"": ""SOURCE""}, ""adopted_operational_state"": false, ""backfilled_from_applied_decision"": true}",Adopted from previously applied decision #29. Recommended initial correction: Source name/description and pallet C/P rule; retain Calculator physical values pending separate review.,2026-09-22 22:35:55.338759+00:00,2026-09-22 22:35:55.337971+00:00,1,SAFE_CANDIDATE,
CRATE01,22817,DIFFERENT,PHYSICAL_DIFFERENCES,UPDATE,APPLIED,SOURCE,SOURCE,OPERATIONAL,OPERATIONAL,OPERATIONAL,SOURCE,"{""name"": ""SOURCE"", ""cubic"": ""OPERATIONAL"", ""weight"": ""OPERATIONAL"", ""dimensions"": ""OPERATIONAL"", ""description"": ""SOURCE"", ""freight_type"": ""SOURCE""}",{},Recommended initial correction: Source name/description and pallet C/P rule; retain Calculator physical values pending separate review.,6,2026-09-21 22:19:44.842786+00:00,6,2026-09-21 22:33:56.705354+00:00,a14e383569824ca6bce9a4299ffe9a54,Crate of Spare Parts,Crate of Spare Parts,Crate of Spare Parts,Crate of Spare Parts,1480.000000,1000.000000,840.000000,1480.0,1000.0,840.0,1.4800,1.0000,0.8400,259.000000,259.0000,0.000000,0.001000,1.000000,P,P,False,False,True,False,,0,,[],True,PRODUCT_RECONCILIATION,1b71485bd9e608800780cb70b5dc7d4fd0f55e2322a4145a5936c67afb642a38,d3a69a6882c911c04a6743244c8d721da6000446cec927fd11e465838914e432,"{""schema"": 1, ""row_action"": ""UPDATE"", ""apply_batch_id"": ""a14e383569824ca6bce9a4299ffe9a54"", ""approved_values"": {""name"": ""Crate of Spare Parts"", ""width_m"": ""1.0000"", ""cubic_m3"": ""0.001000"", ""height_m"": ""0.8400"", ""length_m"": ""1.4800"", ""weight_kg"": ""259.0000"", ""description"": ""Crate of Spare Parts"", ""freight_type"": ""P""}, ""field_decisions"": {""name"": ""SOURCE"", ""cubic"": ""OPERATIONAL"", ""weight"": ""OPERATIONAL"", ""dimensions"": ""OPERATIONAL"", ""description"": ""SOURCE"", ""freight_type"": ""SOURCE""}, ""adopted_operational_state"": false, ""backfilled_from_applied_decision"": true}",Adopted from previously applied decision #30. Recommended initial correction: Source name/description and pallet C/P rule; retain Calculator physical values pending separate review.,2026-09-22 22:35:55.341401+00:00,2026-09-22 22:35:55.340547+00:00,1,SAFE_CANDIDATE,
CRATE02,22818,DIFFERENT,TEXT_ONLY,UPDATE,APPLIED,SOURCE,SOURCE,OPERATIONAL,OPERATIONAL,OPERATIONAL,SOURCE,"{""name"": ""SOURCE"", ""cubic"": ""OPERATIONAL"", ""weight"": ""OPERATIONAL"", ""dimensions"": ""OPERATIONAL"", ""description"": ""SOURCE"", ""freight_type"": ""SOURCE""}",{},Recommended initial correction: Source name/description and pallet C/P rule; retain Calculator physical values pending separate review.,6,2026-09-21 22:19:44.844351+00:00,6,2026-09-21 22:33:56.705354+00:00,a14e383569824ca6bce9a4299ffe9a54,Crate of Spare Parts,Crate of Spare Parts,Crate of Spare Parts,Crate of Spare Parts,1020.000000,720.000000,760.000000,1020.0,720.0,760.0,1.0200,0.7200,0.7600,53.000000,53.0000,0.558000,0.558000,1.000000,P,P,False,False,False,False,,0,,[],True,PRODUCT_RECONCILIATION,51448d326b9c505ed92b214ed16c98796cd2822bb7ea8f936ad43ac451d1972a,914e90aea2d7b59ca27cd42133ee5c27564478d73d9f3c9246af7379d06b101f,"{""schema"": 1, ""row_action"": ""UPDATE"", ""apply_batch_id"": ""a14e383569824ca6bce9a4299ffe9a54"", ""approved_values"": {""name"": ""Crate of Spare Parts"", ""width_m"": ""0.7200"", ""cubic_m3"": ""0.558000"", ""height_m"": ""0.7600"", ""length_m"": ""1.0200"", ""weight_kg"": ""53.0000"", ""description"": ""Crate of Spare Parts"", ""freight_type"": ""P""}, ""field_decisions"": {""name"": ""SOURCE"", ""cubic"": ""OPERATIONAL"", ""weight"": ""OPERATIONAL"", ""dimensions"": ""OPERATIONAL"", ""description"": ""SOURCE"", ""freight_type"": ""SOURCE""}, ""adopted_operational_state"": false, ""backfilled_from_applied_decision"": true}",Adopted from previously applied decision #31. Recommended initial correction: Source name/description and pallet C/P rule; retain Calculator physical values pending separate review.,2026-09-22 22:35:55.344117+00:00,2026-09-22 22:35:55.343276+00:00,1,SAFE_CANDIDATE,
CRATE03,22819,DIFFERENT,TEXT_ONLY,UPDATE,APPLIED,SOURCE,SOURCE,OPERATIONAL,OPERATIONAL,OPERATIONAL,SOURCE,"{""name"": ""SOURCE"", ""cubic"": ""OPERATIONAL"", ""weight"": ""OPERATIONAL"", ""dimensions"": ""OPERATIONAL"", ""description"": ""SOURCE"", ""freight_type"": ""SOURCE""}",{},Recommended initial correction: Source name/description and pallet C/P rule; retain Calculator physical values pending separate review.,6,2026-09-21 22:19:44.845901+00:00,6,2026-09-21 22:33:56.705354+00:00,a14e383569824ca6bce9a4299ffe9a54,Crate of Spare Parts,Crate of Spare Parts,Crate of Spare Parts,Crate of Spare Parts,2220.000000,310.000000,300.000000,2220.0,310.0,300.0,2.2200,0.3100,0.3000,142.000000,142.0000,0.206000,0.206000,1.000000,P,P,False,False,False,False,,0,,[],True,PRODUCT_RECONCILIATION,76107360ea37908e862cbdd43994c8696a738fe7d6f654ccb886bf2843a1e86d,bc2f3af7e8c7273d3a217d4741fa9a6b5e6c03861a8030320ac250f6e5a43bde,"{""schema"": 1, ""row_action"": ""UPDATE"", ""apply_batch_id"": ""a14e383569824ca6bce9a4299ffe9a54"", ""approved_values"": {""name"": ""Crate of Spare Parts"", ""width_m"": ""0.3100"", ""cubic_m3"": ""0.206000"", ""height_m"": ""0.3000"", ""length_m"": ""2.2200"", ""weight_kg"": ""142.0000"", ""description"": ""Crate of Spare Parts"", ""freight_type"": ""P""}, ""field_decisions"": {""name"": ""SOURCE"", ""cubic"": ""OPERATIONAL"", ""weight"": ""OPERATIONAL"", ""dimensions"": ""OPERATIONAL"", ""description"": ""SOURCE"", ""freight_type"": ""SOURCE""}, ""adopted_operational_state"": false, ""backfilled_from_applied_decision"": true}",Adopted from previously applied decision #32. Recommended initial correction: Source name/description and pallet C/P rule; retain Calculator physical values pending separate review.,2026-09-22 22:35:55.347450+00:00,2026-09-22 22:35:55.346639+00:00,1,SAFE_CANDIDATE,
CRATE04,22820,DIFFERENT,TEXT_ONLY,UPDATE,APPLIED,SOURCE,SOURCE,OPERATIONAL,OPERATIONAL,OPERATIONAL,SOURCE,"{""name"": ""SOURCE"", ""cubic"": ""OPERATIONAL"", ""weight"": ""OPERATIONAL"", ""dimensions"": ""OPERATIONAL"", ""description"": ""SOURCE"", ""freight_type"": ""SOURCE""}",{},Recommended initial correction: Source name/description and pallet C/P rule; retain Calculator physical values pending separate review.,6,2026-09-21 22:19:44.847309+00:00,6,2026-09-21 22:33:56.705354+00:00,a14e383569824ca6bce9a4299ffe9a54,Crate of Spare Parts,Crate of Spare Parts,Crate of Spare Parts,Crate of Spare Parts,2220.000000,520.000000,300.000000,2220.0,520.0,300.0,2.2200,0.5200,0.3000,277.000000,277.0000,0.346000,0.346000,1.000000,P,P,False,False,False,False,,0,,[],True,PRODUCT_RECONCILIATION,764258a7932fc3cfc94a39d1cde76ab09ece40c182145490d7a5d64f7f9c4fc6,84c969f0f490b7d73ccda464da344776c2b67d4ce4c0975dc24ce9ac2168841c,"{""schema"": 1, ""row_action"": ""UPDATE"", ""apply_batch_id"": ""a14e383569824ca6bce9a4299ffe9a54"", ""approved_values"": {""name"": ""Crate of Spare Parts"", ""width_m"": ""0.5200"", ""cubic_m3"": ""0.346000"", ""height_m"": ""0.3000"", ""length_m"": ""2.2200"", ""weight_kg"": ""277.0000"", ""description"": ""Crate of Spare Parts"", ""freight_type"": ""P""}, ""field_decisions"": {""name"": ""SOURCE"", ""cubic"": ""OPERATIONAL"", ""weight"": ""OPERATIONAL"", ""dimensions"": ""OPERATIONAL"", ""description"": ""SOURCE"", ""freight_type"": ""SOURCE""}, ""adopted_operational_state"": false, ""backfilled_from_applied_decision"": true}",Adopted from previously applied decision #33. Recommended initial correction: Source name/description and pallet C/P rule; retain Calculator physical values pending separate review.,2026-09-22 22:35:55.350238+00:00,2026-09-22 22:35:55.349380+00:00,1,SAFE_CANDIDATE,
CRATE05,22821,DIFFERENT,TEXT_ONLY,UPDATE,APPLIED,SOURCE,SOURCE,OPERATIONAL,OPERATIONAL,OPERATIONAL,SOURCE,"{""name"": ""SOURCE"", ""cubic"": ""OPERATIONAL"", ""weight"": ""OPERATIONAL"", ""dimensions"": ""OPERATIONAL"", ""description"": ""SOURCE"", ""freight_type"": ""SOURCE""}",{},Recommended initial correction: Source name/description and pallet C/P rule; retain Calculator physical values pending separate review.,6,2026-09-21 22:19:44.848796+00:00,6,2026-09-21 22:33:56.705354+00:00,a14e383569824ca6bce9a4299ffe9a54,Crate of Spare Parts,Crate of Spare Parts,Crate of Spare Parts,Crate of Spare Parts,2670.000000,220.000000,330.000000,2670.0,220.0,330.0,2.6700,0.2200,0.3300,28.000000,28.0000,0.194000,0.194000,1.000000,P,P,False,False,False,False,,0,,[],True,PRODUCT_RECONCILIATION,fdd50d1336f3320d4df8a79e6a7f2cde7a686844776aeb56f6313df825c1aabd,b7bd485c6f24cbfedd39b4c3a3ce706d5520edb54d3ed550d60c85995a9f20b8,"{""schema"": 1, ""row_action"": ""UPDATE"", ""apply_batch_id"": ""a14e383569824ca6bce9a4299ffe9a54"", ""approved_values"": {""name"": ""Crate of Spare Parts"", ""width_m"": ""0.2200"", ""cubic_m3"": ""0.194000"", ""height_m"": ""0.3300"", ""length_m"": ""2.6700"", ""weight_kg"": ""28.0000"", ""description"": ""Crate of Spare Parts"", ""freight_type"": ""P""}, ""field_decisions"": {""name"": ""SOURCE"", ""cubic"": ""OPERATIONAL"", ""weight"": ""OPERATIONAL"", ""dimensions"": ""OPERATIONAL"", ""description"": ""SOURCE"", ""freight_type"": ""SOURCE""}, ""adopted_operational_state"": false, ""backfilled_from_applied_decision"": true}",Adopted from previously applied decision #34. Recommended initial correction: Source name/description and pallet C/P rule; retain Calculator physical values pending separate review.,2026-09-22 22:35:55.354795+00:00,2026-09-22 22:35:55.353993+00:00,1,SAFE_CANDIDATE,
CRATE06,22822,DIFFERENT,TEXT_ONLY,UPDATE,APPLIED,SOURCE,SOURCE,OPERATIONAL,OPERATIONAL,OPERATIONAL,SOURCE,"{""name"": ""SOURCE"", ""cubic"": ""OPERATIONAL"", ""weight"": ""OPERATIONAL"", ""dimensions"": ""OPERATIONAL"", ""description"": ""SOURCE"", ""freight_type"": ""SOURCE""}",{},Recommended initial correction: Source name/description and pallet C/P rule; retain Calculator physical values pending separate review.,6,2026-09-21 22:19:44.850315+00:00,6,2026-09-21 22:33:56.705354+00:00,a14e383569824ca6bce9a4299ffe9a54,Crate of Spare Parts,Crate of Spare Parts,Crate of Spare Parts,Crate of Spare Parts,1320.000000,620.000000,720.000000,1320.0,620.0,720.0,1.3200,0.6200,0.7200,204.000000,204.0000,0.589000,0.589000,1.000000,P,P,False,False,False,False,,0,,[],True,PRODUCT_RECONCILIATION,1ef43daed39ba1455ba7631c27cde849ae73da1607d36aad494500a75a75cd66,f5429a5b0a1fe2996c879efaa101c261c3831d051770852bf22596d32e32f6cc,"{""schema"": 1, ""row_action"": ""UPDATE"", ""apply_batch_id"": ""a14e383569824ca6bce9a4299ffe9a54"", ""approved_values"": {""name"": ""Crate of Spare Parts"", ""width_m"": ""0.6200"", ""cubic_m3"": ""0.589000"", ""height_m"": ""0.7200"", ""length_m"": ""1.3200"", ""weight_kg"": ""204.0000"", ""description"": ""Crate of Spare Parts"", ""freight_type"": ""P""}, ""field_decisions"": {""name"": ""SOURCE"", ""cubic"": ""OPERATIONAL"", ""weight"": ""OPERATIONAL"", ""dimensions"": ""OPERATIONAL"", ""description"": ""SOURCE"", ""freight_type"": ""SOURCE""}, ""adopted_operational_state"": false, ""backfilled_from_applied_decision"": true}",Adopted from previously applied decision #35. Recommended initial correction: Source name/description and pallet C/P rule; retain Calculator physical values pending separate review.,2026-09-22 22:35:55.357668+00:00,2026-09-22 22:35:55.356912+00:00,1,SAFE_CANDIDATE,
CRATE07,22823,DIFFERENT,TEXT_ONLY,UPDATE,APPLIED,SOURCE,SOURCE,OPERATIONAL,OPERATIONAL,OPERATIONAL,SOURCE,"{""name"": ""SOURCE"", ""cubic"": ""OPERATIONAL"", ""weight"": ""OPERATIONAL"", ""dimensions"": ""OPERATIONAL"", ""description"": ""SOURCE"", ""freight_type"": ""SOURCE""}",{},Recommended initial correction: Source name/description and pallet C/P rule; retain Calculator physical values pending separate review.,6,2026-09-21 22:19:44.851739+00:00,6,2026-09-21 22:33:56.705354+00:00,a14e383569824ca6bce9a4299ffe9a54,Crate of Spare Parts,Crate of Spare Parts,Crate of Spare Parts,Crate of Spare Parts,1320.000000,620.000000,720.000000,1320.0,620.0,720.0,1.3200,0.6200,0.7200,150.000000,150.0000,0.589000,0.589000,1.000000,P,P,False,False,False,False,,0,,[],True,PRODUCT_RECONCILIATION,6b43940958e57321e71f376a5bd8e614b091c691763e51a9e8c93138bb060c93,1ba1601b01205b2d05f78974c461f343fd7e6956de551a67a2c8652ec1659af5,"{""schema"": 1, ""row_action"": ""UPDATE"", ""apply_batch_id"": ""a14e383569824ca6bce9a4299ffe9a54"", ""approved_values"": {""name"": ""Crate of Spare Parts"", ""width_m"": ""0.6200"", ""cubic_m3"": ""0.589000"", ""height_m"": ""0.7200"", ""length_m"": ""1.3200"", ""weight_kg"": ""150.0000"", ""description"": ""Crate of Spare Parts"", ""freight_type"": ""P""}, ""field_decisions"": {""name"": ""SOURCE"", ""cubic"": ""OPERATIONAL"", ""weight"": ""OPERATIONAL"", ""dimensions"": ""OPERATIONAL"", ""description"": ""SOURCE"", ""freight_type"": ""SOURCE""}, ""adopted_operational_state"": false, ""backfilled_from_applied_decision"": true}",Adopted from previously applied decision #36. Recommended initial correction: Source name/description and pallet C/P rule; retain Calculator physical values pending separate review.,2026-09-22 22:35:55.360232+00:00,2026-09-22 22:35:55.359455+00:00,1,SAFE_CANDIDATE,
CRATE08,22824,DIFFERENT,TEXT_ONLY,UPDATE,APPLIED,SOURCE,SOURCE,OPERATIONAL,OPERATIONAL,OPERATIONAL,SOURCE,"{""name"": ""SOURCE"", ""cubic"": ""OPERATIONAL"", ""weight"": ""OPERATIONAL"", ""dimensions"": ""OPERATIONAL"", ""description"": ""SOURCE"", ""freight_type"": ""SOURCE""}",{},Recommended initial correction: Source name/description and pallet C/P rule; retain Calculator physical values pending separate review.,6,2026-09-21 22:19:44.853226+00:00,6,2026-09-21 22:33:56.705354+00:00,a14e383569824ca6bce9a4299ffe9a54,Crate of Spare Parts,Crate of Spare Parts,Crate of Spare Parts,Crate of Spare Parts,1320.000000,620.000000,720.000000,1320.0,620.0,720.0,1.3200,0.6200,0.7200,239.000000,239.0000,0.589000,0.589000,1.000000,P,P,False,False,False,False,,0,,[],True,PRODUCT_RECONCILIATION,c387d46dba7684426ed12d917aa9b463b0914cc3e64b0d3ce5f4ed08819c565b,7f6ed6f3c42cef2d8aa93f61251197dc9fdca3dbf2509f0c135e15072779dcf9,"{""schema"": 1, ""row_action"": ""UPDATE"", ""apply_batch_id"": ""a14e383569824ca6bce9a4299ffe9a54"", ""approved_values"": {""name"": ""Crate of Spare Parts"", ""width_m"": ""0.6200"", ""cubic_m3"": ""0.589000"", ""height_m"": ""0.7200"", ""length_m"": ""1.3200"", ""weight_kg"": ""239.0000"", ""description"": ""Crate of Spare Parts"", ""freight_type"": ""P""}, ""field_decisions"": {""name"": ""SOURCE"", ""cubic"": ""OPERATIONAL"", ""weight"": ""OPERATIONAL"", ""dimensions"": ""OPERATIONAL"", ""description"": ""SOURCE"", ""freight_type"": ""SOURCE""}, ""adopted_operational_state"": false, ""backfilled_from_applied_decision"": true}",Adopted from previously applied decision #37. Recommended initial correction: Source name/description and pallet C/P rule; retain Calculator physical values pending separate review.,2026-09-22 22:35:55.363367+00:00,2026-09-22 22:35:55.362450+00:00,1,SAFE_CANDIDATE,
CROSS-BAR,22869,DIFFERENT,PHYSICAL_DIFFERENCES,UPDATE,APPLIED,SOURCE,SOURCE,OPERATIONAL,OPERATIONAL,OPERATIONAL,SOURCE,"{""name"": ""SOURCE"", ""cubic"": ""OPERATIONAL"", ""weight"": ""OPERATIONAL"", ""dimensions"": ""OPERATIONAL"", ""description"": ""SOURCE"", ""freight_type"": ""SOURCE""}",{},Recommended initial correction: Source name/description and pallet C/P rule; retain Calculator physical values pending separate review.,6,2026-09-21 22:19:44.854669+00:00,6,2026-09-21 22:33:56.705354+00:00,a14e383569824ca6bce9a4299ffe9a54,Cross-Bar for CM5500-A Hoist,Cross-Bar for CM5500-A Hoist,Cross-Bar for  CM5500-A Hoist,Cross-Bar for  CM5500-A Hoist,2420.000000,410.000000,380.000000,2420.0,410.0,380.0,2.4200,0.4100,0.3800,94.000000,658.0000,0.377000,0.377000,1.000000,P,P,False,True,False,False,,0,,[],True,PRODUCT_RECONCILIATION,a175faa9fc757fe09061aab81c27e51d60d2dcadb5dddd23d7b69e4a70d5cb80,c920a2586b6e7eb7e1d6739c1a977314162cdbdb98f654e3aee77a3e17f9d5f8,"{""schema"": 1, ""row_action"": ""UPDATE"", ""apply_batch_id"": ""a14e383569824ca6bce9a4299ffe9a54"", ""approved_values"": {""name"": ""Cross-Bar for CM5500-A Hoist"", ""width_m"": ""0.4100"", ""cubic_m3"": ""0.377000"", ""height_m"": ""0.3800"", ""length_m"": ""2.4200"", ""weight_kg"": ""658.0000"", ""description"": ""Cross-Bar for  CM5500-A Hoist"", ""freight_type"": ""P""}, ""field_decisions"": {""name"": ""SOURCE"", ""cubic"": ""OPERATIONAL"", ""weight"": ""OPERATIONAL"", ""dimensions"": ""OPERATIONAL"", ""description"": ""SOURCE"", ""freight_type"": ""SOURCE""}, ""adopted_operational_state"": false, ""backfilled_from_applied_decision"": true}",Adopted from previously applied decision #38. Recommended initial correction: Source name/description and pallet C/P rule; retain Calculator physical values pending separate review.,2026-09-22 22:35:55.366185+00:00,2026-09-22 22:35:55.365363+00:00,1,SAFE_CANDIDATE,
DL240B,24590,DIFFERENT,TEXT_ONLY,UPDATE,APPLIED,SOURCE,SOURCE,OPERATIONAL,OPERATIONAL,OPERATIONAL,SOURCE,"{""name"": ""SOURCE"", ""cubic"": ""OPERATIONAL"", ""weight"": ""OPERATIONAL"", ""dimensions"": ""OPERATIONAL"", ""description"": ""SOURCE"", ""freight_type"": ""SOURCE""}",{},Recommended initial correction: Source name/description and pallet C/P rule; retain Calculator physical values pending separate review.,6,2026-09-21 22:19:44.856375+00:00,6,2026-09-21 22:33:56.705354+00:00,a14e383569824ca6bce9a4299ffe9a54,DunlopBase TwoPostHoist SL,DunlopBase TwoPostHoist SL,Dunlop Base Two Post Hoist Single Phase,Dunlop Base Two Post Hoist Single Phase,2870.000000,840.000000,510.000000,2870.0,840.0,510.0,2.8700,0.8400,0.5100,821.000000,821.0000,1.230000,1.230000,1.000000,P,P,False,False,False,False,,0,,[],True,PRODUCT_RECONCILIATION,aae86bae7358cfbfc97aaf6938b60bdac4abada1a09cd4239557b007605b0d20,2bc904f6be461d136df158314cc761dcbd442a82e69b843f7e6042b24bab8ecb,"{""schema"": 1, ""row_action"": ""UPDATE"", ""apply_batch_id"": ""a14e383569824ca6bce9a4299ffe9a54"", ""approved_values"": {""name"": ""DunlopBase TwoPostHoist SL"", ""width_m"": ""0.8400"", ""cubic_m3"": ""1.230000"", ""height_m"": ""0.5100"", ""length_m"": ""2.8700"", ""weight_kg"": ""821.0000"", ""description"": ""Dunlop Base Two Post Hoist Single Phase"", ""freight_type"": ""P""}, ""field_decisions"": {""name"": ""SOURCE"", ""cubic"": ""OPERATIONAL"", ""weight"": ""OPERATIONAL"", ""dimensions"": ""OPERATIONAL"", ""description"": ""SOURCE"", ""freight_type"": ""SOURCE""}, ""adopted_operational_state"": false, ""backfilled_from_applied_decision"": true}",Adopted from previously applied decision #39. Recommended initial correction: Source name/description and pallet C/P rule; retain Calculator physical values pending separate review.,2026-09-22 22:35:55.369133+00:00,2026-09-22 22:35:55.368160+00:00,1,SAFE_CANDIDATE,
DL240B-PARTB,24592,DIFFERENT,TEXT_ONLY,UPDATE,APPLIED,SOURCE,SOURCE,OPERATIONAL,OPERATIONAL,OPERATIONAL,SOURCE,"{""name"": ""SOURCE"", ""cubic"": ""OPERATIONAL"", ""weight"": ""OPERATIONAL"", ""dimensions"": ""OPERATIONAL"", ""description"": ""SOURCE"", ""freight_type"": ""SOURCE""}",{},Recommended initial correction: Source name/description and pallet C/P rule; retain Calculator physical values pending separate review.,6,2026-09-21 22:19:44.858123+00:00,6,2026-09-21 22:33:56.705354+00:00,a14e383569824ca6bce9a4299ffe9a54,Dunlop TwoPostHoist SL Part B,Dunlop TwoPostHoist SL Part B,Dunlop Base Two Post Hoist Single Phase Part B,Dunlop Base Two Post Hoist Single Phase Part B,3260.000000,470.000000,150.000000,3260.0,470.0,150.0,3.2600,0.4700,0.1500,162.000000,162.0000,0.230000,0.230000,1.000000,P,P,False,False,False,False,,0,,[],True,PRODUCT_RECONCILIATION,7f3ab85f3aed25f9fb94381e4bec762e09dd76832b14146cac9a991b56deb918,5638a99512606d73f72f5b948a395b1bd844ff96eb40fd6e7adc17c248433816,"{""schema"": 1, ""row_action"": ""UPDATE"", ""apply_batch_id"": ""a14e383569824ca6bce9a4299ffe9a54"", ""approved_values"": {""name"": ""Dunlop TwoPostHoist SL Part B"", ""width_m"": ""0.4700"", ""cubic_m3"": ""0.230000"", ""height_m"": ""0.1500"", ""length_m"": ""3.2600"", ""weight_kg"": ""162.0000"", ""description"": ""Dunlop Base Two Post Hoist Single Phase Part B"", ""freight_type"": ""P""}, ""field_decisions"": {""name"": ""SOURCE"", ""cubic"": ""OPERATIONAL"", ""weight"": ""OPERATIONAL"", ""dimensions"": ""OPERATIONAL"", ""description"": ""SOURCE"", ""freight_type"": ""SOURCE""}, ""adopted_operational_state"": false, ""backfilled_from_applied_decision"": true}",Adopted from previously applied decision #40. Recommended initial correction: Source name/description and pallet C/P rule; retain Calculator physical values pending separate review.,2026-09-22 22:35:55.374731+00:00,2026-09-22 22:35:55.373913+00:00,1,SAFE_CANDIDATE,
DL240BPART,24593,DIFFERENT,TEXT_ONLY,UPDATE,APPLIED,SOURCE,SOURCE,OPERATIONAL,OPERATIONAL,OPERATIONAL,SOURCE,"{""name"": ""SOURCE"", ""cubic"": ""OPERATIONAL"", ""weight"": ""OPERATIONAL"", ""dimensions"": ""OPERATIONAL"", ""description"": ""SOURCE"", ""freight_type"": ""SOURCE""}",{},Recommended initial correction: Source name/description and pallet C/P rule; retain Calculator physical values pending separate review.,6,2026-09-21 22:19:44.859822+00:00,6,2026-09-21 22:33:56.705354+00:00,a14e383569824ca6bce9a4299ffe9a54,Part B of DL240B,Part B of DL240B,Part B of DL240B,Part B of DL240B,3300.000000,470.000000,160.000000,3300.0,470.0,160.0,3.3000,0.4700,0.1600,100.000000,100.0000,0.248000,0.248000,1.000000,P,P,False,False,False,False,,0,,[],True,PRODUCT_RECONCILIATION,1802bfe8eb8152e1565b9418ae55bf072faa99b20550f7ee9a0ed8663af40f15,6352b09fcee731737b3ed26c6704273ee28a3d32c556144fd50a37b3adb9786c,"{""schema"": 1, ""row_action"": ""UPDATE"", ""apply_batch_id"": ""a14e383569824ca6bce9a4299ffe9a54"", ""approved_values"": {""name"": ""Part B of DL240B"", ""width_m"": ""0.4700"", ""cubic_m3"": ""0.248000"", ""height_m"": ""0.1600"", ""length_m"": ""3.3000"", ""weight_kg"": ""100.0000"", ""description"": ""Part B of DL240B"", ""freight_type"": ""P""}, ""field_decisions"": {""name"": ""SOURCE"", ""cubic"": ""OPERATIONAL"", ""weight"": ""OPERATIONAL"", ""dimensions"": ""OPERATIONAL"", ""description"": ""SOURCE"", ""freight_type"": ""SOURCE""}, ""adopted_operational_state"": false, ""backfilled_from_applied_decision"": true}",Adopted from previously applied decision #41. Recommended initial correction: Source name/description and pallet C/P rule; retain Calculator physical values pending separate review.,2026-09-22 22:35:55.372114+00:00,2026-09-22 22:35:55.371342+00:00,1,SAFE_CANDIDATE,
DSSDK,24691,DIFFERENT,SOURCE_DIMENSIONS_ZERO,UPDATE,APPLIED,SOURCE,SOURCE,OPERATIONAL,OPERATIONAL,OPERATIONAL,SOURCE,"{""name"": ""SOURCE"", ""cubic"": ""OPERATIONAL"", ""weight"": ""OPERATIONAL"", ""dimensions"": ""OPERATIONAL"", ""description"": ""SOURCE"", ""freight_type"": ""SOURCE""}",{},Recommended initial correction: Source name/description and pallet C/P rule; retain Calculator physical values pending separate review.,6,2026-09-21 22:19:44.861408+00:00,6,2026-09-21 22:33:56.705354+00:00,a14e383569824ca6bce9a4299ffe9a54,Double Scissor - SM300,Double Scissor - SM300,Double Scissor,Double Scissor,0.000000,0.000000,0.000000,2750.0,760.0,760.0,2.7500,0.7600,0.7600,877.000000,877.0000,0.977000,0.977000,1.000000,P,P,True,False,False,False,,0,,[],True,PRODUCT_RECONCILIATION,e3f2c7c386f56c1ad155ff18362ccd82d2f8d203cce9a9d0dfb81d07d03363e6,6765e4be166aefc325eef2b00545d5bae18bc3ba5962261834463963a98c5434,"{""schema"": 1, ""row_action"": ""UPDATE"", ""apply_batch_id"": ""a14e383569824ca6bce9a4299ffe9a54"", ""approved_values"": {""name"": ""Double Scissor - SM300"", ""width_m"": ""0.7600"", ""cubic_m3"": ""0.977000"", ""height_m"": ""0.7600"", ""length_m"": ""2.7500"", ""weight_kg"": ""877.0000"", ""description"": ""Double Scissor"", ""freight_type"": ""P""}, ""field_decisions"": {""name"": ""SOURCE"", ""cubic"": ""OPERATIONAL"", ""weight"": ""OPERATIONAL"", ""dimensions"": ""OPERATIONAL"", ""description"": ""SOURCE"", ""freight_type"": ""SOURCE""}, ""adopted_operational_state"": false, ""backfilled_from_applied_decision"": true}",Adopted from previously applied decision #42. Recommended initial correction: Source name/description and pallet C/P rule; retain Calculator physical values pending separate review.,2026-09-22 22:35:55.377567+00:00,2026-09-22 22:35:55.376635+00:00,1,SAFE_CANDIDATE,
GREENCARE,26497,DIFFERENT,SOURCE_DIMENSIONS_ZERO,UPDATE,APPLIED,SOURCE,SOURCE,OPERATIONAL,OPERATIONAL,OPERATIONAL,SOURCE,"{""name"": ""SOURCE"", ""cubic"": ""OPERATIONAL"", ""weight"": ""OPERATIONAL"", ""dimensions"": ""OPERATIONAL"", ""description"": ""SOURCE"", ""freight_type"": ""SOURCE""}",{},Recommended initial correction: Source name/description and pallet C/P rule; retain Calculator physical values pending separate review.,6,2026-09-21 22:19:44.862780+00:00,6,2026-09-21 22:33:56.705354+00:00,a14e383569824ca6bce9a4299ffe9a54,Maestro 2.20 Grn Care 2 Parts,Maestro 2.20 Grn Care 2 Parts,Maestro 2.20 Green Care - 2 Parts,Maestro 2.20 Green Care - 2 Parts,0.000000,0.000000,0.000000,4730.0,1000.0,490.0,4.7300,1.0000,0.4900,860.000000,860.0000,2.031000,1.900000,2.000000,P,P,True,False,True,False,,0,,[],True,PRODUCT_RECONCILIATION,b67bff033826dc5432112f92acc0fa34fc51e6d44281d231c390394c90d25369,8cd6c66e7746edf83c5d93d001e6189f22f1b332f14bf3dedd80b3b63b058b5d,"{""schema"": 1, ""row_action"": ""UPDATE"", ""apply_batch_id"": ""a14e383569824ca6bce9a4299ffe9a54"", ""approved_values"": {""name"": ""Maestro 2.20 Grn Care 2 Parts"", ""width_m"": ""1.0000"", ""cubic_m3"": ""1.900000"", ""height_m"": ""0.4900"", ""length_m"": ""4.7300"", ""weight_kg"": ""860.0000"", ""description"": ""Maestro 2.20 Green Care - 2 Parts"", ""freight_type"": ""P""}, ""field_decisions"": {""name"": ""SOURCE"", ""cubic"": ""OPERATIONAL"", ""weight"": ""OPERATIONAL"", ""dimensions"": ""OPERATIONAL"", ""description"": ""SOURCE"", ""freight_type"": ""SOURCE""}, ""adopted_operational_state"": false, ""backfilled_from_applied_decision"": true}",Adopted from previously applied decision #43. Recommended initial correction: Source name/description and pallet C/P rule; retain Calculator physical values pending separate review.,2026-09-22 22:35:55.380868+00:00,2026-09-22 22:35:55.379949+00:00,1,SAFE_CANDIDATE,
H2401B,26635,DIFFERENT,TEXT_ONLY,UPDATE,APPLIED,SOURCE,SOURCE,OPERATIONAL,OPERATIONAL,OPERATIONAL,SOURCE,"{""name"": ""SOURCE"", ""cubic"": ""OPERATIONAL"", ""weight"": ""OPERATIONAL"", ""dimensions"": ""OPERATIONAL"", ""description"": ""SOURCE"", ""freight_type"": ""SOURCE""}",{},Recommended initial correction: Source name/description and pallet C/P rule; retain Calculator physical values pending separate review.,6,2026-09-21 22:19:44.864194+00:00,6,2026-09-21 22:33:56.705354+00:00,a14e383569824ca6bce9a4299ffe9a54,Bradbury 2 Post Single Phase,Bradbury 2 Post Single Phase,Bradbury 2 Post Hoist Single Phase,Bradbury 2 Post Hoist Single Phase,2930.000000,1120.000000,500.000000,2930.0,1120.0,500.0,2.9300,1.1200,0.5000,890.000000,890.0000,1.641000,1.641000,1.000000,P,P,False,False,False,False,,0,,[],True,PRODUCT_RECONCILIATION,f890db2ae7b98dbca35976e956dbc4f67d28a86fd4eca08b88c9c95213d10394,78cc1fed6857115342e772639d5d061de851ef129d0dfc50587d24ea2d1f1b89,"{""schema"": 1, ""row_action"": ""UPDATE"", ""apply_batch_id"": ""a14e383569824ca6bce9a4299ffe9a54"", ""approved_values"": {""name"": ""Bradbury 2 Post Single Phase"", ""width_m"": ""1.1200"", ""cubic_m3"": ""1.641000"", ""height_m"": ""0.5000"", ""length_m"": ""2.9300"", ""weight_kg"": ""890.0000"", ""description"": ""Bradbury 2 Post Hoist Single Phase"", ""freight_type"": ""P""}, ""field_decisions"": {""name"": ""SOURCE"", ""cubic"": ""OPERATIONAL"", ""weight"": ""OPERATIONAL"", ""dimensions"": ""OPERATIONAL"", ""description"": ""SOURCE"", ""freight_type"": ""SOURCE""}, ""adopted_operational_state"": false, ""backfilled_from_applied_decision"": true}",Adopted from previously applied decision #44. Recommended initial correction: Source name/description and pallet C/P rule; retain Calculator physical values pending separate review.,2026-09-22 22:35:55.383750+00:00,2026-09-22 22:35:55.382969+00:00,1,SAFE_CANDIDATE,
H4443,26664,DIFFERENT,SOURCE_DIMENSIONS_ZERO,UPDATE,APPLIED,SOURCE,SOURCE,OPERATIONAL,OPERATIONAL,OPERATIONAL,SOURCE,"{""name"": ""SOURCE"", ""cubic"": ""OPERATIONAL"", ""weight"": ""OPERATIONAL"", ""dimensions"": ""OPERATIONAL"", ""description"": ""SOURCE"", ""freight_type"": ""SOURCE""}",{},Recommended initial correction: Source name/description and pallet C/P rule; retain Calculator physical values pending separate review.,6,2026-09-21 22:19:44.865565+00:00,6,2026-09-21 22:33:56.705354+00:00,a14e383569824ca6bce9a4299ffe9a54,Bradbury Wheels Free Hoist,Bradbury Wheels Free Hoist,Bradbury Wheels Free Hoist,Bradbury Wheels Free Hoist,0.000000,0.000000,0.000000,4730.0,840.0,420.0,4.7300,0.8400,0.4200,1735.000000,1735.0000,4.276000,4.276000,4.000000,P,P,True,False,False,False,,0,,[],True,PRODUCT_RECONCILIATION,94d45d5807fb39568d7a73b0c3cf6cd0ee29fa5f102a02d533029525534bfee5,eb47ddaf9f6da540f49350140178fc1270a9359ee8e5806bbb6a4c7602b0c2a3,"{""schema"": 1, ""row_action"": ""UPDATE"", ""apply_batch_id"": ""a14e383569824ca6bce9a4299ffe9a54"", ""approved_values"": {""name"": ""Bradbury Wheels Free Hoist"", ""width_m"": ""0.8400"", ""cubic_m3"": ""4.276000"", ""height_m"": ""0.4200"", ""length_m"": ""4.7300"", ""weight_kg"": ""1735.0000"", ""description"": ""Bradbury Wheels Free Hoist"", ""freight_type"": ""P""}, ""field_decisions"": {""name"": ""SOURCE"", ""cubic"": ""OPERATIONAL"", ""weight"": ""OPERATIONAL"", ""dimensions"": ""OPERATIONAL"", ""description"": ""SOURCE"", ""freight_type"": ""SOURCE""}, ""adopted_operational_state"": false, ""backfilled_from_applied_decision"": true}",Adopted from previously applied decision #45. Recommended initial correction: Source name/description and pallet C/P rule; retain Calculator physical values pending separate review.,2026-09-22 22:35:55.386365+00:00,2026-09-22 22:35:55.385592+00:00,1,SAFE_CANDIDATE,
H4443-WA,26665,DIFFERENT,SOURCE_DIMENSIONS_ZERO,UPDATE,APPLIED,SOURCE,SOURCE,OPERATIONAL,OPERATIONAL,OPERATIONAL,SOURCE,"{""name"": ""SOURCE"", ""cubic"": ""OPERATIONAL"", ""weight"": ""OPERATIONAL"", ""dimensions"": ""OPERATIONAL"", ""description"": ""SOURCE"", ""freight_type"": ""SOURCE""}",{},Recommended initial correction: Source name/description and pallet C/P rule; retain Calculator physical values pending separate review.,6,2026-09-21 22:19:44.866940+00:00,6,2026-09-21 22:33:56.705354+00:00,a14e383569824ca6bce9a4299ffe9a54,Bradbury Hoist H4443 - 3 Parts,Bradbury Hoist H4443 - 3 Parts,Bradbury Hoist H4443 - 3 Parts,Bradbury Hoist H4443 - 3 Parts,0.000000,0.000000,0.000000,5850.0,840.0,420.0,5.8500,0.8400,0.4200,1728.000000,1728.0000,4.060000,4.058000,3.000000,P,P,True,False,True,False,,0,,[],True,PRODUCT_RECONCILIATION,4c08b9cfb699975bae6f329b23136fc5d11d76894cae6f66cc386abbee8eeeb4,8aa016f2f0c44e32fabb61293a2d8fb13e0ea23526dd184c84382dc290ea0d9d,"{""schema"": 1, ""row_action"": ""UPDATE"", ""apply_batch_id"": ""a14e383569824ca6bce9a4299ffe9a54"", ""approved_values"": {""name"": ""Bradbury Hoist H4443 - 3 Parts"", ""width_m"": ""0.8400"", ""cubic_m3"": ""4.058000"", ""height_m"": ""0.4200"", ""length_m"": ""5.8500"", ""weight_kg"": ""1728.0000"", ""description"": ""Bradbury Hoist H4443 - 3 Parts"", ""freight_type"": ""P""}, ""field_decisions"": {""name"": ""SOURCE"", ""cubic"": ""OPERATIONAL"", ""weight"": ""OPERATIONAL"", ""dimensions"": ""OPERATIONAL"", ""description"": ""SOURCE"", ""freight_type"": ""SOURCE""}, ""adopted_operational_state"": false, ""backfilled_from_applied_decision"": true}",Adopted from previously applied decision #46. Recommended initial correction: Source name/description and pallet C/P rule; retain Calculator physical values pending separate review.,2026-09-22 22:35:55.389593+00:00,2026-09-22 22:35:55.388656+00:00,1,SAFE_CANDIDATE,
H4543,26666,DIFFERENT,SOURCE_DIMENSIONS_ZERO,UPDATE,APPLIED,SOURCE,SOURCE,OPERATIONAL,OPERATIONAL,OPERATIONAL,SOURCE,"{""name"": ""SOURCE"", ""cubic"": ""OPERATIONAL"", ""weight"": ""OPERATIONAL"", ""dimensions"": ""OPERATIONAL"", ""description"": ""SOURCE"", ""freight_type"": ""SOURCE""}",{},Recommended initial correction: Source name/description and pallet C/P rule; retain Calculator physical values pending separate review.,6,2026-09-21 22:19:44.868426+00:00,6,2026-09-21 22:33:56.705354+00:00,a14e383569824ca6bce9a4299ffe9a54,Bradbury Wheels Free Hoist,Bradbury Wheels Free Hoist,Bradbury Wheels Free Hoist,Bradbury Wheels Free Hoist,0.000000,0.000000,0.000000,1150.0,910.0,420.0,1.1500,0.9100,0.4200,2277.000000,2249.0000,7.045000,5.069000,3.000000,P,P,True,True,True,False,,0,,[],True,PRODUCT_RECONCILIATION,195f7cb0b4442cb1cfaeed63c04a7d62a71a0e2d1d41f20b8f8629a44e4f0764,abea1cb60a04012fd590d88df8629db437fe14806d5e5a14d14fd8b90c249e49,"{""schema"": 1, ""row_action"": ""UPDATE"", ""apply_batch_id"": ""a14e383569824ca6bce9a4299ffe9a54"", ""approved_values"": {""name"": ""Bradbury Wheels Free Hoist"", ""width_m"": ""0.9100"", ""cubic_m3"": ""5.069000"", ""height_m"": ""0.4200"", ""length_m"": ""1.1500"", ""weight_kg"": ""2249.0000"", ""description"": ""Bradbury Wheels Free Hoist"", ""freight_type"": ""P""}, ""field_decisions"": {""name"": ""SOURCE"", ""cubic"": ""OPERATIONAL"", ""weight"": ""OPERATIONAL"", ""dimensions"": ""OPERATIONAL"", ""description"": ""SOURCE"", ""freight_type"": ""SOURCE""}, ""adopted_operational_state"": false, ""backfilled_from_applied_decision"": true}",Adopted from previously applied decision #47. Recommended initial correction: Source name/description and pallet C/P rule; retain Calculator physical values pending separate review.,2026-09-22 22:35:55.392710+00:00,2026-09-22 22:35:55.391769+00:00,1,SAFE_CANDIDATE,
H4543-LEDKIT,26667,DIFFERENT,SOURCE_DIMENSIONS_ZERO,UPDATE,APPLIED,SOURCE,SOURCE,OPERATIONAL,OPERATIONAL,OPERATIONAL,SOURCE,"{""name"": ""SOURCE"", ""cubic"": ""OPERATIONAL"", ""weight"": ""OPERATIONAL"", ""dimensions"": ""OPERATIONAL"", ""description"": ""SOURCE"", ""freight_type"": ""SOURCE""}",{},Recommended initial correction: Source name/description and pallet C/P rule; retain Calculator physical values pending separate review.,6,2026-09-21 22:19:44.869966+00:00,6,2026-09-21 22:33:56.705354+00:00,a14e383569824ca6bce9a4299ffe9a54,LED Kit for H4543 Hoist,LED Kit for H4543 Hoist,LED Kit for H4543 Hoist,LED Kit for H4543 Hoist,0.000000,0.000000,0.000000,820.0,200.0,200.0,0.8200,0.2000,0.2000,13.600000,353.6000,0.062000,1.612000,1.000000,P,P,True,True,True,False,,0,,[],True,PRODUCT_RECONCILIATION,abb41e47a7074a82af6850827cabf90f9a9e41cde475871f8c014b19004e5773,14178e05001edf0d0baa519c7c6f4bc5316100463307090081835e65704a9d7a,"{""schema"": 1, ""row_action"": ""UPDATE"", ""apply_batch_id"": ""a14e383569824ca6bce9a4299ffe9a54"", ""approved_values"": {""name"": ""LED Kit for H4543 Hoist"", ""width_m"": ""0.2000"", ""cubic_m3"": ""1.612000"", ""height_m"": ""0.2000"", ""length_m"": ""0.8200"", ""weight_kg"": ""353.6000"", ""description"": ""LED Kit for H4543 Hoist"", ""freight_type"": ""P""}, ""field_decisions"": {""name"": ""SOURCE"", ""cubic"": ""OPERATIONAL"", ""weight"": ""OPERATIONAL"", ""dimensions"": ""OPERATIONAL"", ""description"": ""SOURCE"", ""freight_type"": ""SOURCE""}, ""adopted_operational_state"": false, ""backfilled_from_applied_decision"": true}",Adopted from previously applied decision #48. Recommended initial correction: Source name/description and pallet C/P rule; retain Calculator physical values pending separate review.,2026-09-22 22:35:55.395758+00:00,2026-09-22 22:35:55.394748+00:00,1,SAFE_CANDIDATE,
IMBEDDING-FRAME,27376,DIFFERENT,TEXT_ONLY,UPDATE,APPLIED,SOURCE,SOURCE,OPERATIONAL,OPERATIONAL,OPERATIONAL,SOURCE,"{""name"": ""SOURCE"", ""cubic"": ""OPERATIONAL"", ""weight"": ""OPERATIONAL"", ""dimensions"": ""OPERATIONAL"", ""description"": ""SOURCE"", ""freight_type"": ""SOURCE""}",{},Recommended initial correction: Source name/description and pallet C/P rule; retain Calculator physical values pending separate review.,6,2026-09-21 22:19:44.871439+00:00,6,2026-09-21 22:33:56.705354+00:00,a14e383569824ca6bce9a4299ffe9a54,Imbedding frame for Magix 35,Imbedding frame for Magix 35,Imbeddding Frame for Magix 35DS-2,Imbeddding Frame for Magix 35DS-2,2320.000000,910.000000,350.000000,2320.0,910.0,350.0,2.3200,0.9100,0.3500,34.000000,34.0000,0.739000,0.739000,1.000000,P,P,False,False,False,False,,0,,[],True,PRODUCT_RECONCILIATION,6eb1cf0dcadf02f20e713b42fe21e88821b5560ebce5f2849aab0d509c6d48d6,f7eccfafff05c6249b409d088019098869b9a5fcee34d85c8e3299afd826dd50,"{""schema"": 1, ""row_action"": ""UPDATE"", ""apply_batch_id"": ""a14e383569824ca6bce9a4299ffe9a54"", ""approved_values"": {""name"": ""Imbedding frame for Magix 35"", ""width_m"": ""0.9100"", ""cubic_m3"": ""0.739000"", ""height_m"": ""0.3500"", ""length_m"": ""2.3200"", ""weight_kg"": ""34.0000"", ""description"": ""Imbeddding Frame for Magix 35DS-2"", ""freight_type"": ""P""}, ""field_decisions"": {""name"": ""SOURCE"", ""cubic"": ""OPERATIONAL"", ""weight"": ""OPERATIONAL"", ""dimensions"": ""OPERATIONAL"", ""description"": ""SOURCE"", ""freight_type"": ""SOURCE""}, ""adopted_operational_state"": false, ""backfilled_from_applied_decision"": true}",Adopted from previously applied decision #49. Recommended initial correction: Source name/description and pallet C/P rule; retain Calculator physical values pending separate review.,2026-09-22 22:35:55.398949+00:00,2026-09-22 22:35:55.398091+00:00,1,SAFE_CANDIDATE,
J201-4010000,27469,DIFFERENT,SOURCE_DIMENSIONS_ZERO,UPDATE,APPLIED,SOURCE,SOURCE,OPERATIONAL,OPERATIONAL,OPERATIONAL,SOURCE,"{""name"": ""SOURCE"", ""cubic"": ""OPERATIONAL"", ""weight"": ""OPERATIONAL"", ""dimensions"": ""OPERATIONAL"", ""description"": ""SOURCE"", ""freight_type"": ""SOURCE""}",{},Recommended initial correction: Source name/description and pallet C/P rule; retain Calculator physical values pending separate review.,6,2026-09-21 22:19:44.873136+00:00,6,2026-09-21 22:33:56.705354+00:00,a14e383569824ca6bce9a4299ffe9a54,Column Extension - 600mm,Column Extension - 600mm,Column Extension 600mm,Column Extension 600mm,0.000000,0.000000,0.000000,8200.0,3500.0,6400.0,0.8200,0.3500,0.6400,62.000000,62.0000,0.184000,0.184000,1.000000,P,P,True,False,False,False,TL_APPROX_10X_OPERATIONAL,0,,[],True,PRODUCT_RECONCILIATION,a2470799a35b319767c7dc5669b8824bc244ffa83ee6f6b00ade4837c64498b9,a65fc362408651e01e59b948089b82e2a463c44bd3bbdcc4c19ec98a5ecb89eb,"{""schema"": 1, ""row_action"": ""UPDATE"", ""apply_batch_id"": ""a14e383569824ca6bce9a4299ffe9a54"", ""approved_values"": {""name"": ""Column Extension - 600mm"", ""width_m"": ""0.3500"", ""cubic_m3"": ""0.184000"", ""height_m"": ""0.6400"", ""length_m"": ""0.8200"", ""weight_kg"": ""62.0000"", ""description"": ""Column Extension 600mm"", ""freight_type"": ""P""}, ""field_decisions"": {""name"": ""SOURCE"", ""cubic"": ""OPERATIONAL"", ""weight"": ""OPERATIONAL"", ""dimensions"": ""OPERATIONAL"", ""description"": ""SOURCE"", ""freight_type"": ""SOURCE""}, ""adopted_operational_state"": false, ""backfilled_from_applied_decision"": true}",Adopted from previously applied decision #50. Recommended initial correction: Source name/description and pallet C/P rule; retain Calculator physical values pending separate review.,2026-09-22 22:35:55.401706+00:00,2026-09-22 22:35:55.400935+00:00,1,SAFE_CANDIDATE,
J201-4020000,27470,DIFFERENT,SOURCE_DIMENSIONS_ZERO,UPDATE,APPLIED,SOURCE,SOURCE,OPERATIONAL,OPERATIONAL,OPERATIONAL,SOURCE,"{""name"": ""SOURCE"", ""cubic"": ""OPERATIONAL"", ""weight"": ""OPERATIONAL"", ""dimensions"": ""OPERATIONAL"", ""description"": ""SOURCE"", ""freight_type"": ""SOURCE""}",{},Recommended initial correction: Source name/description and pallet C/P rule; retain Calculator physical values pending separate review.,6,2026-09-21 22:19:44.874728+00:00,6,2026-09-21 22:33:56.705354+00:00,a14e383569824ca6bce9a4299ffe9a54,Column Extension (1200mm),Column Extension (1200mm),Column Extension (1200mm),Column Extension (1200mm),0.000000,0.000000,0.000000,14000.0,3500.0,6000.0,1.3900,0.3600,0.6500,112.000000,112.0000,0.325500,0.325000,1.000000,P,P,True,False,True,False,TL_APPROX_10X_OPERATIONAL,0,,[],True,PRODUCT_RECONCILIATION,af4139e0bc2bf3300ad37ccb9f44cef88998f27a09240b72485044f2d0e6196b,e55177280818d7cc6649f9a1e25ba82286c4425c616a8adee39fb784b57e3e6e,"{""schema"": 1, ""row_action"": ""UPDATE"", ""apply_batch_id"": ""a14e383569824ca6bce9a4299ffe9a54"", ""approved_values"": {""name"": ""Column Extension (1200mm)"", ""width_m"": ""0.3600"", ""cubic_m3"": ""0.325000"", ""height_m"": ""0.6500"", ""length_m"": ""1.3900"", ""weight_kg"": ""112.0000"", ""description"": ""Column Extension (1200mm)"", ""freight_type"": ""P""}, ""field_decisions"": {""name"": ""SOURCE"", ""cubic"": ""OPERATIONAL"", ""weight"": ""OPERATIONAL"", ""dimensions"": ""OPERATIONAL"", ""description"": ""SOURCE"", ""freight_type"": ""SOURCE""}, ""adopted_operational_state"": false, ""backfilled_from_applied_decision"": true}",Adopted from previously applied decision #51. Recommended initial correction: Source name/description and pallet C/P rule; retain Calculator physical values pending separate review.,2026-09-22 22:35:55.405481+00:00,2026-09-22 22:35:55.404680+00:00,1,SAFE_CANDIDATE,
J201-4070000,27471,DIFFERENT,SOURCE_DIMENSIONS_ZERO,UPDATE,APPLIED,SOURCE,SOURCE,OPERATIONAL,OPERATIONAL,OPERATIONAL,SOURCE,"{""name"": ""SOURCE"", ""cubic"": ""OPERATIONAL"", ""weight"": ""OPERATIONAL"", ""dimensions"": ""OPERATIONAL"", ""description"": ""SOURCE"", ""freight_type"": ""SOURCE""}",{},Recommended initial correction: Source name/description and pallet C/P rule; retain Calculator physical values pending separate review.,6,2026-09-21 22:19:44.876259+00:00,6,2026-09-21 22:33:56.705354+00:00,a14e383569824ca6bce9a4299ffe9a54,Pad Extension Kit 80 + 180mm,Pad Extension Kit 80 + 180mm,"Pad Extension Kit 80 + 180mm (7pc of each size, 2 bracket)","Pad Extension Kit 80 + 180mm (7pc of each size, 2 bracket)",0.000000,0.000000,0.000000,2120.0,170.0,170.0,2.1200,0.1700,0.1700,12.300000,1230.0000,0.009500,0.954000,1.000000,P,P,True,True,True,False,,0,,[],True,PRODUCT_RECONCILIATION,95b1ee950d4583fce7a5de6688a7b0e787896b0c29ec8500555c775d22c475c3,c25fda75c2bbadec648bc44d44492903dba5bf4ed3e1048c996dbdbad1690446,"{""schema"": 1, ""row_action"": ""UPDATE"", ""apply_batch_id"": ""a14e383569824ca6bce9a4299ffe9a54"", ""approved_values"": {""name"": ""Pad Extension Kit 80 + 180mm"", ""width_m"": ""0.1700"", ""cubic_m3"": ""0.954000"", ""height_m"": ""0.1700"", ""length_m"": ""2.1200"", ""weight_kg"": ""1230.0000"", ""description"": ""Pad Extension Kit 80 + 180mm (7pc of each size, 2 bracket)"", ""freight_type"": ""P""}, ""field_decisions"": {""name"": ""SOURCE"", ""cubic"": ""OPERATIONAL"", ""weight"": ""OPERATIONAL"", ""dimensions"": ""OPERATIONAL"", ""description"": ""SOURCE"", ""freight_type"": ""SOURCE""}, ""adopted_operational_state"": false, ""backfilled_from_applied_decision"": true}",Adopted from previously applied decision #52. Recommended initial correction: Source name/description and pallet C/P rule; retain Calculator physical values pending separate review.,2026-09-22 22:35:55.408236+00:00,2026-09-22 22:35:55.407437+00:00,1,SAFE_CANDIDATE,
J213-1041000,27474,DIFFERENT,SOURCE_DIMENSIONS_ZERO,UPDATE,APPLIED,SOURCE,SOURCE,OPERATIONAL,OPERATIONAL,OPERATIONAL,SOURCE,"{""name"": ""SOURCE"", ""cubic"": ""OPERATIONAL"", ""weight"": ""OPERATIONAL"", ""dimensions"": ""OPERATIONAL"", ""description"": ""SOURCE"", ""freight_type"": ""SOURCE""}",{},Recommended initial correction: Source name/description and pallet C/P rule; retain Calculator physical values pending separate review.,6,2026-09-21 22:19:44.877822+00:00,6,2026-09-21 22:33:56.705354+00:00,a14e383569824ca6bce9a4299ffe9a54,Carrage,Carrage,"Pad Extension Kit 80 + 180mm (7pc of each size, 2 bracket)","Pad Extension Kit 80 + 180mm (7pc of each size, 2 bracket)",0.000000,0.000000,0.000000,4600.0,320.0,520.0,4.6000,0.3200,0.5200,0.770000,77.0000,0.009500,0.954000,1.000000,P,P,True,True,True,False,,0,,[],True,PRODUCT_RECONCILIATION,caff0be808f0489cadcb5713aa4a8000eafd0986fb42be2f49e3fb9be49a7677,0ecb3283be72fc3a314c771b52ec24439429985d2f72419cadd304cf078117f1,"{""schema"": 1, ""row_action"": ""UPDATE"", ""apply_batch_id"": ""a14e383569824ca6bce9a4299ffe9a54"", ""approved_values"": {""name"": ""Carrage"", ""width_m"": ""0.3200"", ""cubic_m3"": ""0.954000"", ""height_m"": ""0.5200"", ""length_m"": ""4.6000"", ""weight_kg"": ""77.0000"", ""description"": ""Pad Extension Kit 80 + 180mm (7pc of each size, 2 bracket)"", ""freight_type"": ""P""}, ""field_decisions"": {""name"": ""SOURCE"", ""cubic"": ""OPERATIONAL"", ""weight"": ""OPERATIONAL"", ""dimensions"": ""OPERATIONAL"", ""description"": ""SOURCE"", ""freight_type"": ""SOURCE""}, ""adopted_operational_state"": false, ""backfilled_from_applied_decision"": true}",Adopted from previously applied decision #53. Recommended initial correction: Source name/description and pallet C/P rule; retain Calculator physical values pending separate review.,2026-09-22 22:35:55.411188+00:00,2026-09-22 22:35:55.410298+00:00,1,SAFE_CANDIDATE,
J301-2200000,27491,DIFFERENT,PHYSICAL_DIFFERENCES,UPDATE,APPLIED,SOURCE,SOURCE,OPERATIONAL,OPERATIONAL,OPERATIONAL,SOURCE,"{""name"": ""SOURCE"", ""cubic"": ""OPERATIONAL"", ""weight"": ""OPERATIONAL"", ""dimensions"": ""OPERATIONAL"", ""description"": ""SOURCE"", ""freight_type"": ""SOURCE""}",{},Recommended initial correction: Source name/description and pallet C/P rule; retain Calculator physical values pending separate review.,6,2026-09-21 22:19:44.879278+00:00,6,2026-09-21 22:33:56.705354+00:00,a14e383569824ca6bce9a4299ffe9a54,Cross Bar Set CM5500,Cross Bar Set CM5500,Cross Bar Set CM5500 RAL 9005,Cross Bar Set CM5500 RAL 9005,2320.000000,320.000000,270.000000,22500.0,2900.0,2500.0,9.9900,9.9900,9.9900,100.000000,1005.0000,0.200000,997.002999,1.000000,P,P,True,True,True,False,,0,,[],True,PRODUCT_RECONCILIATION,908b331dc10342a221f7f285f90e5c858f99b39b378121491a9e91804cb6f161,c92013071efd7e73f1b6c4458adf8950d26c86ac0471f5f7a1f9b9899b98a9fc,"{""schema"": 1, ""row_action"": ""UPDATE"", ""apply_batch_id"": ""a14e383569824ca6bce9a4299ffe9a54"", ""approved_values"": {""name"": ""Cross Bar Set CM5500"", ""width_m"": ""9.9900"", ""cubic_m3"": ""997.002999"", ""height_m"": ""9.9900"", ""length_m"": ""9.9900"", ""weight_kg"": ""1005.0000"", ""description"": ""Cross Bar Set CM5500 RAL 9005"", ""freight_type"": ""P""}, ""field_decisions"": {""name"": ""SOURCE"", ""cubic"": ""OPERATIONAL"", ""weight"": ""OPERATIONAL"", ""dimensions"": ""OPERATIONAL"", ""description"": ""SOURCE"", ""freight_type"": ""SOURCE""}, ""adopted_operational_state"": false, ""backfilled_from_applied_decision"": true}",Adopted from previously applied decision #54. Recommended initial correction: Source name/description and pallet C/P rule; retain Calculator physical values pending separate review.,2026-09-22 22:35:55.414598+00:00,2026-09-22 22:35:55.413721+00:00,1,SAFE_CANDIDATE,
J404-11900000_2,27511,DIFFERENT,TEXT_ONLY,UPDATE,APPLIED,SOURCE,SOURCE,OPERATIONAL,OPERATIONAL,OPERATIONAL,SOURCE,"{""name"": ""SOURCE"", ""cubic"": ""OPERATIONAL"", ""weight"": ""OPERATIONAL"", ""dimensions"": ""OPERATIONAL"", ""description"": ""SOURCE"", ""freight_type"": ""SOURCE""}",{},Recommended initial correction: Source name/description and pallet C/P rule; retain Calculator physical values pending separate review.,6,2026-09-21 22:19:44.880772+00:00,6,2026-09-21 22:33:56.705354+00:00,a14e383569824ca6bce9a4299ffe9a54,J404-1190000 1 Crate 2 Units,J404-1190000 1 Crate 2 Units,J404-1190000 1 Crate Containing 2 Units,J404-1190000 1 Crate Containing 2 Units,1720.000000,660.000000,330.000000,1720.0,660.0,330.0,1.7200,0.6600,0.3300,166.000000,166.0000,0.375000,0.375000,1.000000,P,P,False,False,False,False,,0,,[],True,PRODUCT_RECONCILIATION,65054da7a8a6ceaa6cbe07f9bcf563e543b0311734966c6d3cfdfe7ac424a9bc,1619e49c95abd12831665c4c7ed86b36fe18711ba42934aaec8c8a6e15af093a,"{""schema"": 1, ""row_action"": ""UPDATE"", ""apply_batch_id"": ""a14e383569824ca6bce9a4299ffe9a54"", ""approved_values"": {""name"": ""J404-1190000 1 Crate 2 Units"", ""width_m"": ""0.6600"", ""cubic_m3"": ""0.375000"", ""height_m"": ""0.3300"", ""length_m"": ""1.7200"", ""weight_kg"": ""166.0000"", ""description"": ""J404-1190000 1 Crate Containing 2 Units"", ""freight_type"": ""P""}, ""field_decisions"": {""name"": ""SOURCE"", ""cubic"": ""OPERATIONAL"", ""weight"": ""OPERATIONAL"", ""dimensions"": ""OPERATIONAL"", ""description"": ""SOURCE"", ""freight_type"": ""SOURCE""}, ""adopted_operational_state"": false, ""backfilled_from_applied_decision"": true}",Adopted from previously applied decision #55. Recommended initial correction: Source name/description and pallet C/P rule; retain Calculator physical values pending separate review.,2026-09-22 22:35:55.420147+00:00,2026-09-22 22:35:55.419291+00:00,1,SAFE_CANDIDATE,
J404-11900000_3,27512,DIFFERENT,TEXT_ONLY,UPDATE,APPLIED,SOURCE,SOURCE,OPERATIONAL,OPERATIONAL,OPERATIONAL,SOURCE,"{""name"": ""SOURCE"", ""cubic"": ""OPERATIONAL"", ""weight"": ""OPERATIONAL"", ""dimensions"": ""OPERATIONAL"", ""description"": ""SOURCE"", ""freight_type"": ""SOURCE""}",{},Recommended initial correction: Source name/description and pallet C/P rule; retain Calculator physical values pending separate review.,6,2026-09-21 22:19:44.882374+00:00,6,2026-09-21 22:33:56.705354+00:00,a14e383569824ca6bce9a4299ffe9a54,J404-1190000 1 CRATE OF 3,J404-1190000 1 CRATE OF 3,J404-1190000 1 CRATE OF 3,J404-1190000 1 CRATE OF 3,1750.000000,690.000000,460.000000,1750.0,690.0,460.0,1.7500,0.6900,0.4600,245.000000,245.0000,0.555000,0.555000,1.000000,P,P,False,False,False,False,,0,,[],True,PRODUCT_RECONCILIATION,272680f7e333d1569b148ef296ec7b87231f806a3972042b1e8e9ffab3006e82,c30ff77fb0ff2a7caa29f350ea6afb93b0fa5b471ef232ae9d39d31ebea3a454,"{""schema"": 1, ""row_action"": ""UPDATE"", ""apply_batch_id"": ""a14e383569824ca6bce9a4299ffe9a54"", ""approved_values"": {""name"": ""J404-1190000 1 CRATE OF 3"", ""width_m"": ""0.6900"", ""cubic_m3"": ""0.555000"", ""height_m"": ""0.4600"", ""length_m"": ""1.7500"", ""weight_kg"": ""245.0000"", ""description"": ""J404-1190000 1 CRATE OF 3"", ""freight_type"": ""P""}, ""field_decisions"": {""name"": ""SOURCE"", ""cubic"": ""OPERATIONAL"", ""weight"": ""OPERATIONAL"", ""dimensions"": ""OPERATIONAL"", ""description"": ""SOURCE"", ""freight_type"": ""SOURCE""}, ""adopted_operational_state"": false, ""backfilled_from_applied_decision"": true}",Adopted from previously applied decision #56. Recommended initial correction: Source name/description and pallet C/P rule; retain Calculator physical values pending separate review.,2026-09-22 22:35:55.423236+00:00,2026-09-22 22:35:55.422429+00:00,1,SAFE_CANDIDATE,
JACKINGBEAM-A,27519,DIFFERENT,TEXT_ONLY,UPDATE,APPLIED,SOURCE,SOURCE,OPERATIONAL,OPERATIONAL,OPERATIONAL,SOURCE,"{""name"": ""SOURCE"", ""cubic"": ""OPERATIONAL"", ""weight"": ""OPERATIONAL"", ""dimensions"": ""OPERATIONAL"", ""description"": ""SOURCE"", ""freight_type"": ""SOURCE""}",{},Recommended initial correction: Source name/description and pallet C/P rule; retain Calculator physical values pending separate review.,6,2026-09-21 22:19:44.883733+00:00,6,2026-09-21 22:33:56.705354+00:00,a14e383569824ca6bce9a4299ffe9a54,21089 Jacking Beam A,21089 Jacking Beam A,21089 Jacking Beam A,21089 Jacking Beam A,830.000000,430.000000,350.000000,830.0,430.0,350.0,0.8300,0.4300,0.3500,120.000000,120.0000,0.125000,0.125000,1.000000,P,P,False,False,False,False,,0,,[],True,PRODUCT_RECONCILIATION,d493433b1ce4b28e36c545cce28b8c54e5b84e0dc4eec7d7fd0639fcc9fb2735,96c7466bc11407ddb4aec5f46617dee3c31ee27ffca0fe452726f6e291c32e60,"{""schema"": 1, ""row_action"": ""UPDATE"", ""apply_batch_id"": ""a14e383569824ca6bce9a4299ffe9a54"", ""approved_values"": {""name"": ""21089 Jacking Beam A"", ""width_m"": ""0.4300"", ""cubic_m3"": ""0.125000"", ""height_m"": ""0.3500"", ""length_m"": ""0.8300"", ""weight_kg"": ""120.0000"", ""description"": ""21089 Jacking Beam A"", ""freight_type"": ""P""}, ""field_decisions"": {""name"": ""SOURCE"", ""cubic"": ""OPERATIONAL"", ""weight"": ""OPERATIONAL"", ""dimensions"": ""OPERATIONAL"", ""description"": ""SOURCE"", ""freight_type"": ""SOURCE""}, ""adopted_operational_state"": false, ""backfilled_from_applied_decision"": true}",Adopted from previously applied decision #57. Recommended initial correction: Source name/description and pallet C/P rule; retain Calculator physical values pending separate review.,2026-09-22 22:35:55.425996+00:00,2026-09-22 22:35:55.425129+00:00,1,SAFE_CANDIDATE,
JL32RAL5001,27588,DIFFERENT,TEXT_ONLY,UPDATE,APPLIED,SOURCE,SOURCE,OPERATIONAL,OPERATIONAL,OPERATIONAL,SOURCE,"{""name"": ""SOURCE"", ""cubic"": ""OPERATIONAL"", ""weight"": ""OPERATIONAL"", ""dimensions"": ""OPERATIONAL"", ""description"": ""SOURCE"", ""freight_type"": ""SOURCE""}",{},Recommended initial correction: Source name/description and pallet C/P rule; retain Calculator physical values pending separate review.,6,2026-09-21 22:19:44.885357+00:00,6,2026-09-21 22:33:56.705354+00:00,a14e383569824ca6bce9a4299ffe9a54,Jumbo Lift 3200 RAL 5001,Jumbo Lift 3200 RAL 5001,"Jumbo Lift 3200 NT HyperFlow Above-Ground w/ CE Stop, RAL 5001","Jumbo Lift 3200 NT HyperFlow Above-Ground w/ CE Stop, RAL 5001",1750.000000,770.000000,770.000000,1750.0,770.0,770.0,1.7500,0.7700,0.7700,920.000000,920.0000,1.038000,1.038000,1.000000,P,P,False,False,False,False,,0,,[],True,PRODUCT_RECONCILIATION,4f5f2e69cee1178ea379bf69caa653fe1a67e837485018fd4a3e4ff86735b53a,4211b47af638f6a181562ee8cc06f6ff98dd367637d5597a01c9b27abf887910,"{""schema"": 1, ""row_action"": ""UPDATE"", ""apply_batch_id"": ""a14e383569824ca6bce9a4299ffe9a54"", ""approved_values"": {""name"": ""Jumbo Lift 3200 RAL 5001"", ""width_m"": ""0.7700"", ""cubic_m3"": ""1.038000"", ""height_m"": ""0.7700"", ""length_m"": ""1.7500"", ""weight_kg"": ""920.0000"", ""description"": ""Jumbo Lift 3200 NT HyperFlow Above-Ground w/ CE Stop, RAL 5001"", ""freight_type"": ""P""}, ""field_decisions"": {""name"": ""SOURCE"", ""cubic"": ""OPERATIONAL"", ""weight"": ""OPERATIONAL"", ""dimensions"": ""OPERATIONAL"", ""description"": ""SOURCE"", ""freight_type"": ""SOURCE""}, ""adopted_operational_state"": false, ""backfilled_from_applied_decision"": true}",Adopted from previously applied decision #58. Recommended initial correction: Source name/description and pallet C/P rule; retain Calculator physical values pending separate review.,2026-09-22 22:35:55.429600+00:00,2026-09-22 22:35:55.428648+00:00,1,SAFE_CANDIDATE,
JL32RAL7016,27589,DIFFERENT,TEXT_ONLY,UPDATE,APPLIED,SOURCE,SOURCE,OPERATIONAL,OPERATIONAL,OPERATIONAL,SOURCE,"{""name"": ""SOURCE"", ""cubic"": ""OPERATIONAL"", ""weight"": ""OPERATIONAL"", ""dimensions"": ""OPERATIONAL"", ""description"": ""SOURCE"", ""freight_type"": ""SOURCE""}",{},Recommended initial correction: Source name/description and pallet C/P rule; retain Calculator physical values pending separate review.,6,2026-09-21 22:19:44.886859+00:00,6,2026-09-21 22:33:56.705354+00:00,a14e383569824ca6bce9a4299ffe9a54,Jumbo Lift 3200 RAL 7016,Jumbo Lift 3200 RAL 7016,"Jumbo Lift 3200 NT HyperFlow Above-Ground w/ CE Stop, RAL 7016","Jumbo Lift 3200 NT HyperFlow Above-Ground w/ CE Stop, RAL 7016",1750.000000,770.000000,770.000000,1750.0,770.0,770.0,1.7500,0.7700,0.7700,920.000000,920.0000,1.038000,1.038000,1.000000,P,P,False,False,False,False,,0,,[],True,PRODUCT_RECONCILIATION,929d9ee2e476fcb98e4007fc3f8155a1f04dda758b175d553b11d94998e154f1,3b4d2c53363c2a9dd017c55e593e988d0fff8c504412f86b7adb0a5fb4e12ad6,"{""schema"": 1, ""row_action"": ""UPDATE"", ""apply_batch_id"": ""a14e383569824ca6bce9a4299ffe9a54"", ""approved_values"": {""name"": ""Jumbo Lift 3200 RAL 7016"", ""width_m"": ""0.7700"", ""cubic_m3"": ""1.038000"", ""height_m"": ""0.7700"", ""length_m"": ""1.7500"", ""weight_kg"": ""920.0000"", ""description"": ""Jumbo Lift 3200 NT HyperFlow Above-Ground w/ CE Stop, RAL 7016"", ""freight_type"": ""P""}, ""field_decisions"": {""name"": ""SOURCE"", ""cubic"": ""OPERATIONAL"", ""weight"": ""OPERATIONAL"", ""dimensions"": ""OPERATIONAL"", ""description"": ""SOURCE"", ""freight_type"": ""SOURCE""}, ""adopted_operational_state"": false, ""backfilled_from_applied_decision"": true}",Adopted from previously applied decision #59. Recommended initial correction: Source name/description and pallet C/P rule; retain Calculator physical values pending separate review.,2026-09-22 22:35:55.432455+00:00,2026-09-22 22:35:55.431562+00:00,1,SAFE_CANDIDATE,
JL32RAL7016-1PH,27590,DIFFERENT,TEXT_ONLY,UPDATE,APPLIED,SOURCE,SOURCE,OPERATIONAL,OPERATIONAL,OPERATIONAL,SOURCE,"{""name"": ""SOURCE"", ""cubic"": ""OPERATIONAL"", ""weight"": ""OPERATIONAL"", ""dimensions"": ""OPERATIONAL"", ""description"": ""SOURCE"", ""freight_type"": ""SOURCE""}",{},Recommended initial correction: Source name/description and pallet C/P rule; retain Calculator physical values pending separate review.,6,2026-09-21 22:19:44.888355+00:00,6,2026-09-21 22:33:56.705354+00:00,a14e383569824ca6bce9a4299ffe9a54,Jumbo Lift 3200 NT 1PH,Jumbo Lift 3200 NT 1PH,Jumbo Lift 3200 NT 1PH,Jumbo Lift 3200 NT 1PH,1750.000000,770.000000,770.000000,1750.0,770.0,770.0,1.7500,0.7700,0.7700,920.000000,920.0000,1.038000,1.038000,1.000000,P,P,False,False,False,False,,0,,[],True,PRODUCT_RECONCILIATION,36db74a52bb7d1a09f47bd87ae30d319b179686ecfbaa4431478a3c3e7c5f7db,ba09acd12509b92f204710255f94829c2ca6f7a5691061384234e6046ac2c388,"{""schema"": 1, ""row_action"": ""UPDATE"", ""apply_batch_id"": ""a14e383569824ca6bce9a4299ffe9a54"", ""approved_values"": {""name"": ""Jumbo Lift 3200 NT 1PH"", ""width_m"": ""0.7700"", ""cubic_m3"": ""1.038000"", ""height_m"": ""0.7700"", ""length_m"": ""1.7500"", ""weight_kg"": ""920.0000"", ""description"": ""Jumbo Lift 3200 NT 1PH"", ""freight_type"": ""P""}, ""field_decisions"": {""name"": ""SOURCE"", ""cubic"": ""OPERATIONAL"", ""weight"": ""OPERATIONAL"", ""dimensions"": ""OPERATIONAL"", ""description"": ""SOURCE"", ""freight_type"": ""SOURCE""}, ""adopted_operational_state"": false, ""backfilled_from_applied_decision"": true}",Adopted from previously applied decision #60. Recommended initial correction: Source name/description and pallet C/P rule; retain Calculator physical values pending separate review.,2026-09-22 22:35:55.435458+00:00,2026-09-22 22:35:55.434481+00:00,1,SAFE_CANDIDATE,
JUMBO,27607,DIFFERENT,TEXT_ONLY,UPDATE,APPLIED,SOURCE,SOURCE,OPERATIONAL,OPERATIONAL,OPERATIONAL,SOURCE,"{""name"": ""SOURCE"", ""cubic"": ""OPERATIONAL"", ""weight"": ""OPERATIONAL"", ""dimensions"": ""OPERATIONAL"", ""description"": ""SOURCE"", ""freight_type"": ""SOURCE""}",{},Recommended initial correction: Source name/description and pallet C/P rule; retain Calculator physical values pending separate review.,6,2026-09-21 22:19:44.889942+00:00,6,2026-09-21 22:33:56.705354+00:00,a14e383569824ca6bce9a4299ffe9a54,Jumbo JLB032 RAL5001,Jumbo JLB032 RAL5001,Jumbo JLB032 RAL5001,Jumbo JLB032 RAL5001,1750.000000,770.000000,770.000000,1750.0,770.0,770.0,1.7500,0.7700,0.7700,920.000000,920.0000,1.038000,1.038000,1.000000,P,P,False,False,False,False,,0,,[],True,PRODUCT_RECONCILIATION,d88e2a8d40ca756ea6915fe6207db286ba513c2e4aa8dce32ce70c3e06e2493f,99657f029d41dedfcb60476dee9b561069ac502b36d75c6f644031b5f3c78f66,"{""schema"": 1, ""row_action"": ""UPDATE"", ""apply_batch_id"": ""a14e383569824ca6bce9a4299ffe9a54"", ""approved_values"": {""name"": ""Jumbo JLB032 RAL5001"", ""width_m"": ""0.7700"", ""cubic_m3"": ""1.038000"", ""height_m"": ""0.7700"", ""length_m"": ""1.7500"", ""weight_kg"": ""920.0000"", ""description"": ""Jumbo JLB032 RAL5001"", ""freight_type"": ""P""}, ""field_decisions"": {""name"": ""SOURCE"", ""cubic"": ""OPERATIONAL"", ""weight"": ""OPERATIONAL"", ""dimensions"": ""OPERATIONAL"", ""description"": ""SOURCE"", ""freight_type"": ""SOURCE""}, ""adopted_operational_state"": false, ""backfilled_from_applied_decision"": true}",Adopted from previously applied decision #61. Recommended initial correction: Source name/description and pallet C/P rule; retain Calculator physical values pending separate review.,2026-09-22 22:35:55.438275+00:00,2026-09-22 22:35:55.437337+00:00,1,SAFE_CANDIDATE,
LASER 4.3-CP,28558,DIFFERENT,TEXT_ONLY,UPDATE,APPLIED,SOURCE,SOURCE,OPERATIONAL,OPERATIONAL,OPERATIONAL,SOURCE,"{""name"": ""SOURCE"", ""cubic"": ""OPERATIONAL"", ""weight"": ""OPERATIONAL"", ""dimensions"": ""OPERATIONAL"", ""description"": ""SOURCE"", ""freight_type"": ""SOURCE""}",{},Recommended initial correction: Source name/description and pallet C/P rule; retain Calculator physical values pending separate review.,6,2026-09-21 22:19:44.891366+00:00,6,2026-09-21 22:33:56.705354+00:00,a14e383569824ca6bce9a4299ffe9a54,Laser 4.3-CP,Laser 4.3-CP,Laser 4.3-CP,Laser 4.3-CP,4960.000000,2120.000000,700.000000,4960.0,2120.0,700.0,4.9600,2.1200,0.7000,2500.000000,2500.0000,7.361000,7.361000,1.000000,P,P,False,False,False,False,,0,,[],True,PRODUCT_RECONCILIATION,a4be048b9a98a2ddd65f9f1c459886b1044160307c7d673c3d6be97a64016d66,7c13cf021ad0c8c0e7915aa8da88e3d917ceb2a9892b3d1dacd10d55e07b99cd,"{""schema"": 1, ""row_action"": ""UPDATE"", ""apply_batch_id"": ""a14e383569824ca6bce9a4299ffe9a54"", ""approved_values"": {""name"": ""Laser 4.3-CP"", ""width_m"": ""2.1200"", ""cubic_m3"": ""7.361000"", ""height_m"": ""0.7000"", ""length_m"": ""4.9600"", ""weight_kg"": ""2500.0000"", ""description"": ""Laser 4.3-CP"", ""freight_type"": ""P""}, ""field_decisions"": {""name"": ""SOURCE"", ""cubic"": ""OPERATIONAL"", ""weight"": ""OPERATIONAL"", ""dimensions"": ""OPERATIONAL"", ""description"": ""SOURCE"", ""freight_type"": ""SOURCE""}, ""adopted_operational_state"": false, ""backfilled_from_applied_decision"": true}",Adopted from previously applied decision #62. Recommended initial correction: Source name/description and pallet C/P rule; retain Calculator physical values pending separate review.,2026-09-22 22:35:55.475267+00:00,2026-09-22 22:35:55.474447+00:00,1,SAFE_CANDIDATE,
LASER-2.2-CP-LCA,28559,DIFFERENT,PHYSICAL_DIFFERENCES,UPDATE,APPLIED,SOURCE,SOURCE,OPERATIONAL,OPERATIONAL,OPERATIONAL,SOURCE,"{""name"": ""SOURCE"", ""cubic"": ""OPERATIONAL"", ""weight"": ""OPERATIONAL"", ""dimensions"": ""OPERATIONAL"", ""description"": ""SOURCE"", ""freight_type"": ""SOURCE""}",{},Recommended initial correction: Source name/description and pallet C/P rule; retain Calculator physical values pending separate review.,6,2026-09-21 22:19:44.892865+00:00,6,2026-09-21 22:33:56.705354+00:00,a14e383569824ca6bce9a4299ffe9a54,Laser P/Hoist 3PH - Ral 7016,Laser P/Hoist 3PH - Ral 7016,Laser Parking Hoist 3PH - Ral 7016,Laser Parking Hoist 3PH - Ral 7016,3900.000000,1120.000000,700.000000,3900.0,1120.0,1150.0,3.9000,1.1200,1.1500,1100.000000,1100.0000,3.058000,5.023000,1.000000,P,P,True,False,True,False,,0,,[],True,PRODUCT_RECONCILIATION,052577d09a786181a7a5593b40a174d0cb6c95322cdce0b9666effd6fe46a209,0e27e4607b32e3f5388cd2180ce4e0e0845991c8359ffc295afc8409a4ea311f,"{""schema"": 1, ""row_action"": ""UPDATE"", ""apply_batch_id"": ""a14e383569824ca6bce9a4299ffe9a54"", ""approved_values"": {""name"": ""Laser P/Hoist 3PH - Ral 7016"", ""width_m"": ""1.1200"", ""cubic_m3"": ""5.023000"", ""height_m"": ""1.1500"", ""length_m"": ""3.9000"", ""weight_kg"": ""1100.0000"", ""description"": ""Laser Parking Hoist 3PH - Ral 7016"", ""freight_type"": ""P""}, ""field_decisions"": {""name"": ""SOURCE"", ""cubic"": ""OPERATIONAL"", ""weight"": ""OPERATIONAL"", ""dimensions"": ""OPERATIONAL"", ""description"": ""SOURCE"", ""freight_type"": ""SOURCE""}, ""adopted_operational_state"": false, ""backfilled_from_applied_decision"": true}",Adopted from previously applied decision #63. Recommended initial correction: Source name/description and pallet C/P rule; retain Calculator physical values pending separate review.,2026-09-22 22:35:55.467082+00:00,2026-09-22 22:35:55.466170+00:00,1,SAFE_CANDIDATE,
LASER-2.2-CP-LCB,28560,DIFFERENT,PHYSICAL_DIFFERENCES,UPDATE,APPLIED,SOURCE,SOURCE,OPERATIONAL,OPERATIONAL,OPERATIONAL,SOURCE,"{""name"": ""SOURCE"", ""cubic"": ""OPERATIONAL"", ""weight"": ""OPERATIONAL"", ""dimensions"": ""OPERATIONAL"", ""description"": ""SOURCE"", ""freight_type"": ""SOURCE""}",{},Recommended initial correction: Source name/description and pallet C/P rule; retain Calculator physical values pending separate review.,6,2026-09-21 22:19:44.894313+00:00,6,2026-09-21 22:33:56.705354+00:00,a14e383569824ca6bce9a4299ffe9a54,Laser P/Hoist 3PH - Ral 7016,Laser P/Hoist 3PH - Ral 7016,Laser Parking Hoist 3PH - Ral 7016,Laser Parking Hoist 3PH - Ral 7016,3900.000000,1120.000000,700.000000,3900.0,1120.0,1150.0,3.9000,1.1200,1.1500,1100.000000,1100.0000,3.058000,5.023000,1.000000,P,P,True,False,True,False,,0,,[],True,PRODUCT_RECONCILIATION,3d671bc50e4213db7e566e07028161ea137f4719318803c34741866d880c834b,0e27e4607b32e3f5388cd2180ce4e0e0845991c8359ffc295afc8409a4ea311f,"{""schema"": 1, ""row_action"": ""UPDATE"", ""apply_batch_id"": ""a14e383569824ca6bce9a4299ffe9a54"", ""approved_values"": {""name"": ""Laser P/Hoist 3PH - Ral 7016"", ""width_m"": ""1.1200"", ""cubic_m3"": ""5.023000"", ""height_m"": ""1.1500"", ""length_m"": ""3.9000"", ""weight_kg"": ""1100.0000"", ""description"": ""Laser Parking Hoist 3PH - Ral 7016"", ""freight_type"": ""P""}, ""field_decisions"": {""name"": ""SOURCE"", ""cubic"": ""OPERATIONAL"", ""weight"": ""OPERATIONAL"", ""dimensions"": ""OPERATIONAL"", ""description"": ""SOURCE"", ""freight_type"": ""SOURCE""}, ""adopted_operational_state"": false, ""backfilled_from_applied_decision"": true}",Adopted from previously applied decision #64. Recommended initial correction: Source name/description and pallet C/P rule; retain Calculator physical values pending separate review.,2026-09-22 22:35:55.469748+00:00,2026-09-22 22:35:55.468972+00:00,1,SAFE_CANDIDATE,
LASER-2.2CP,28562,DIFFERENT,TEXT_ONLY,UPDATE,APPLIED,SOURCE,SOURCE,OPERATIONAL,OPERATIONAL,OPERATIONAL,SOURCE,"{""name"": ""SOURCE"", ""cubic"": ""OPERATIONAL"", ""weight"": ""OPERATIONAL"", ""dimensions"": ""OPERATIONAL"", ""description"": ""SOURCE"", ""freight_type"": ""SOURCE""}",{},Recommended initial correction: Source name/description and pallet C/P rule; retain Calculator physical values pending separate review.,6,2026-09-21 22:19:44.895691+00:00,6,2026-09-21 22:33:56.705354+00:00,a14e383569824ca6bce9a4299ffe9a54,2.2CP Parking Hoist,2.2CP Parking Hoist,2.2CP Parking Hoist,2.2CP Parking Hoist,4400.000000,1120.000000,800.000000,4400.0,1120.0,800.0,4.4000,1.1200,0.8000,1100.000000,1100.0000,3.942000,3.942000,1.000000,P,P,False,False,False,False,,0,,[],True,PRODUCT_RECONCILIATION,4ca2e3639bbf86bdd548e05970bcc5f70125fb0d97a713507690bdada790462d,1df8a3a634ce0c7db1ea6c5fa02c7e39b591ce90aa52b4aefe86fa8935d1a2d6,"{""schema"": 1, ""row_action"": ""UPDATE"", ""apply_batch_id"": ""a14e383569824ca6bce9a4299ffe9a54"", ""approved_values"": {""name"": ""2.2CP Parking Hoist"", ""width_m"": ""1.1200"", ""cubic_m3"": ""3.942000"", ""height_m"": ""0.8000"", ""length_m"": ""4.4000"", ""weight_kg"": ""1100.0000"", ""description"": ""2.2CP Parking Hoist"", ""freight_type"": ""P""}, ""field_decisions"": {""name"": ""SOURCE"", ""cubic"": ""OPERATIONAL"", ""weight"": ""OPERATIONAL"", ""dimensions"": ""OPERATIONAL"", ""description"": ""SOURCE"", ""freight_type"": ""SOURCE""}, ""adopted_operational_state"": false, ""backfilled_from_applied_decision"": true}",Adopted from previously applied decision #65. Recommended initial correction: Source name/description and pallet C/P rule; retain Calculator physical values pending separate review.,2026-09-22 22:35:55.441090+00:00,2026-09-22 22:35:55.440211+00:00,1,SAFE_CANDIDATE,
LASER-2.2CP-3M-A,28563,DIFFERENT,PHYSICAL_DIFFERENCES,UPDATE,APPLIED,SOURCE,SOURCE,OPERATIONAL,OPERATIONAL,OPERATIONAL,SOURCE,"{""name"": ""SOURCE"", ""cubic"": ""OPERATIONAL"", ""weight"": ""OPERATIONAL"", ""dimensions"": ""OPERATIONAL"", ""description"": ""SOURCE"", ""freight_type"": ""SOURCE""}",{},Recommended initial correction: Source name/description and pallet C/P rule; retain Calculator physical values pending separate review.,6,2026-09-21 22:19:44.897199+00:00,6,2026-09-21 22:33:56.705354+00:00,a14e383569824ca6bce9a4299ffe9a54,Laser P/Hoist 1PH (Ral 7016),Laser P/Hoist 1PH (Ral 7016),Laser Parking Hoist 1PH (Ral 7016),Laser Parking Hoist 1PH (Ral 7016),3900.000000,1120.000000,700.000000,3900.0,1120.0,1150.0,3.9000,1.1200,1.1500,1100.000000,1100.0000,3.058000,5.023000,1.000000,P,P,True,False,True,False,,0,,[],True,PRODUCT_RECONCILIATION,02b880ac1bb64452082572e78ebccf8bb5c88d66bfdf35e84f1a081303437f21,e061ec47f0b01401e4ac2a7db3fa38ce227c29282d097768ecb0aa9cc2b05b07,"{""schema"": 1, ""row_action"": ""UPDATE"", ""apply_batch_id"": ""a14e383569824ca6bce9a4299ffe9a54"", ""approved_values"": {""name"": ""Laser P/Hoist 1PH (Ral 7016)"", ""width_m"": ""1.1200"", ""cubic_m3"": ""5.023000"", ""height_m"": ""1.1500"", ""length_m"": ""3.9000"", ""weight_kg"": ""1100.0000"", ""description"": ""Laser Parking Hoist 1PH (Ral 7016)"", ""freight_type"": ""P""}, ""field_decisions"": {""name"": ""SOURCE"", ""cubic"": ""OPERATIONAL"", ""weight"": ""OPERATIONAL"", ""dimensions"": ""OPERATIONAL"", ""description"": ""SOURCE"", ""freight_type"": ""SOURCE""}, ""adopted_operational_state"": false, ""backfilled_from_applied_decision"": true}",Adopted from previously applied decision #66. Recommended initial correction: Source name/description and pallet C/P rule; retain Calculator physical values pending separate review.,2026-09-22 22:35:55.446967+00:00,2026-09-22 22:35:55.446103+00:00,1,SAFE_CANDIDATE,
LASER-2.2CP-A,28565,DIFFERENT,TEXT_ONLY,UPDATE,APPLIED,SOURCE,SOURCE,OPERATIONAL,OPERATIONAL,OPERATIONAL,SOURCE,"{""name"": ""SOURCE"", ""cubic"": ""OPERATIONAL"", ""weight"": ""OPERATIONAL"", ""dimensions"": ""OPERATIONAL"", ""description"": ""SOURCE"", ""freight_type"": ""SOURCE""}",{},Recommended initial correction: Source name/description and pallet C/P rule; retain Calculator physical values pending separate review.,6,2026-09-21 22:19:44.898528+00:00,6,2026-09-21 22:33:56.705354+00:00,a14e383569824ca6bce9a4299ffe9a54,2.2CP Parking Hoist Grey,2.2CP Parking Hoist Grey,2.2CP Parking Hoist Grey,2.2CP Parking Hoist Grey,3870.000000,1120.000000,690.000000,3870.0,1120.0,690.0,3.8700,1.1200,0.6900,1100.000000,1100.0000,2.991000,2.991000,1.000000,P,P,False,False,False,False,,0,,[],True,PRODUCT_RECONCILIATION,ea4eb86d99f88d655b82a99dd3c77ae74e35dd813eb23b8e4bd91579672505e2,2b6cfa2797c49a9764c3f4f290ae5d99d66a6da1035ccf9e07e98f69c77dca2e,"{""schema"": 1, ""row_action"": ""UPDATE"", ""apply_batch_id"": ""a14e383569824ca6bce9a4299ffe9a54"", ""approved_values"": {""name"": ""2.2CP Parking Hoist Grey"", ""width_m"": ""1.1200"", ""cubic_m3"": ""2.991000"", ""height_m"": ""0.6900"", ""length_m"": ""3.8700"", ""weight_kg"": ""1100.0000"", ""description"": ""2.2CP Parking Hoist Grey"", ""freight_type"": ""P""}, ""field_decisions"": {""name"": ""SOURCE"", ""cubic"": ""OPERATIONAL"", ""weight"": ""OPERATIONAL"", ""dimensions"": ""OPERATIONAL"", ""description"": ""SOURCE"", ""freight_type"": ""SOURCE""}, ""adopted_operational_state"": false, ""backfilled_from_applied_decision"": true}",Adopted from previously applied decision #67. Recommended initial correction: Source name/description and pallet C/P rule; retain Calculator physical values pending separate review.,2026-09-22 22:35:55.453013+00:00,2026-09-22 22:35:55.451981+00:00,1,SAFE_CANDIDATE,
LASER-2.2CP-A1PH,28566,DIFFERENT,TEXT_ONLY,UPDATE,APPLIED,SOURCE,SOURCE,OPERATIONAL,OPERATIONAL,OPERATIONAL,SOURCE,"{""name"": ""SOURCE"", ""cubic"": ""OPERATIONAL"", ""weight"": ""OPERATIONAL"", ""dimensions"": ""OPERATIONAL"", ""description"": ""SOURCE"", ""freight_type"": ""SOURCE""}",{},Recommended initial correction: Source name/description and pallet C/P rule; retain Calculator physical values pending separate review.,6,2026-09-21 22:19:44.900029+00:00,6,2026-09-21 22:33:56.705354+00:00,a14e383569824ca6bce9a4299ffe9a54,2.2CP Parking Hoist 1 Phase,2.2CP Parking Hoist 1 Phase,2.2CP Parking Hoist Grey 1 Phase,2.2CP Parking Hoist Grey 1 Phase,3900.000000,1120.000000,1150.000000,3900.0,1120.0,1150.0,3.9000,1.1200,1.1500,1100.000000,1100.0000,5.023000,5.023000,1.000000,P,P,False,False,False,False,,0,,[],True,PRODUCT_RECONCILIATION,2f4ef7408036b06f8ae32857e3a2a63f7209e1338d44dc267330a1e2e6902226,b7e370eaa9b2ce07046fa0ebdfa393ac1a9d6896188c3abe98c5ad29a4810ada,"{""schema"": 1, ""row_action"": ""UPDATE"", ""apply_batch_id"": ""a14e383569824ca6bce9a4299ffe9a54"", ""approved_values"": {""name"": ""2.2CP Parking Hoist 1 Phase"", ""width_m"": ""1.1200"", ""cubic_m3"": ""5.023000"", ""height_m"": ""1.1500"", ""length_m"": ""3.9000"", ""weight_kg"": ""1100.0000"", ""description"": ""2.2CP Parking Hoist Grey 1 Phase"", ""freight_type"": ""P""}, ""field_decisions"": {""name"": ""SOURCE"", ""cubic"": ""OPERATIONAL"", ""weight"": ""OPERATIONAL"", ""dimensions"": ""OPERATIONAL"", ""description"": ""SOURCE"", ""freight_type"": ""SOURCE""}, ""adopted_operational_state"": false, ""backfilled_from_applied_decision"": true}",Adopted from previously applied decision #68. Recommended initial correction: Source name/description and pallet C/P rule; retain Calculator physical values pending separate review.,2026-09-22 22:35:55.455637+00:00,2026-09-22 22:35:55.454817+00:00,1,SAFE_CANDIDATE,
LASER-2.2CP-B,28567,DIFFERENT,TEXT_ONLY,UPDATE,APPLIED,SOURCE,SOURCE,OPERATIONAL,OPERATIONAL,OPERATIONAL,SOURCE,"{""name"": ""SOURCE"", ""cubic"": ""OPERATIONAL"", ""weight"": ""OPERATIONAL"", ""dimensions"": ""OPERATIONAL"", ""description"": ""SOURCE"", ""freight_type"": ""SOURCE""}",{},Recommended initial correction: Source name/description and pallet C/P rule; retain Calculator physical values pending separate review.,6,2026-09-21 22:19:44.901492+00:00,6,2026-09-21 22:33:56.705354+00:00,a14e383569824ca6bce9a4299ffe9a54,2.2CP Parking Hoist,2.2CP Parking Hoist,2.2CP Parking Hoist,2.2CP Parking Hoist,3870.000000,1120.000000,690.000000,3870.0,1120.0,690.0,3.8700,1.1200,0.6900,1000.000000,1000.0000,2.991000,2.991000,1.000000,P,P,False,False,False,False,,0,,[],True,PRODUCT_RECONCILIATION,b6065f1ebaeb2a6e64abf7d0ae436849eb85419c34c61a2e4e4560a966fab444,90956de1c6147ec6230b055adc723a43efa30d398bad6e8ba00416a5ea2fed12,"{""schema"": 1, ""row_action"": ""UPDATE"", ""apply_batch_id"": ""a14e383569824ca6bce9a4299ffe9a54"", ""approved_values"": {""name"": ""2.2CP Parking Hoist"", ""width_m"": ""1.1200"", ""cubic_m3"": ""2.991000"", ""height_m"": ""0.6900"", ""length_m"": ""3.8700"", ""weight_kg"": ""1000.0000"", ""description"": ""2.2CP Parking Hoist"", ""freight_type"": ""P""}, ""field_decisions"": {""name"": ""SOURCE"", ""cubic"": ""OPERATIONAL"", ""weight"": ""OPERATIONAL"", ""dimensions"": ""OPERATIONAL"", ""description"": ""SOURCE"", ""freight_type"": ""SOURCE""}, ""adopted_operational_state"": false, ""backfilled_from_applied_decision"": true}",Adopted from previously applied decision #69. Recommended initial correction: Source name/description and pallet C/P rule; retain Calculator physical values pending separate review.,2026-09-22 22:35:55.458645+00:00,2026-09-22 22:35:55.457799+00:00,1,SAFE_CANDIDATE,
LASER-2.2CP-B1PH,28568,DIFFERENT,TEXT_ONLY,UPDATE,APPLIED,SOURCE,SOURCE,OPERATIONAL,OPERATIONAL,OPERATIONAL,SOURCE,"{""name"": ""SOURCE"", ""cubic"": ""OPERATIONAL"", ""weight"": ""OPERATIONAL"", ""dimensions"": ""OPERATIONAL"", ""description"": ""SOURCE"", ""freight_type"": ""SOURCE""}",{},Recommended initial correction: Source name/description and pallet C/P rule; retain Calculator physical values pending separate review.,6,2026-09-21 22:19:44.902932+00:00,6,2026-09-21 22:33:56.705354+00:00,a14e383569824ca6bce9a4299ffe9a54,2.2CP Parking Hoist 1 Phase,2.2CP Parking Hoist 1 Phase,2.2CP Parking Hoist 1 Phase,2.2CP Parking Hoist 1 Phase,4200.000000,1150.000000,720.000000,4200.0,1150.0,720.0,4.2000,1.1500,0.7200,1100.000000,1100.0000,3.478000,3.478000,1.000000,P,P,False,False,False,False,,0,,[],True,PRODUCT_RECONCILIATION,6caa6f155c96a216ec863b331225cc31bfd701128df63494500a19966029d84d,c674162618094997c655300eb9dbd257267ec6781e94126943e81ad2b11f1c79,"{""schema"": 1, ""row_action"": ""UPDATE"", ""apply_batch_id"": ""a14e383569824ca6bce9a4299ffe9a54"", ""approved_values"": {""name"": ""2.2CP Parking Hoist 1 Phase"", ""width_m"": ""1.1500"", ""cubic_m3"": ""3.478000"", ""height_m"": ""0.7200"", ""length_m"": ""4.2000"", ""weight_kg"": ""1100.0000"", ""description"": ""2.2CP Parking Hoist 1 Phase"", ""freight_type"": ""P""}, ""field_decisions"": {""name"": ""SOURCE"", ""cubic"": ""OPERATIONAL"", ""weight"": ""OPERATIONAL"", ""dimensions"": ""OPERATIONAL"", ""description"": ""SOURCE"", ""freight_type"": ""SOURCE""}, ""adopted_operational_state"": false, ""backfilled_from_applied_decision"": true}",Adopted from previously applied decision #70. Recommended initial correction: Source name/description and pallet C/P rule; retain Calculator physical values pending separate review.,2026-09-22 22:35:55.461464+00:00,2026-09-22 22:35:55.460620+00:00,1,SAFE_CANDIDATE,
LASER-2.2CP-B3PH,28569,DIFFERENT,TEXT_ONLY,UPDATE,APPLIED,SOURCE,SOURCE,OPERATIONAL,OPERATIONAL,OPERATIONAL,SOURCE,"{""name"": ""SOURCE"", ""cubic"": ""OPERATIONAL"", ""weight"": ""OPERATIONAL"", ""dimensions"": ""OPERATIONAL"", ""description"": ""SOURCE"", ""freight_type"": ""SOURCE""}",{},Recommended initial correction: Source name/description and pallet C/P rule; retain Calculator physical values pending separate review.,6,2026-09-21 22:19:44.904363+00:00,6,2026-09-21 22:33:56.705354+00:00,a14e383569824ca6bce9a4299ffe9a54,2.2CP Parking Hoist 3 Phase,2.2CP Parking Hoist 3 Phase,2.2CP Parking Hoist 3 Phase,2.2CP Parking Hoist 3 Phase,4200.000000,1150.000000,720.000000,4200.0,1150.0,720.0,4.2000,1.1500,0.7200,1100.000000,1100.0000,3.478000,3.478000,1.000000,P,P,False,False,False,False,,0,,[],True,PRODUCT_RECONCILIATION,0dd57b568b44817c6dde7714157d8bd86b96a52150e6295f433b83d1e55549e0,4c717e66fff8990d48b973d992b137cedcc2bf3a4fec919844f8653b5c5bf3c7,"{""schema"": 1, ""row_action"": ""UPDATE"", ""apply_batch_id"": ""a14e383569824ca6bce9a4299ffe9a54"", ""approved_values"": {""name"": ""2.2CP Parking Hoist 3 Phase"", ""width_m"": ""1.1500"", ""cubic_m3"": ""3.478000"", ""height_m"": ""0.7200"", ""length_m"": ""4.2000"", ""weight_kg"": ""1100.0000"", ""description"": ""2.2CP Parking Hoist 3 Phase"", ""freight_type"": ""P""}, ""field_decisions"": {""name"": ""SOURCE"", ""cubic"": ""OPERATIONAL"", ""weight"": ""OPERATIONAL"", ""dimensions"": ""OPERATIONAL"", ""description"": ""SOURCE"", ""freight_type"": ""SOURCE""}, ""adopted_operational_state"": false, ""backfilled_from_applied_decision"": true}",Adopted from previously applied decision #71. Recommended initial correction: Source name/description and pallet C/P rule; retain Calculator physical values pending separate review.,2026-09-22 22:35:55.464066+00:00,2026-09-22 22:35:55.463295+00:00,1,SAFE_CANDIDATE,
LASER-2.2CP7016,28570,DIFFERENT,TEXT_ONLY,UPDATE,APPLIED,SOURCE,SOURCE,OPERATIONAL,OPERATIONAL,OPERATIONAL,SOURCE,"{""name"": ""SOURCE"", ""cubic"": ""OPERATIONAL"", ""weight"": ""OPERATIONAL"", ""dimensions"": ""OPERATIONAL"", ""description"": ""SOURCE"", ""freight_type"": ""SOURCE""}",{},Recommended initial correction: Source name/description and pallet C/P rule; retain Calculator physical values pending separate review.,6,2026-09-21 22:19:44.906160+00:00,6,2026-09-21 22:33:56.705354+00:00,a14e383569824ca6bce9a4299ffe9a54,2.2CP Parking Hoist Grey,2.2CP Parking Hoist Grey,2.2CP Parking Hoist Grey,2.2CP Parking Hoist Grey,4400.000000,1120.000000,800.000000,4400.0,1120.0,800.0,4.4000,1.1200,0.8000,1100.000000,1100.0000,3.942000,3.942000,1.000000,P,P,False,False,False,False,,0,,[],True,PRODUCT_RECONCILIATION,3df12787dfa910154995e60fac306e1bca7a47d3ff907cb7a6815ccc637f30e5,aa0f8cbc71dc91d7dc1b91536c91b3bd97630f487f9e6398fbb05e1ea9f043ad,"{""schema"": 1, ""row_action"": ""UPDATE"", ""apply_batch_id"": ""a14e383569824ca6bce9a4299ffe9a54"", ""approved_values"": {""name"": ""2.2CP Parking Hoist Grey"", ""width_m"": ""1.1200"", ""cubic_m3"": ""3.942000"", ""height_m"": ""0.8000"", ""length_m"": ""4.4000"", ""weight_kg"": ""1100.0000"", ""description"": ""2.2CP Parking Hoist Grey"", ""freight_type"": ""P""}, ""field_decisions"": {""name"": ""SOURCE"", ""cubic"": ""OPERATIONAL"", ""weight"": ""OPERATIONAL"", ""dimensions"": ""OPERATIONAL"", ""description"": ""SOURCE"", ""freight_type"": ""SOURCE""}, ""adopted_operational_state"": false, ""backfilled_from_applied_decision"": true}",Adopted from previously applied decision #72. Recommended initial correction: Source name/description and pallet C/P rule; retain Calculator physical values pending separate review.,2026-09-22 22:35:55.449670+00:00,2026-09-22 22:35:55.448868+00:00,1,SAFE_CANDIDATE,
LASER-4.3,28571,DIFFERENT,SOURCE_DIMENSIONS_ZERO,UPDATE,APPLIED,SOURCE,SOURCE,OPERATIONAL,OPERATIONAL,OPERATIONAL,SOURCE,"{""name"": ""SOURCE"", ""cubic"": ""OPERATIONAL"", ""weight"": ""OPERATIONAL"", ""dimensions"": ""OPERATIONAL"", ""description"": ""SOURCE"", ""freight_type"": ""SOURCE""}",{},Recommended initial correction: Source name/description and pallet C/P rule; retain Calculator physical values pending separate review.,6,2026-09-21 22:19:44.907704+00:00,6,2026-09-21 22:33:56.705354+00:00,a14e383569824ca6bce9a4299ffe9a54,4 Post Car Parking Hoist 3 pts,4 Post Car Parking Hoist 3 pts,4 Post Car Parking Hoist,4 Post Car Parking Hoist,0.000000,0.000000,0.000000,3550.0,1170.0,710.0,3.5500,1.1700,0.7100,2734.000000,2734.0000,8.410000,8.410000,3.000000,P,P,True,False,False,False,,0,,[],True,PRODUCT_RECONCILIATION,55f0daa8b5fbc8fe2732e5a17c72f0505c2334f889af306e5c192362925164e4,28a4c02f19be0de8d528d4c19088c62ef09412ef2deb3fa83de3a1c5bcb32b16,"{""schema"": 1, ""row_action"": ""UPDATE"", ""apply_batch_id"": ""a14e383569824ca6bce9a4299ffe9a54"", ""approved_values"": {""name"": ""4 Post Car Parking Hoist 3 pts"", ""width_m"": ""1.1700"", ""cubic_m3"": ""8.410000"", ""height_m"": ""0.7100"", ""length_m"": ""3.5500"", ""weight_kg"": ""2734.0000"", ""description"": ""4 Post Car Parking Hoist"", ""freight_type"": ""P""}, ""field_decisions"": {""name"": ""SOURCE"", ""cubic"": ""OPERATIONAL"", ""weight"": ""OPERATIONAL"", ""dimensions"": ""OPERATIONAL"", ""description"": ""SOURCE"", ""freight_type"": ""SOURCE""}, ""adopted_operational_state"": false, ""backfilled_from_applied_decision"": true}",Adopted from previously applied decision #73. Recommended initial correction: Source name/description and pallet C/P rule; retain Calculator physical values pending separate review.,2026-09-22 22:35:55.472397+00:00,2026-09-22 22:35:55.471610+00:00,1,SAFE_CANDIDATE,
LASER2.2-CP2002,28572,DIFFERENT,SOURCE_DIMENSIONS_ZERO,UPDATE,APPLIED,SOURCE,SOURCE,OPERATIONAL,OPERATIONAL,OPERATIONAL,SOURCE,"{""name"": ""SOURCE"", ""cubic"": ""OPERATIONAL"", ""weight"": ""OPERATIONAL"", ""dimensions"": ""OPERATIONAL"", ""description"": ""SOURCE"", ""freight_type"": ""SOURCE""}",{},Recommended initial correction: Source name/description and pallet C/P rule; retain Calculator physical values pending separate review.,6,2026-09-21 22:19:44.909336+00:00,6,2026-09-21 22:33:56.705354+00:00,a14e383569824ca6bce9a4299ffe9a54,Laser 2.2-CP RAL2002,Laser 2.2-CP RAL2002,Laser 2.2-CP RAL2002,Laser 2.2-CP RAL2002,0.000000,0.000000,0.000000,1350.0,850.0,1250.0,1.3500,0.8500,1.2500,2900.000000,2900.0000,6.510000,6.510000,4.000000,P,P,True,False,False,False,,0,,[],True,PRODUCT_RECONCILIATION,f17e0503d31a59c16a346da640af80e6b1cbee9012435f0f2c99153176a54735,99c8dbe3af8cdf29d356d788e443a38690515c6a8a0b79b742ba66f0d570714c,"{""schema"": 1, ""row_action"": ""UPDATE"", ""apply_batch_id"": ""a14e383569824ca6bce9a4299ffe9a54"", ""approved_values"": {""name"": ""Laser 2.2-CP RAL2002"", ""width_m"": ""0.8500"", ""cubic_m3"": ""6.510000"", ""height_m"": ""1.2500"", ""length_m"": ""1.3500"", ""weight_kg"": ""2900.0000"", ""description"": ""Laser 2.2-CP RAL2002"", ""freight_type"": ""P""}, ""field_decisions"": {""name"": ""SOURCE"", ""cubic"": ""OPERATIONAL"", ""weight"": ""OPERATIONAL"", ""dimensions"": ""OPERATIONAL"", ""description"": ""SOURCE"", ""freight_type"": ""SOURCE""}, ""adopted_operational_state"": false, ""backfilled_from_applied_decision"": true}",Adopted from previously applied decision #74. Recommended initial correction: Source name/description and pallet C/P rule; retain Calculator physical values pending separate review.,2026-09-22 22:35:55.443999+00:00,2026-09-22 22:35:55.443149+00:00,1,SAFE_CANDIDATE,
LIGHTING-SET,28754,DIFFERENT,SOURCE_DIMENSIONS_ZERO,UPDATE,APPLIED,SOURCE,SOURCE,OPERATIONAL,OPERATIONAL,OPERATIONAL,SOURCE,"{""name"": ""SOURCE"", ""cubic"": ""OPERATIONAL"", ""weight"": ""OPERATIONAL"", ""dimensions"": ""OPERATIONAL"", ""description"": ""SOURCE"", ""freight_type"": ""SOURCE""}",{},Recommended initial correction: Source name/description and pallet C/P rule; retain Calculator physical values pending separate review.,6,2026-09-21 22:19:44.910862+00:00,6,2026-09-21 22:33:56.705354+00:00,a14e383569824ca6bce9a4299ffe9a54,Lighting Set for Magix 35DS-2,Lighting Set for Magix 35DS-2,Lighting Set for Magix 35DS-2,Lighting Set for Magix 35DS-2,0.000000,0.000000,0.000000,2750.0,210.0,120.0,2.7500,0.2100,0.1200,3.791700,182.0000,0.034000,1.630000,1.000000,P,P,True,True,True,False,,0,,[],True,PRODUCT_RECONCILIATION,5a05a8d6a933912673600db6f1e744e45dc0e9193830b2e52366690f63815247,6651c9ed6fb08e561814a311a906c9d418104a4997464d6d2257539a2c35dacd,"{""schema"": 1, ""row_action"": ""UPDATE"", ""apply_batch_id"": ""a14e383569824ca6bce9a4299ffe9a54"", ""approved_values"": {""name"": ""Lighting Set for Magix 35DS-2"", ""width_m"": ""0.2100"", ""cubic_m3"": ""1.630000"", ""height_m"": ""0.1200"", ""length_m"": ""2.7500"", ""weight_kg"": ""182.0000"", ""description"": ""Lighting Set for Magix 35DS-2"", ""freight_type"": ""P""}, ""field_decisions"": {""name"": ""SOURCE"", ""cubic"": ""OPERATIONAL"", ""weight"": ""OPERATIONAL"", ""dimensions"": ""OPERATIONAL"", ""description"": ""SOURCE"", ""freight_type"": ""SOURCE""}, ""adopted_operational_state"": false, ""backfilled_from_applied_decision"": true}",Adopted from previously applied decision #75. Recommended initial correction: Source name/description and pallet C/P rule; retain Calculator physical values pending separate review.,2026-09-22 22:35:55.478010+00:00,2026-09-22 22:35:55.477194+00:00,1,SAFE_CANDIDATE,
M2.35FP,28932,DIFFERENT,TEXT_ONLY,UPDATE,APPLIED,SOURCE,SOURCE,OPERATIONAL,OPERATIONAL,OPERATIONAL,SOURCE,"{""name"": ""SOURCE"", ""cubic"": ""OPERATIONAL"", ""weight"": ""OPERATIONAL"", ""dimensions"": ""OPERATIONAL"", ""description"": ""SOURCE"", ""freight_type"": ""SOURCE""}",{},Recommended initial correction: Source name/description and pallet C/P rule; retain Calculator physical values pending separate review.,6,2026-09-21 22:19:44.912302+00:00,6,2026-09-21 22:33:56.705354+00:00,a14e383569824ca6bce9a4299ffe9a54,Maestro 2.35 F Premium,Maestro 2.35 F Premium,Maestro 2.35 F Premium,Maestro 2.35 F Premium,2770.000000,1100.000000,440.000000,2770.0,1100.0,440.0,2.7700,1.1000,0.4400,695.000000,695.0000,1.341000,1.341000,1.000000,P,P,False,False,False,False,,0,,[],True,PRODUCT_RECONCILIATION,71c26b28d8c78e830ccf86b5433b22b27d1cdcb9d750f7595be651cfe0132c76,1827757a7975aba2951c5ad0305ec10bf6653152b08391b0a73690d5b18400cf,"{""schema"": 1, ""row_action"": ""UPDATE"", ""apply_batch_id"": ""a14e383569824ca6bce9a4299ffe9a54"", ""approved_values"": {""name"": ""Maestro 2.35 F Premium"", ""width_m"": ""1.1000"", ""cubic_m3"": ""1.341000"", ""height_m"": ""0.4400"", ""length_m"": ""2.7700"", ""weight_kg"": ""695.0000"", ""description"": ""Maestro 2.35 F Premium"", ""freight_type"": ""P""}, ""field_decisions"": {""name"": ""SOURCE"", ""cubic"": ""OPERATIONAL"", ""weight"": ""OPERATIONAL"", ""dimensions"": ""OPERATIONAL"", ""description"": ""SOURCE"", ""freight_type"": ""SOURCE""}, ""adopted_operational_state"": false, ""backfilled_from_applied_decision"": true}",Adopted from previously applied decision #76. Recommended initial correction: Source name/description and pallet C/P rule; retain Calculator physical values pending separate review.,2026-09-22 22:35:55.480747+00:00,2026-09-22 22:35:55.479893+00:00,1,SAFE_CANDIDATE,
M245-25A24013,28933,DIFFERENT,PHYSICAL_DIFFERENCES,UPDATE,APPLIED,SOURCE,SOURCE,OPERATIONAL,OPERATIONAL,OPERATIONAL,SOURCE,"{""name"": ""SOURCE"", ""cubic"": ""OPERATIONAL"", ""weight"": ""OPERATIONAL"", ""dimensions"": ""OPERATIONAL"", ""description"": ""SOURCE"", ""freight_type"": ""SOURCE""}",{},Recommended initial correction: Source name/description and pallet C/P rule; retain Calculator physical values pending separate review.,6,2026-09-21 22:19:44.913981+00:00,6,2026-09-21 22:33:56.705354+00:00,a14e383569824ca6bce9a4299ffe9a54,Hydraulic Power Pack 415V P3,Hydraulic Power Pack 415V P3,Hydraulic Power Pack 415V Phase 3,Hydraulic Power Pack 415V Phase 3,1000.000000,1200.000000,1700.000000,1000.0,1200.0,1700.0,1.0000,1.2000,1.7000,23.800000,595.0000,0.081600,2.040000,1.000000,P,P,False,True,True,False,,0,,[],True,PRODUCT_RECONCILIATION,f67db83075ac01e277b9134496635d25cfd7a26fae1a0437fe40707160e42598,f247172e3fd14931db356855d9dab9f7abc3cb218f2fc4512cb1042371617487,"{""schema"": 1, ""row_action"": ""UPDATE"", ""apply_batch_id"": ""a14e383569824ca6bce9a4299ffe9a54"", ""approved_values"": {""name"": ""Hydraulic Power Pack 415V P3"", ""width_m"": ""1.2000"", ""cubic_m3"": ""2.040000"", ""height_m"": ""1.7000"", ""length_m"": ""1.0000"", ""weight_kg"": ""595.0000"", ""description"": ""Hydraulic Power Pack 415V Phase 3"", ""freight_type"": ""P""}, ""field_decisions"": {""name"": ""SOURCE"", ""cubic"": ""OPERATIONAL"", ""weight"": ""OPERATIONAL"", ""dimensions"": ""OPERATIONAL"", ""description"": ""SOURCE"", ""freight_type"": ""SOURCE""}, ""adopted_operational_state"": false, ""backfilled_from_applied_decision"": true}",Adopted from previously applied decision #77. Recommended initial correction: Source name/description and pallet C/P rule; retain Calculator physical values pending separate review.,2026-09-22 22:35:55.484782+00:00,2026-09-22 22:35:55.483877+00:00,1,SAFE_CANDIDATE,
M75HWB,28996,DIFFERENT,PHYSICAL_DIFFERENCES,UPDATE,APPLIED,SOURCE,SOURCE,OPERATIONAL,OPERATIONAL,OPERATIONAL,SOURCE,"{""name"": ""SOURCE"", ""cubic"": ""OPERATIONAL"", ""weight"": ""OPERATIONAL"", ""dimensions"": ""OPERATIONAL"", ""description"": ""SOURCE"", ""freight_type"": ""SOURCE""}",{},Recommended initial correction: Source name/description and pallet C/P rule; retain Calculator physical values pending separate review.,6,2026-09-21 22:19:44.915529+00:00,6,2026-09-21 22:33:56.705354+00:00,a14e383569824ca6bce9a4299ffe9a54,Mobile 75 H WB Columns,Mobile 75 H WB Columns,Mobile 75 H WB Columns,Mobile 75 H WB Columns,2450.000000,1150.000000,2300.000000,2450.0,1150.0,2300.0,2.4500,1.1500,2.3000,587.500000,1175.0000,3.240000,6.480000,1.000000,P,P,False,True,True,False,,0,,[],True,PRODUCT_RECONCILIATION,a8ff243590bb983e1826d8252d8f4b4d25594ecc4dce7e5a09257c98d0e84484,0b3ba639432b5d921a5198cd03c98ab1528bbd23a6531852c04472dd5306f13a,"{""schema"": 1, ""row_action"": ""UPDATE"", ""apply_batch_id"": ""a14e383569824ca6bce9a4299ffe9a54"", ""approved_values"": {""name"": ""Mobile 75 H WB Columns"", ""width_m"": ""1.1500"", ""cubic_m3"": ""6.480000"", ""height_m"": ""2.3000"", ""length_m"": ""2.4500"", ""weight_kg"": ""1175.0000"", ""description"": ""Mobile 75 H WB Columns"", ""freight_type"": ""P""}, ""field_decisions"": {""name"": ""SOURCE"", ""cubic"": ""OPERATIONAL"", ""weight"": ""OPERATIONAL"", ""dimensions"": ""OPERATIONAL"", ""description"": ""SOURCE"", ""freight_type"": ""SOURCE""}, ""adopted_operational_state"": false, ""backfilled_from_applied_decision"": true}",Adopted from previously applied decision #78. Recommended initial correction: Source name/description and pallet C/P rule; retain Calculator physical values pending separate review.,2026-09-22 22:35:55.487575+00:00,2026-09-22 22:35:55.486789+00:00,1,SAFE_CANDIDATE,
MA232F,29011,DIFFERENT,SOURCE_DIMENSIONS_ZERO,UPDATE,APPLIED,SOURCE,SOURCE,OPERATIONAL,OPERATIONAL,OPERATIONAL,SOURCE,"{""name"": ""SOURCE"", ""cubic"": ""OPERATIONAL"", ""weight"": ""OPERATIONAL"", ""dimensions"": ""OPERATIONAL"", ""description"": ""SOURCE"", ""freight_type"": ""SOURCE""}",{},Recommended initial correction: Source name/description and pallet C/P rule; retain Calculator physical values pending separate review.,6,2026-09-21 22:19:44.917023+00:00,6,2026-09-21 22:33:56.705354+00:00,a14e383569824ca6bce9a4299ffe9a54,Maestro Hoist 2.32 F,Maestro Hoist 2.32 F,Maestro Hoist 2.32 F,Maestro Hoist 2.32 F,0.000000,0.000000,0.000000,2770.0,1100.0,490.0,2.7700,1.1000,0.4900,641.000000,641.0000,1.482000,1.482000,1.000000,P,P,True,False,False,False,,0,,[],True,PRODUCT_RECONCILIATION,cc4f8238cee6d3f8399a2ceffaba3b68171f4732694904e4eca34c5b7e349cc7,dde155c122c2e3780dd16c0b3ef174935a28aade8fd42e3e198298982de430d4,"{""schema"": 1, ""row_action"": ""UPDATE"", ""apply_batch_id"": ""a14e383569824ca6bce9a4299ffe9a54"", ""approved_values"": {""name"": ""Maestro Hoist 2.32 F"", ""width_m"": ""1.1000"", ""cubic_m3"": ""1.482000"", ""height_m"": ""0.4900"", ""length_m"": ""2.7700"", ""weight_kg"": ""641.0000"", ""description"": ""Maestro Hoist 2.32 F"", ""freight_type"": ""P""}, ""field_decisions"": {""name"": ""SOURCE"", ""cubic"": ""OPERATIONAL"", ""weight"": ""OPERATIONAL"", ""dimensions"": ""OPERATIONAL"", ""description"": ""SOURCE"", ""freight_type"": ""SOURCE""}, ""adopted_operational_state"": false, ""backfilled_from_applied_decision"": true}",Adopted from previously applied decision #79. Recommended initial correction: Source name/description and pallet C/P rule; retain Calculator physical values pending separate review.,2026-09-22 22:35:55.490297+00:00,2026-09-22 22:35:55.489413+00:00,1,SAFE_CANDIDATE,
MA235FS,29012,DIFFERENT,TEXT_ONLY,UPDATE,APPLIED,SOURCE,SOURCE,OPERATIONAL,OPERATIONAL,OPERATIONAL,SOURCE,"{""name"": ""SOURCE"", ""cubic"": ""OPERATIONAL"", ""weight"": ""OPERATIONAL"", ""dimensions"": ""OPERATIONAL"", ""description"": ""SOURCE"", ""freight_type"": ""SOURCE""}",{},Recommended initial correction: Source name/description and pallet C/P rule; retain Calculator physical values pending separate review.,6,2026-09-21 22:19:44.918491+00:00,6,2026-09-21 22:33:56.705354+00:00,a14e383569824ca6bce9a4299ffe9a54,Maestro Hoist 2.35 F,Maestro Hoist 2.35 F,Maestro Hoist 2.35 F,Maestro Hoist 2.35 F,2750.000000,1100.000000,490.000000,2750.0,1100.0,490.0,2.7500,1.1000,0.4900,688.000000,688.0000,1.482000,1.482000,1.000000,P,P,False,False,False,False,,0,,[],True,PRODUCT_RECONCILIATION,e15ce3e7a03eb14367da31efbf994d16eb1a7fa402d9edabe02216c44112fe10,f0ffd5a82c3246362ac2d8156dbae7d4a8d4641d983a8b761fa2ce30411a8a41,"{""schema"": 1, ""row_action"": ""UPDATE"", ""apply_batch_id"": ""a14e383569824ca6bce9a4299ffe9a54"", ""approved_values"": {""name"": ""Maestro Hoist 2.35 F"", ""width_m"": ""1.1000"", ""cubic_m3"": ""1.482000"", ""height_m"": ""0.4900"", ""length_m"": ""2.7500"", ""weight_kg"": ""688.0000"", ""description"": ""Maestro Hoist 2.35 F"", ""freight_type"": ""P""}, ""field_decisions"": {""name"": ""SOURCE"", ""cubic"": ""OPERATIONAL"", ""weight"": ""OPERATIONAL"", ""dimensions"": ""OPERATIONAL"", ""description"": ""SOURCE"", ""freight_type"": ""SOURCE""}, ""adopted_operational_state"": false, ""backfilled_from_applied_decision"": true}",Adopted from previously applied decision #80. Recommended initial correction: Source name/description and pallet C/P rule; retain Calculator physical values pending separate review.,2026-09-22 22:35:55.493062+00:00,2026-09-22 22:35:55.492116+00:00,1,SAFE_CANDIDATE,
MA235FSP,29013,DIFFERENT,SOURCE_DIMENSIONS_ZERO,UPDATE,APPLIED,SOURCE,SOURCE,OPERATIONAL,OPERATIONAL,OPERATIONAL,SOURCE,"{""name"": ""SOURCE"", ""cubic"": ""OPERATIONAL"", ""weight"": ""OPERATIONAL"", ""dimensions"": ""OPERATIONAL"", ""description"": ""SOURCE"", ""freight_type"": ""SOURCE""}",{},Recommended initial correction: Source name/description and pallet C/P rule; retain Calculator physical values pending separate review.,6,2026-09-21 22:19:44.919932+00:00,6,2026-09-21 22:33:56.705354+00:00,a14e383569824ca6bce9a4299ffe9a54,Maestro Hoist 2.35 F Sport,Maestro Hoist 2.35 F Sport,Maestro Hoist 2.35 F Sport,Maestro Hoist 2.35 F Sport,0.000000,0.000000,0.000000,2770.0,1100.0,440.0,2.7700,1.1000,0.4400,695.000000,695.0000,1.341000,1.341000,1.000000,P,P,True,False,False,False,,0,,[],True,PRODUCT_RECONCILIATION,baf2ead9c74b6906ec5818b19120e6e989a2ba3dc9c2ad473550bdc057ed9a6e,f44079c06c8d688695246b46fab13a348a0574be3ef6ea1c9bd2505240333062,"{""schema"": 1, ""row_action"": ""UPDATE"", ""apply_batch_id"": ""a14e383569824ca6bce9a4299ffe9a54"", ""approved_values"": {""name"": ""Maestro Hoist 2.35 F Sport"", ""width_m"": ""1.1000"", ""cubic_m3"": ""1.341000"", ""height_m"": ""0.4400"", ""length_m"": ""2.7700"", ""weight_kg"": ""695.0000"", ""description"": ""Maestro Hoist 2.35 F Sport"", ""freight_type"": ""P""}, ""field_decisions"": {""name"": ""SOURCE"", ""cubic"": ""OPERATIONAL"", ""weight"": ""OPERATIONAL"", ""dimensions"": ""OPERATIONAL"", ""description"": ""SOURCE"", ""freight_type"": ""SOURCE""}, ""adopted_operational_state"": false, ""backfilled_from_applied_decision"": true}",Adopted from previously applied decision #81. Recommended initial correction: Source name/description and pallet C/P rule; retain Calculator physical values pending separate review.,2026-09-22 22:35:55.496301+00:00,2026-09-22 22:35:55.495372+00:00,1,SAFE_CANDIDATE,
MA235FSP-Q,29014,DIFFERENT,SOURCE_DIMENSIONS_ZERO,UPDATE,APPLIED,SOURCE,SOURCE,OPERATIONAL,OPERATIONAL,OPERATIONAL,SOURCE,"{""name"": ""SOURCE"", ""cubic"": ""OPERATIONAL"", ""weight"": ""OPERATIONAL"", ""dimensions"": ""OPERATIONAL"", ""description"": ""SOURCE"", ""freight_type"": ""SOURCE""}",{},Recommended initial correction: Source name/description and pallet C/P rule; retain Calculator physical values pending separate review.,6,2026-09-21 22:19:44.921524+00:00,6,2026-09-21 22:33:56.705354+00:00,a14e383569824ca6bce9a4299ffe9a54,Maestro Hoist 2.35 F Sport Q,Maestro Hoist 2.35 F Sport Q,Maestro Hoist 2.35 F Sport Quarantine,Maestro Hoist 2.35 F Sport Quarantine,0.000000,0.000000,0.000000,3100.0,1100.0,440.0,3.1000,1.1000,0.4400,695.000000,695.0000,1.341000,1.341000,1.000000,P,P,True,False,False,False,,0,,[],True,PRODUCT_RECONCILIATION,dcf4ac548ad2115f373a406df26cc786258f8e0fc24fd902278dec0b92fcda85,78e66e98db99afa1e00f3d784c58b1e7498245949763dd862d5751e4fca160d0,"{""schema"": 1, ""row_action"": ""UPDATE"", ""apply_batch_id"": ""a14e383569824ca6bce9a4299ffe9a54"", ""approved_values"": {""name"": ""Maestro Hoist 2.35 F Sport Q"", ""width_m"": ""1.1000"", ""cubic_m3"": ""1.341000"", ""height_m"": ""0.4400"", ""length_m"": ""3.1000"", ""weight_kg"": ""695.0000"", ""description"": ""Maestro Hoist 2.35 F Sport Quarantine"", ""freight_type"": ""P""}, ""field_decisions"": {""name"": ""SOURCE"", ""cubic"": ""OPERATIONAL"", ""weight"": ""OPERATIONAL"", ""dimensions"": ""OPERATIONAL"", ""description"": ""SOURCE"", ""freight_type"": ""SOURCE""}, ""adopted_operational_state"": false, ""backfilled_from_applied_decision"": true}",Adopted from previously applied decision #82. Recommended initial correction: Source name/description and pallet C/P rule; retain Calculator physical values pending separate review.,2026-09-22 22:35:55.499199+00:00,2026-09-22 22:35:55.498367+00:00,1,SAFE_CANDIDATE,
MA250FL,29016,DIFFERENT,SOURCE_DIMENSIONS_ZERO,UPDATE,APPLIED,SOURCE,SOURCE,OPERATIONAL,OPERATIONAL,OPERATIONAL,SOURCE,"{""name"": ""SOURCE"", ""cubic"": ""OPERATIONAL"", ""weight"": ""OPERATIONAL"", ""dimensions"": ""OPERATIONAL"", ""description"": ""SOURCE"", ""freight_type"": ""SOURCE""}",{},Recommended initial correction: Source name/description and pallet C/P rule; retain Calculator physical values pending separate review.,6,2026-09-21 22:19:44.923029+00:00,6,2026-09-21 22:33:56.705354+00:00,a14e383569824ca6bce9a4299ffe9a54,Maestro Hoist 2.50 FL,Maestro Hoist 2.50 FL,Maestro Hoist 2.50 FL,Maestro Hoist 2.50 FL,0.000000,0.000000,0.000000,2390.0,1160.0,500.0,2.3900,1.1600,0.5000,1133.000000,1133.0000,1.341000,1.341000,1.000000,P,P,True,False,False,False,,0,,[],True,PRODUCT_RECONCILIATION,edecd5fc3938d2b267d16ae8c0c466b7b3f776ff83946ac4866bae594fab0c76,978399d69f745b9a49a3dc5ff761ce179535c7a4bce95ad80cd8ba6e2362f699,"{""schema"": 1, ""row_action"": ""UPDATE"", ""apply_batch_id"": ""a14e383569824ca6bce9a4299ffe9a54"", ""approved_values"": {""name"": ""Maestro Hoist 2.50 FL"", ""width_m"": ""1.1600"", ""cubic_m3"": ""1.341000"", ""height_m"": ""0.5000"", ""length_m"": ""2.3900"", ""weight_kg"": ""1133.0000"", ""description"": ""Maestro Hoist 2.50 FL"", ""freight_type"": ""P""}, ""field_decisions"": {""name"": ""SOURCE"", ""cubic"": ""OPERATIONAL"", ""weight"": ""OPERATIONAL"", ""dimensions"": ""OPERATIONAL"", ""description"": ""SOURCE"", ""freight_type"": ""SOURCE""}, ""adopted_operational_state"": false, ""backfilled_from_applied_decision"": true}",Adopted from previously applied decision #83. Recommended initial correction: Source name/description and pallet C/P rule; retain Calculator physical values pending separate review.,2026-09-22 22:35:55.501972+00:00,2026-09-22 22:35:55.501178+00:00,1,SAFE_CANDIDATE,
MA265F,29017,DIFFERENT,SOURCE_DIMENSIONS_ZERO,UPDATE,APPLIED,SOURCE,SOURCE,OPERATIONAL,OPERATIONAL,OPERATIONAL,SOURCE,"{""name"": ""SOURCE"", ""cubic"": ""OPERATIONAL"", ""weight"": ""OPERATIONAL"", ""dimensions"": ""OPERATIONAL"", ""description"": ""SOURCE"", ""freight_type"": ""SOURCE""}",{},Recommended initial correction: Source name/description and pallet C/P rule; retain Calculator physical values pending separate review.,6,2026-09-21 22:19:44.924292+00:00,6,2026-09-21 22:33:56.705354+00:00,a14e383569824ca6bce9a4299ffe9a54,Maestro Hoist 2.65 F - 2 Parts,Maestro Hoist 2.65 F - 2 Parts,Maestro Hoist 2.65 F - 2 Parts,Maestro Hoist 2.65 F - 2 Parts,0.000000,0.000000,0.000000,2390.0,940.0,430.0,2.3900,0.9400,0.4300,1554.000000,1554.0000,2.767000,2.767000,2.000000,P,P,True,False,False,False,,0,,[],True,PRODUCT_RECONCILIATION,78621d4bc1e1e88792adb00063bbd32972c6e1bd3f22b42bd182f210624f698e,3cb149f6673b4f40c1ad936bb282712040c2f7843c7be6ceeb82207c20866e73,"{""schema"": 1, ""row_action"": ""UPDATE"", ""apply_batch_id"": ""a14e383569824ca6bce9a4299ffe9a54"", ""approved_values"": {""name"": ""Maestro Hoist 2.65 F - 2 Parts"", ""width_m"": ""0.9400"", ""cubic_m3"": ""2.767000"", ""height_m"": ""0.4300"", ""length_m"": ""2.3900"", ""weight_kg"": ""1554.0000"", ""description"": ""Maestro Hoist 2.65 F - 2 Parts"", ""freight_type"": ""P""}, ""field_decisions"": {""name"": ""SOURCE"", ""cubic"": ""OPERATIONAL"", ""weight"": ""OPERATIONAL"", ""dimensions"": ""OPERATIONAL"", ""description"": ""SOURCE"", ""freight_type"": ""SOURCE""}, ""adopted_operational_state"": false, ""backfilled_from_applied_decision"": true}",Adopted from previously applied decision #84. Recommended initial correction: Source name/description and pallet C/P rule; retain Calculator physical values pending separate review.,2026-09-22 22:35:55.504648+00:00,2026-09-22 22:35:55.503818+00:00,1,SAFE_CANDIDATE,
MA265FMB,29018,DIFFERENT,SOURCE_DIMENSIONS_ZERO,UPDATE,APPLIED,SOURCE,SOURCE,OPERATIONAL,OPERATIONAL,OPERATIONAL,SOURCE,"{""name"": ""SOURCE"", ""cubic"": ""OPERATIONAL"", ""weight"": ""OPERATIONAL"", ""dimensions"": ""OPERATIONAL"", ""description"": ""SOURCE"", ""freight_type"": ""SOURCE""}",{},Recommended initial correction: Source name/description and pallet C/P rule; retain Calculator physical values pending separate review.,6,2026-09-21 22:19:44.925542+00:00,6,2026-09-21 22:33:56.705354+00:00,a14e383569824ca6bce9a4299ffe9a54,Maestro 2.65F - MB - 2 Parts,Maestro 2.65F - MB - 2 Parts,Maestro 2.65F - MB - 2 Parts,Maestro 2.65F - MB - 2 Parts,0.000000,0.000000,0.000000,2390.0,940.0,430.0,2.3900,0.9400,0.4300,1554.000000,1554.0000,2.219000,2.219000,2.000000,P,P,True,False,False,False,,0,,[],True,PRODUCT_RECONCILIATION,285a4098e644eb95ada0c951a0f79056aca03abcd3bab4418e686d01813b981a,521263b53e91d545d2ee9e6566cf460dd21c7c13c71ec1283f2fd1a6dc5812a0,"{""schema"": 1, ""row_action"": ""UPDATE"", ""apply_batch_id"": ""a14e383569824ca6bce9a4299ffe9a54"", ""approved_values"": {""name"": ""Maestro 2.65F - MB - 2 Parts"", ""width_m"": ""0.9400"", ""cubic_m3"": ""2.219000"", ""height_m"": ""0.4300"", ""length_m"": ""2.3900"", ""weight_kg"": ""1554.0000"", ""description"": ""Maestro 2.65F - MB - 2 Parts"", ""freight_type"": ""P""}, ""field_decisions"": {""name"": ""SOURCE"", ""cubic"": ""OPERATIONAL"", ""weight"": ""OPERATIONAL"", ""dimensions"": ""OPERATIONAL"", ""description"": ""SOURCE"", ""freight_type"": ""SOURCE""}, ""adopted_operational_state"": false, ""backfilled_from_applied_decision"": true}",Adopted from previously applied decision #85. Recommended initial correction: Source name/description and pallet C/P rule; retain Calculator physical values pending separate review.,2026-09-22 22:35:55.507216+00:00,2026-09-22 22:35:55.506396+00:00,1,SAFE_CANDIDATE,
MA32F,29020,DIFFERENT,SOURCE_DIMENSIONS_ZERO,UPDATE,APPLIED,SOURCE,SOURCE,OPERATIONAL,OPERATIONAL,OPERATIONAL,SOURCE,"{""name"": ""SOURCE"", ""cubic"": ""OPERATIONAL"", ""weight"": ""OPERATIONAL"", ""dimensions"": ""OPERATIONAL"", ""description"": ""SOURCE"", ""freight_type"": ""SOURCE""}",{},Recommended initial correction: Source name/description and pallet C/P rule; retain Calculator physical values pending separate review.,6,2026-09-21 22:19:44.926824+00:00,6,2026-09-21 22:33:56.705354+00:00,a14e383569824ca6bce9a4299ffe9a54,Maestro Hoist 32 F,Maestro Hoist 32 F,Maestro Hoist 32 F,Maestro Hoist 32 F,0.000000,0.000000,0.000000,2770.0,1100.0,440.0,2.7700,1.1000,0.4400,695.000000,695.0000,1.341000,1.341000,1.000000,P,P,True,False,False,False,,0,,[],True,PRODUCT_RECONCILIATION,3eeaa76192d5f28ca9b8dfd3c24d4cdcf28737636be58a5bb208c0fa150950be,e6a7a0fb465ecb6f5da47528acf1017af2a65c3df32451d6bafb41d34691718c,"{""schema"": 1, ""row_action"": ""UPDATE"", ""apply_batch_id"": ""a14e383569824ca6bce9a4299ffe9a54"", ""approved_values"": {""name"": ""Maestro Hoist 32 F"", ""width_m"": ""1.1000"", ""cubic_m3"": ""1.341000"", ""height_m"": ""0.4400"", ""length_m"": ""2.7700"", ""weight_kg"": ""695.0000"", ""description"": ""Maestro Hoist 32 F"", ""freight_type"": ""P""}, ""field_decisions"": {""name"": ""SOURCE"", ""cubic"": ""OPERATIONAL"", ""weight"": ""OPERATIONAL"", ""dimensions"": ""OPERATIONAL"", ""description"": ""SOURCE"", ""freight_type"": ""SOURCE""}, ""adopted_operational_state"": false, ""backfilled_from_applied_decision"": true}",Adopted from previously applied decision #86. Recommended initial correction: Source name/description and pallet C/P rule; retain Calculator physical values pending separate review.,2026-09-22 22:35:55.510132+00:00,2026-09-22 22:35:55.509144+00:00,1,SAFE_CANDIDATE,
MA35MFP,29021,DIFFERENT,TEXT_ONLY,UPDATE,APPLIED,SOURCE,SOURCE,OPERATIONAL,OPERATIONAL,OPERATIONAL,SOURCE,"{""name"": ""SOURCE"", ""cubic"": ""OPERATIONAL"", ""weight"": ""OPERATIONAL"", ""dimensions"": ""OPERATIONAL"", ""description"": ""SOURCE"", ""freight_type"": ""SOURCE""}",{},Recommended initial correction: Source name/description and pallet C/P rule; retain Calculator physical values pending separate review.,6,2026-09-21 22:19:44.928048+00:00,6,2026-09-21 22:33:56.705354+00:00,a14e383569824ca6bce9a4299ffe9a54,Maestro 35 M F Premium,Maestro 35 M F Premium,Maestro 35 M F Premium,Maestro 35 M F Premium,3150.000000,1150.000000,700.000000,3150.0,1150.0,700.0,3.1500,1.1500,0.7000,700.000000,700.0000,2.536000,2.536000,1.000000,P,P,False,False,False,False,,0,,[],True,PRODUCT_RECONCILIATION,ccdcbdc7929e7f542ceaa57fc7e4a79a7c8af5eed7fb7a1329730cef98a79b7e,2c4099a9916d30a5782c089391a3dafd83b3234f8dcd75287bc7a2f96e77f313,"{""schema"": 1, ""row_action"": ""UPDATE"", ""apply_batch_id"": ""a14e383569824ca6bce9a4299ffe9a54"", ""approved_values"": {""name"": ""Maestro 35 M F Premium"", ""width_m"": ""1.1500"", ""cubic_m3"": ""2.536000"", ""height_m"": ""0.7000"", ""length_m"": ""3.1500"", ""weight_kg"": ""700.0000"", ""description"": ""Maestro 35 M F Premium"", ""freight_type"": ""P""}, ""field_decisions"": {""name"": ""SOURCE"", ""cubic"": ""OPERATIONAL"", ""weight"": ""OPERATIONAL"", ""dimensions"": ""OPERATIONAL"", ""description"": ""SOURCE"", ""freight_type"": ""SOURCE""}, ""adopted_operational_state"": false, ""backfilled_from_applied_decision"": true}",Adopted from previously applied decision #87. Recommended initial correction: Source name/description and pallet C/P rule; retain Calculator physical values pending separate review.,2026-09-22 22:35:55.513170+00:00,2026-09-22 22:35:55.512349+00:00,1,SAFE_CANDIDATE,
MAE2.55F-RAL5002,29033,DIFFERENT,TEXT_ONLY,UPDATE,APPLIED,SOURCE,SOURCE,OPERATIONAL,OPERATIONAL,OPERATIONAL,SOURCE,"{""name"": ""SOURCE"", ""cubic"": ""OPERATIONAL"", ""weight"": ""OPERATIONAL"", ""dimensions"": ""OPERATIONAL"", ""description"": ""SOURCE"", ""freight_type"": ""SOURCE""}",{},Recommended initial correction: Source name/description and pallet C/P rule; retain Calculator physical values pending separate review.,6,2026-09-21 22:19:44.929400+00:00,6,2026-09-21 22:33:56.705354+00:00,a14e383569824ca6bce9a4299ffe9a54,Maestro 2.55 F 2 Post RAL5002,Maestro 2.55 F 2 Post RAL5002,Maestro 2.55 F 2 Post Hoist - RAL5002,Maestro 2.55 F 2 Post Hoist - RAL5002,3100.000000,1160.000000,500.000000,3100.0,1160.0,500.0,3.1000,1.1600,0.5000,1133.000000,1133.0000,1.798000,1.798000,1.000000,P,P,False,False,False,False,,0,,[],True,PRODUCT_RECONCILIATION,8c749d8beb3b413568a74af6b0d87f0ce87e1ffda3af237d6235f843fc1e7424,7d1d7e3c770f77a41895c32def9b84f675f017711e806d0d4cf48eceed92dfa6,"{""schema"": 1, ""row_action"": ""UPDATE"", ""apply_batch_id"": ""a14e383569824ca6bce9a4299ffe9a54"", ""approved_values"": {""name"": ""Maestro 2.55 F 2 Post RAL5002"", ""width_m"": ""1.1600"", ""cubic_m3"": ""1.798000"", ""height_m"": ""0.5000"", ""length_m"": ""3.1000"", ""weight_kg"": ""1133.0000"", ""description"": ""Maestro 2.55 F 2 Post Hoist - RAL5002"", ""freight_type"": ""P""}, ""field_decisions"": {""name"": ""SOURCE"", ""cubic"": ""OPERATIONAL"", ""weight"": ""OPERATIONAL"", ""dimensions"": ""OPERATIONAL"", ""description"": ""SOURCE"", ""freight_type"": ""SOURCE""}, ""adopted_operational_state"": false, ""backfilled_from_applied_decision"": true}",Adopted from previously applied decision #88. Recommended initial correction: Source name/description and pallet C/P rule; retain Calculator physical values pending separate review.,2026-09-22 22:35:55.515857+00:00,2026-09-22 22:35:55.515079+00:00,1,SAFE_CANDIDATE,
MAE2.55F-RAL7012,29034,DIFFERENT,TEXT_ONLY,UPDATE,APPLIED,SOURCE,SOURCE,OPERATIONAL,OPERATIONAL,OPERATIONAL,SOURCE,"{""name"": ""SOURCE"", ""cubic"": ""OPERATIONAL"", ""weight"": ""OPERATIONAL"", ""dimensions"": ""OPERATIONAL"", ""description"": ""SOURCE"", ""freight_type"": ""SOURCE""}",{},Recommended initial correction: Source name/description and pallet C/P rule; retain Calculator physical values pending separate review.,6,2026-09-21 22:19:44.930738+00:00,6,2026-09-21 22:33:56.705354+00:00,a14e383569824ca6bce9a4299ffe9a54,Maestro 2.55 F 2 Post RAL7012,Maestro 2.55 F 2 Post RAL7012,Maestro 2.55 F 2 Post Hoist - RAL7012/7040,Maestro 2.55 F 2 Post Hoist - RAL7012/7040,3100.000000,1160.000000,500.000000,3100.0,1160.0,500.0,3.1000,1.1600,0.5000,1133.000000,1133.0000,1.798000,1.798000,1.000000,P,P,False,False,False,False,,0,,[],True,PRODUCT_RECONCILIATION,b44d9a2e05dc7866f0056e1aee2f707f024625bd9bddd732783fd7d0aa483e4b,6e2accd11548b8467280c77fea94fed30f4425d80f3992bbb7a6cfa7b53b863c,"{""schema"": 1, ""row_action"": ""UPDATE"", ""apply_batch_id"": ""a14e383569824ca6bce9a4299ffe9a54"", ""approved_values"": {""name"": ""Maestro 2.55 F 2 Post RAL7012"", ""width_m"": ""1.1600"", ""cubic_m3"": ""1.798000"", ""height_m"": ""0.5000"", ""length_m"": ""3.1000"", ""weight_kg"": ""1133.0000"", ""description"": ""Maestro 2.55 F 2 Post Hoist - RAL7012/7040"", ""freight_type"": ""P""}, ""field_decisions"": {""name"": ""SOURCE"", ""cubic"": ""OPERATIONAL"", ""weight"": ""OPERATIONAL"", ""dimensions"": ""OPERATIONAL"", ""description"": ""SOURCE"", ""freight_type"": ""SOURCE""}, ""adopted_operational_state"": false, ""backfilled_from_applied_decision"": true}",Adopted from previously applied decision #89. Recommended initial correction: Source name/description and pallet C/P rule; retain Calculator physical values pending separate review.,2026-09-22 22:35:55.519031+00:00,2026-09-22 22:35:55.518224+00:00,1,SAFE_CANDIDATE,
MAESTRO2.32F,29035,DIFFERENT,TEXT_ONLY,UPDATE,APPLIED,SOURCE,SOURCE,OPERATIONAL,OPERATIONAL,OPERATIONAL,SOURCE,"{""name"": ""SOURCE"", ""cubic"": ""OPERATIONAL"", ""weight"": ""OPERATIONAL"", ""dimensions"": ""OPERATIONAL"", ""description"": ""SOURCE"", ""freight_type"": ""SOURCE""}",{},Recommended initial correction: Source name/description and pallet C/P rule; retain Calculator physical values pending separate review.,6,2026-09-21 22:19:44.932017+00:00,6,2026-09-21 22:33:56.705354+00:00,a14e383569824ca6bce9a4299ffe9a54,Two Post Hoist RAL5002,Two Post Hoist RAL5002,Two Post Hoist RAL5002,Two Post Hoist RAL5002,2770.000000,1130.000000,440.000000,2770.0,1130.0,440.0,2.7700,1.1300,0.4400,651.000000,651.0000,1.377000,1.377000,1.000000,P,P,False,False,False,False,,0,,[],True,PRODUCT_RECONCILIATION,4033ae8cf552b72ae7f41bfee531be7adcbd6109266d0802cc90c9c5f86cfab5,4118cf7a00f23dc2eeccfba9bb0f5edc301cb096534e3e8784fc062edf18c7ba,"{""schema"": 1, ""row_action"": ""UPDATE"", ""apply_batch_id"": ""a14e383569824ca6bce9a4299ffe9a54"", ""approved_values"": {""name"": ""Two Post Hoist RAL5002"", ""width_m"": ""1.1300"", ""cubic_m3"": ""1.377000"", ""height_m"": ""0.4400"", ""length_m"": ""2.7700"", ""weight_kg"": ""651.0000"", ""description"": ""Two Post Hoist RAL5002"", ""freight_type"": ""P""}, ""field_decisions"": {""name"": ""SOURCE"", ""cubic"": ""OPERATIONAL"", ""weight"": ""OPERATIONAL"", ""dimensions"": ""OPERATIONAL"", ""description"": ""SOURCE"", ""freight_type"": ""SOURCE""}, ""adopted_operational_state"": false, ""backfilled_from_applied_decision"": true}",Adopted from previously applied decision #90. Recommended initial correction: Source name/description and pallet C/P rule; retain Calculator physical values pending separate review.,2026-09-22 22:35:55.521861+00:00,2026-09-22 22:35:55.521046+00:00,1,SAFE_CANDIDATE,
MAESTRO2.32FARMS,29036,DIFFERENT,TEXT_ONLY,UPDATE,APPLIED,SOURCE,SOURCE,OPERATIONAL,OPERATIONAL,OPERATIONAL,SOURCE,"{""name"": ""SOURCE"", ""cubic"": ""OPERATIONAL"", ""weight"": ""OPERATIONAL"", ""dimensions"": ""OPERATIONAL"", ""description"": ""SOURCE"", ""freight_type"": ""SOURCE""}",{},Recommended initial correction: Source name/description and pallet C/P rule; retain Calculator physical values pending separate review.,6,2026-09-21 22:19:44.933396+00:00,6,2026-09-21 22:33:56.705354+00:00,a14e383569824ca6bce9a4299ffe9a54,Maestro 2.32 F Arm Set,Maestro 2.32 F Arm Set,Maestro 2.32 F Arm Set,Maestro 2.32 F Arm Set,1150.000000,540.000000,330.000000,1150.0,540.0,330.0,1.1500,0.5400,0.3300,123.500000,123.5000,0.205000,0.205000,1.000000,P,P,False,False,False,False,,0,,[],True,PRODUCT_RECONCILIATION,f16edeca257a9fc383d04fed7de62d7a88de9834a2c2678a5be138df5c12622b,212ed7b72a9f11988e2f495b2988ac8e34e33e9c2d360cdb89994c2b69bf9aea,"{""schema"": 1, ""row_action"": ""UPDATE"", ""apply_batch_id"": ""a14e383569824ca6bce9a4299ffe9a54"", ""approved_values"": {""name"": ""Maestro 2.32 F Arm Set"", ""width_m"": ""0.5400"", ""cubic_m3"": ""0.205000"", ""height_m"": ""0.3300"", ""length_m"": ""1.1500"", ""weight_kg"": ""123.5000"", ""description"": ""Maestro 2.32 F Arm Set"", ""freight_type"": ""P""}, ""field_decisions"": {""name"": ""SOURCE"", ""cubic"": ""OPERATIONAL"", ""weight"": ""OPERATIONAL"", ""dimensions"": ""OPERATIONAL"", ""description"": ""SOURCE"", ""freight_type"": ""SOURCE""}, ""adopted_operational_state"": false, ""backfilled_from_applied_decision"": true}",Adopted from previously applied decision #91. Recommended initial correction: Source name/description and pallet C/P rule; retain Calculator physical values pending separate review.,2026-09-22 22:35:55.525043+00:00,2026-09-22 22:35:55.524060+00:00,1,SAFE_CANDIDATE,
MAESTRO2.35FP,29037,DIFFERENT,TEXT_ONLY,UPDATE,APPLIED,SOURCE,SOURCE,OPERATIONAL,OPERATIONAL,OPERATIONAL,SOURCE,"{""name"": ""SOURCE"", ""cubic"": ""OPERATIONAL"", ""weight"": ""OPERATIONAL"", ""dimensions"": ""OPERATIONAL"", ""description"": ""SOURCE"", ""freight_type"": ""SOURCE""}",{},Recommended initial correction: Source name/description and pallet C/P rule; retain Calculator physical values pending separate review.,6,2026-09-21 22:19:44.934720+00:00,6,2026-09-21 22:33:56.705354+00:00,a14e383569824ca6bce9a4299ffe9a54,Maestro Hoist 2.35 F Premium,Maestro Hoist 2.35 F Premium,Maestro Hoist 2.35 F Premium,Maestro Hoist 2.35 F Premium,3150.000000,1150.000000,700.000000,3150.0,1150.0,700.0,3.1500,1.1500,0.7000,700.000000,700.0000,2.536000,2.536000,1.000000,P,P,False,False,False,False,,0,,[],True,PRODUCT_RECONCILIATION,3ec0de0cb6455eb51feffca36e896999bfc23296088eaea03302520ec9839f7a,e5ef99a4730ab9fb7f0615d39031a3a63954f26f0461aafcaf065acddb4bed94,"{""schema"": 1, ""row_action"": ""UPDATE"", ""apply_batch_id"": ""a14e383569824ca6bce9a4299ffe9a54"", ""approved_values"": {""name"": ""Maestro Hoist 2.35 F Premium"", ""width_m"": ""1.1500"", ""cubic_m3"": ""2.536000"", ""height_m"": ""0.7000"", ""length_m"": ""3.1500"", ""weight_kg"": ""700.0000"", ""description"": ""Maestro Hoist 2.35 F Premium"", ""freight_type"": ""P""}, ""field_decisions"": {""name"": ""SOURCE"", ""cubic"": ""OPERATIONAL"", ""weight"": ""OPERATIONAL"", ""dimensions"": ""OPERATIONAL"", ""description"": ""SOURCE"", ""freight_type"": ""SOURCE""}, ""adopted_operational_state"": false, ""backfilled_from_applied_decision"": true}",Adopted from previously applied decision #92. Recommended initial correction: Source name/description and pallet C/P rule; retain Calculator physical values pending separate review.,2026-09-22 22:35:55.528044+00:00,2026-09-22 22:35:55.527205+00:00,1,SAFE_CANDIDATE,
MAESTRO2.35FPD,29038,DIFFERENT,TEXT_ONLY,UPDATE,APPLIED,SOURCE,SOURCE,OPERATIONAL,OPERATIONAL,OPERATIONAL,SOURCE,"{""name"": ""SOURCE"", ""cubic"": ""OPERATIONAL"", ""weight"": ""OPERATIONAL"", ""dimensions"": ""OPERATIONAL"", ""description"": ""SOURCE"", ""freight_type"": ""SOURCE""}",{},Recommended initial correction: Source name/description and pallet C/P rule; retain Calculator physical values pending separate review.,6,2026-09-21 22:19:44.935915+00:00,6,2026-09-21 22:33:56.705354+00:00,a14e383569824ca6bce9a4299ffe9a54,Maestro Hoist 2.35 FP DAMAGED,Maestro Hoist 2.35 FP DAMAGED,Maestro Hoist 2.35 F Premium - Damaged Return,Maestro Hoist 2.35 F Premium - Damaged Return,3150.000000,1150.000000,700.000000,3150.0,1150.0,700.0,3.1500,1.1500,0.7000,700.000000,700.0000,2.536000,2.536000,1.000000,P,P,False,False,False,False,,0,,[],True,PRODUCT_RECONCILIATION,b6085436ecdc16b06efbe2b7776f0d01e8a48c3acf9382ed7f989352e67d2b15,0ba06d83b884457ef7d816fc8e24952a7e4f7354eadf2dda75b95da6dfb3af75,"{""schema"": 1, ""row_action"": ""UPDATE"", ""apply_batch_id"": ""a14e383569824ca6bce9a4299ffe9a54"", ""approved_values"": {""name"": ""Maestro Hoist 2.35 FP DAMAGED"", ""width_m"": ""1.1500"", ""cubic_m3"": ""2.536000"", ""height_m"": ""0.7000"", ""length_m"": ""3.1500"", ""weight_kg"": ""700.0000"", ""description"": ""Maestro Hoist 2.35 F Premium - Damaged Return"", ""freight_type"": ""P""}, ""field_decisions"": {""name"": ""SOURCE"", ""cubic"": ""OPERATIONAL"", ""weight"": ""OPERATIONAL"", ""dimensions"": ""OPERATIONAL"", ""description"": ""SOURCE"", ""freight_type"": ""SOURCE""}, ""adopted_operational_state"": false, ""backfilled_from_applied_decision"": true}",Adopted from previously applied decision #93. Recommended initial correction: Source name/description and pallet C/P rule; retain Calculator physical values pending separate review.,2026-09-22 22:35:55.530795+00:00,2026-09-22 22:35:55.530003+00:00,1,SAFE_CANDIDATE,
MAESTRO2.55FVAS,29040,DIFFERENT,TEXT_ONLY,UPDATE,APPLIED,SOURCE,SOURCE,OPERATIONAL,OPERATIONAL,OPERATIONAL,SOURCE,"{""name"": ""SOURCE"", ""cubic"": ""OPERATIONAL"", ""weight"": ""OPERATIONAL"", ""dimensions"": ""OPERATIONAL"", ""description"": ""SOURCE"", ""freight_type"": ""SOURCE""}",{},Recommended initial correction: Source name/description and pallet C/P rule; retain Calculator physical values pending separate review.,6,2026-09-21 22:19:44.937683+00:00,6,2026-09-21 22:33:56.705354+00:00,a14e383569824ca6bce9a4299ffe9a54,Maestro 2.55 F 2 Post Hoist,Maestro 2.55 F 2 Post Hoist,Maestro 2.55 F 2 Post Hoist,Maestro 2.55 F 2 Post Hoist,3350.000000,1150.000000,1850.000000,3350.0,1150.0,1850.0,3.3500,1.1500,1.8500,1600.000000,1600.0000,7.127000,7.127000,1.000000,P,P,False,False,False,False,,0,,[],True,PRODUCT_RECONCILIATION,69331aaf3c9426ed920980a038419832e4e5294e2d4c95b0e771e2319daa5829,e79516551268129eb1ba83dae775acd0311163d51bd80d7fda7f437b63771b24,"{""schema"": 1, ""row_action"": ""UPDATE"", ""apply_batch_id"": ""a14e383569824ca6bce9a4299ffe9a54"", ""approved_values"": {""name"": ""Maestro 2.55 F 2 Post Hoist"", ""width_m"": ""1.1500"", ""cubic_m3"": ""7.127000"", ""height_m"": ""1.8500"", ""length_m"": ""3.3500"", ""weight_kg"": ""1600.0000"", ""description"": ""Maestro 2.55 F 2 Post Hoist"", ""freight_type"": ""P""}, ""field_decisions"": {""name"": ""SOURCE"", ""cubic"": ""OPERATIONAL"", ""weight"": ""OPERATIONAL"", ""dimensions"": ""OPERATIONAL"", ""description"": ""SOURCE"", ""freight_type"": ""SOURCE""}, ""adopted_operational_state"": false, ""backfilled_from_applied_decision"": true}",Adopted from previously applied decision #94. Recommended initial correction: Source name/description and pallet C/P rule; retain Calculator physical values pending separate review.,2026-09-22 22:35:55.533430+00:00,2026-09-22 22:35:55.532645+00:00,1,SAFE_CANDIDATE,
MAESTRO32MFP,29041,DIFFERENT,TEXT_ONLY,UPDATE,APPLIED,SOURCE,SOURCE,OPERATIONAL,OPERATIONAL,OPERATIONAL,SOURCE,"{""name"": ""SOURCE"", ""cubic"": ""OPERATIONAL"", ""weight"": ""OPERATIONAL"", ""dimensions"": ""OPERATIONAL"", ""description"": ""SOURCE"", ""freight_type"": ""SOURCE""}",{},Recommended initial correction: Source name/description and pallet C/P rule; retain Calculator physical values pending separate review.,6,2026-09-21 22:19:44.939122+00:00,6,2026-09-21 22:33:56.705354+00:00,a14e383569824ca6bce9a4299ffe9a54,Maestro 32MF Prem 2 Post Hoist,Maestro 32MF Prem 2 Post Hoist,Maestro 32MF Premium 2 Post Hoist,Maestro 32MF Premium 2 Post Hoist,2840.000000,1140.000000,530.000000,2840.0,1140.0,530.0,2.8400,1.1400,0.5300,576.000000,576.0000,1.716000,1.716000,1.000000,P,P,False,False,False,False,,0,,[],True,PRODUCT_RECONCILIATION,5f850f5ef1314454831df660327fe555b8f4499a8556a2be3010993f0667da38,e7257a361f514580eef37fc605e8ce815e69868b148b88aa8e5cddf5f49dcaff,"{""schema"": 1, ""row_action"": ""UPDATE"", ""apply_batch_id"": ""a14e383569824ca6bce9a4299ffe9a54"", ""approved_values"": {""name"": ""Maestro 32MF Prem 2 Post Hoist"", ""width_m"": ""1.1400"", ""cubic_m3"": ""1.716000"", ""height_m"": ""0.5300"", ""length_m"": ""2.8400"", ""weight_kg"": ""576.0000"", ""description"": ""Maestro 32MF Premium 2 Post Hoist"", ""freight_type"": ""P""}, ""field_decisions"": {""name"": ""SOURCE"", ""cubic"": ""OPERATIONAL"", ""weight"": ""OPERATIONAL"", ""dimensions"": ""OPERATIONAL"", ""description"": ""SOURCE"", ""freight_type"": ""SOURCE""}, ""adopted_operational_state"": false, ""backfilled_from_applied_decision"": true}",Adopted from previously applied decision #95. Recommended initial correction: Source name/description and pallet C/P rule; retain Calculator physical values pending separate review.,2026-09-22 22:35:55.536336+00:00,2026-09-22 22:35:55.535531+00:00,1,SAFE_CANDIDATE,
MAESTRO35F,29042,DIFFERENT,TEXT_ONLY,UPDATE,APPLIED,SOURCE,SOURCE,OPERATIONAL,OPERATIONAL,OPERATIONAL,SOURCE,"{""name"": ""SOURCE"", ""cubic"": ""OPERATIONAL"", ""weight"": ""OPERATIONAL"", ""dimensions"": ""OPERATIONAL"", ""description"": ""SOURCE"", ""freight_type"": ""SOURCE""}",{},Recommended initial correction: Source name/description and pallet C/P rule; retain Calculator physical values pending separate review.,6,2026-09-21 22:19:44.940374+00:00,6,2026-09-21 22:33:56.705354+00:00,a14e383569824ca6bce9a4299ffe9a54,Maestro 35 F,Maestro 35 F,Maestro 35 F,Maestro 35 F,2900.000000,1100.000000,550.000000,2900.0,1100.0,550.0,2.9000,1.1000,0.5500,682.000000,682.0000,1.755000,1.755000,1.000000,P,P,False,False,False,False,,0,,[],True,PRODUCT_RECONCILIATION,cfab2f4d8d88dd13858a801929a850dd41dd69dcf3f689acb1bdd26a6129deba,70b36fe68b45e0319b7886f248aefd382c70b2f14438f496aa49a7cc36827ea6,"{""schema"": 1, ""row_action"": ""UPDATE"", ""apply_batch_id"": ""a14e383569824ca6bce9a4299ffe9a54"", ""approved_values"": {""name"": ""Maestro 35 F"", ""width_m"": ""1.1000"", ""cubic_m3"": ""1.755000"", ""height_m"": ""0.5500"", ""length_m"": ""2.9000"", ""weight_kg"": ""682.0000"", ""description"": ""Maestro 35 F"", ""freight_type"": ""P""}, ""field_decisions"": {""name"": ""SOURCE"", ""cubic"": ""OPERATIONAL"", ""weight"": ""OPERATIONAL"", ""dimensions"": ""OPERATIONAL"", ""description"": ""SOURCE"", ""freight_type"": ""SOURCE""}, ""adopted_operational_state"": false, ""backfilled_from_applied_decision"": true}",Adopted from previously applied decision #96. Recommended initial correction: Source name/description and pallet C/P rule; retain Calculator physical values pending separate review.,2026-09-22 22:35:55.539152+00:00,2026-09-22 22:35:55.538289+00:00,1,SAFE_CANDIDATE,
MAESTRO35MF,29043,DIFFERENT,SOURCE_DIMENSIONS_ZERO,UPDATE,APPLIED,SOURCE,SOURCE,OPERATIONAL,OPERATIONAL,OPERATIONAL,SOURCE,"{""name"": ""SOURCE"", ""cubic"": ""OPERATIONAL"", ""weight"": ""OPERATIONAL"", ""dimensions"": ""OPERATIONAL"", ""description"": ""SOURCE"", ""freight_type"": ""SOURCE""}",{},Recommended initial correction: Source name/description and pallet C/P rule; retain Calculator physical values pending separate review.,6,2026-09-21 22:19:44.941681+00:00,6,2026-09-21 22:33:56.705354+00:00,a14e383569824ca6bce9a4299ffe9a54,Maestro 35 MF,Maestro 35 MF,Maestro 35 MF,Maestro 35 MF,0.000000,0.000000,0.000000,3150.0,1150.0,700.0,3.1500,1.1500,0.7000,700.000000,700.0000,2.535000,2.535000,1.000000,P,P,True,False,False,False,,0,,[],True,PRODUCT_RECONCILIATION,aeea94c2b00b9f1add4b20b436e15f73600cb03e674da58ed27b2ac7d0293a48,d3ef53a26e20e67bb7cffae8fc9fcd12a4c413a0d17bb88de1ba38855cc1e567,"{""schema"": 1, ""row_action"": ""UPDATE"", ""apply_batch_id"": ""a14e383569824ca6bce9a4299ffe9a54"", ""approved_values"": {""name"": ""Maestro 35 MF"", ""width_m"": ""1.1500"", ""cubic_m3"": ""2.535000"", ""height_m"": ""0.7000"", ""length_m"": ""3.1500"", ""weight_kg"": ""700.0000"", ""description"": ""Maestro 35 MF"", ""freight_type"": ""P""}, ""field_decisions"": {""name"": ""SOURCE"", ""cubic"": ""OPERATIONAL"", ""weight"": ""OPERATIONAL"", ""dimensions"": ""OPERATIONAL"", ""description"": ""SOURCE"", ""freight_type"": ""SOURCE""}, ""adopted_operational_state"": false, ""backfilled_from_applied_decision"": true}",Adopted from previously applied decision #97. Recommended initial correction: Source name/description and pallet C/P rule; retain Calculator physical values pending separate review.,2026-09-22 22:35:55.542076+00:00,2026-09-22 22:35:55.541266+00:00,1,SAFE_CANDIDATE,
MAESTRO35MFP,29044,DIFFERENT,TEXT_ONLY,UPDATE,APPLIED,SOURCE,SOURCE,OPERATIONAL,OPERATIONAL,OPERATIONAL,SOURCE,"{""name"": ""SOURCE"", ""cubic"": ""OPERATIONAL"", ""weight"": ""OPERATIONAL"", ""dimensions"": ""OPERATIONAL"", ""description"": ""SOURCE"", ""freight_type"": ""SOURCE""}",{},Recommended initial correction: Source name/description and pallet C/P rule; retain Calculator physical values pending separate review.,6,2026-09-21 22:19:44.944536+00:00,6,2026-09-21 22:33:56.705354+00:00,a14e383569824ca6bce9a4299ffe9a54,Maestro 35MF Prem 2 Post Hoist,Maestro 35MF Prem 2 Post Hoist,Maestro 35MF Premium 2 Post Hoist,Maestro 35MF Premium 2 Post Hoist,3150.000000,1150.000000,700.000000,3150.0,1150.0,700.0,3.1500,1.1500,0.7000,700.000000,700.0000,2.536000,2.536000,1.000000,P,P,False,False,False,False,,0,,[],True,PRODUCT_RECONCILIATION,c91c7907ddb934eb24e1730851944fb50e36f9b595e4973a543f8ab7c44f30c4,cc42184ef21253690a986f7715a642c8492151d34148451dfc9837688fe7a959,"{""schema"": 1, ""row_action"": ""UPDATE"", ""apply_batch_id"": ""a14e383569824ca6bce9a4299ffe9a54"", ""approved_values"": {""name"": ""Maestro 35MF Prem 2 Post Hoist"", ""width_m"": ""1.1500"", ""cubic_m3"": ""2.536000"", ""height_m"": ""0.7000"", ""length_m"": ""3.1500"", ""weight_kg"": ""700.0000"", ""description"": ""Maestro 35MF Premium 2 Post Hoist"", ""freight_type"": ""P""}, ""field_decisions"": {""name"": ""SOURCE"", ""cubic"": ""OPERATIONAL"", ""weight"": ""OPERATIONAL"", ""dimensions"": ""OPERATIONAL"", ""description"": ""SOURCE"", ""freight_type"": ""SOURCE""}, ""adopted_operational_state"": false, ""backfilled_from_applied_decision"": true}",Adopted from previously applied decision #98. Recommended initial correction: Source name/description and pallet C/P rule; retain Calculator physical values pending separate review.,2026-09-22 22:35:55.544861+00:00,2026-09-22 22:35:55.544019+00:00,1,SAFE_CANDIDATE,
MAGIX35DS,29049,DIFFERENT,TEXT_ONLY,UPDATE,APPLIED,SOURCE,SOURCE,OPERATIONAL,OPERATIONAL,OPERATIONAL,SOURCE,"{""name"": ""SOURCE"", ""cubic"": ""OPERATIONAL"", ""weight"": ""OPERATIONAL"", ""dimensions"": ""OPERATIONAL"", ""description"": ""SOURCE"", ""freight_type"": ""SOURCE""}",{},Recommended initial correction: Source name/description and pallet C/P rule; retain Calculator physical values pending separate review.,6,2026-09-21 22:19:44.945754+00:00,6,2026-09-21 22:33:56.705354+00:00,a14e383569824ca6bce9a4299ffe9a54,Magix 35DS Double Scissor Lift,Magix 35DS Double Scissor Lift,Magix 35DS Double Scissor Lift,Magix 35DS Double Scissor Lift,1790.000000,780.000000,920.000000,1790.0,780.0,920.0,1.7900,0.7800,0.9200,864.000000,864.0000,1.285000,1.285000,1.000000,P,P,False,False,False,False,,0,,[],True,PRODUCT_RECONCILIATION,a1633563b0166112c6bc1b415e9ef458b3d37ad3a77da55097abdab506043eb0,13a269414577555642c0fde913dc78a039b4f50b71d94bc9d4727a444cefc264,"{""schema"": 1, ""row_action"": ""UPDATE"", ""apply_batch_id"": ""a14e383569824ca6bce9a4299ffe9a54"", ""approved_values"": {""name"": ""Magix 35DS Double Scissor Lift"", ""width_m"": ""0.7800"", ""cubic_m3"": ""1.285000"", ""height_m"": ""0.9200"", ""length_m"": ""1.7900"", ""weight_kg"": ""864.0000"", ""description"": ""Magix 35DS Double Scissor Lift"", ""freight_type"": ""P""}, ""field_decisions"": {""name"": ""SOURCE"", ""cubic"": ""OPERATIONAL"", ""weight"": ""OPERATIONAL"", ""dimensions"": ""OPERATIONAL"", ""description"": ""SOURCE"", ""freight_type"": ""SOURCE""}, ""adopted_operational_state"": false, ""backfilled_from_applied_decision"": true}",Adopted from previously applied decision #99. Recommended initial correction: Source name/description and pallet C/P rule; retain Calculator physical values pending separate review.,2026-09-22 22:35:55.547562+00:00,2026-09-22 22:35:55.546786+00:00,1,SAFE_CANDIDATE,
MAGIX35DS-2,29050,DIFFERENT,TEXT_ONLY,UPDATE,APPLIED,SOURCE,SOURCE,OPERATIONAL,OPERATIONAL,OPERATIONAL,SOURCE,"{""name"": ""SOURCE"", ""cubic"": ""OPERATIONAL"", ""weight"": ""OPERATIONAL"", ""dimensions"": ""OPERATIONAL"", ""description"": ""SOURCE"", ""freight_type"": ""SOURCE""}",{},Recommended initial correction: Source name/description and pallet C/P rule; retain Calculator physical values pending separate review.,6,2026-09-21 22:19:44.946919+00:00,6,2026-09-21 22:33:56.705354+00:00,a14e383569824ca6bce9a4299ffe9a54,Magix 35DS-2 Double Scissor,Magix 35DS-2 Double Scissor,Magix 35DS-2 Double Scissor  Lift,Magix 35DS-2 Double Scissor  Lift,1730.000000,1020.000000,590.000000,1730.0,1020.0,590.0,1.7300,1.0200,0.5900,842.000000,842.0000,1.041000,1.041000,1.000000,P,P,False,False,False,False,,0,,[],True,PRODUCT_RECONCILIATION,9ef111db4361e35971c346cd0233a8ee4a6e20b9a3393edf0739ba7229f5fdb5,b6424f415259133843b5d0ea84c8544577bb0f8a0e87b0e5f5e781a058302848,"{""schema"": 1, ""row_action"": ""UPDATE"", ""apply_batch_id"": ""a14e383569824ca6bce9a4299ffe9a54"", ""approved_values"": {""name"": ""Magix 35DS-2 Double Scissor"", ""width_m"": ""1.0200"", ""cubic_m3"": ""1.041000"", ""height_m"": ""0.5900"", ""length_m"": ""1.7300"", ""weight_kg"": ""842.0000"", ""description"": ""Magix 35DS-2 Double Scissor  Lift"", ""freight_type"": ""P""}, ""field_decisions"": {""name"": ""SOURCE"", ""cubic"": ""OPERATIONAL"", ""weight"": ""OPERATIONAL"", ""dimensions"": ""OPERATIONAL"", ""description"": ""SOURCE"", ""freight_type"": ""SOURCE""}, ""adopted_operational_state"": false, ""backfilled_from_applied_decision"": true}",Adopted from previously applied decision #100. Recommended initial correction: Source name/description and pallet C/P rule; retain Calculator physical values pending separate review.,2026-09-22 22:35:55.550250+00:00,2026-09-22 22:35:55.549473+00:00,1,SAFE_CANDIDATE,
MAGNAT35,29051,DIFFERENT,SOURCE_DIMENSIONS_ZERO,UPDATE,APPLIED,SOURCE,SOURCE,OPERATIONAL,OPERATIONAL,OPERATIONAL,SOURCE,"{""name"": ""SOURCE"", ""cubic"": ""OPERATIONAL"", ""weight"": ""OPERATIONAL"", ""dimensions"": ""OPERATIONAL"", ""description"": ""SOURCE"", ""freight_type"": ""SOURCE""}",{},Recommended initial correction: Source name/description and pallet C/P rule; retain Calculator physical values pending separate review.,6,2026-09-21 22:19:44.948139+00:00,6,2026-09-21 22:33:56.705354+00:00,a14e383569824ca6bce9a4299ffe9a54,Two Post Hoist,Two Post Hoist,Two Post Hoist,Two Post Hoist,0.000000,0.000000,0.000000,3000.0,1150.0,400.0,3.0000,1.1500,0.4000,800.000000,800.0000,1.380000,1.380000,1.000000,P,P,True,False,False,False,,0,,[],True,PRODUCT_RECONCILIATION,16c19085aea0734b87ad720669f02ba3656912cfae61853e03777092187e44e6,45bd8bc54d9237c8ccdf5709bf83f06b1e29c7709f5dce64b27e8f4dd5f4341e,"{""schema"": 1, ""row_action"": ""UPDATE"", ""apply_batch_id"": ""a14e383569824ca6bce9a4299ffe9a54"", ""approved_values"": {""name"": ""Two Post Hoist"", ""width_m"": ""1.1500"", ""cubic_m3"": ""1.380000"", ""height_m"": ""0.4000"", ""length_m"": ""3.0000"", ""weight_kg"": ""800.0000"", ""description"": ""Two Post Hoist"", ""freight_type"": ""P""}, ""field_decisions"": {""name"": ""SOURCE"", ""cubic"": ""OPERATIONAL"", ""weight"": ""OPERATIONAL"", ""dimensions"": ""OPERATIONAL"", ""description"": ""SOURCE"", ""freight_type"": ""SOURCE""}, ""adopted_operational_state"": false, ""backfilled_from_applied_decision"": true}",Adopted from previously applied decision #101. Recommended initial correction: Source name/description and pallet C/P rule; retain Calculator physical values pending separate review.,2026-09-22 22:35:55.552901+00:00,2026-09-22 22:35:55.552085+00:00,1,SAFE_CANDIDATE,
MAGNAT35RAL5002,29052,DIFFERENT,TEXT_ONLY,UPDATE,APPLIED,SOURCE,SOURCE,OPERATIONAL,OPERATIONAL,OPERATIONAL,SOURCE,"{""name"": ""SOURCE"", ""cubic"": ""OPERATIONAL"", ""weight"": ""OPERATIONAL"", ""dimensions"": ""OPERATIONAL"", ""description"": ""SOURCE"", ""freight_type"": ""SOURCE""}",{},Recommended initial correction: Source name/description and pallet C/P rule; retain Calculator physical values pending separate review.,6,2026-09-21 22:19:44.949338+00:00,6,2026-09-21 22:33:56.705354+00:00,a14e383569824ca6bce9a4299ffe9a54,Two Post Hoist RAL 5002,Two Post Hoist RAL 5002,Two Post Hoist RAL 5002,Two Post Hoist RAL 5002,2950.000000,1150.000000,500.000000,2950.0,1150.0,500.0,2.9500,1.1500,0.5000,800.000000,800.0000,1.696000,1.696000,1.000000,P,P,False,False,False,False,,0,,[],True,PRODUCT_RECONCILIATION,569f43bc8488ec76f2a47018f58cb219740c97bacdecf0944cf3a33722b91b50,5f29a4fc0cb6e625cce219e8823eae4078eca6faa9b6b0a298906932c392d7b6,"{""schema"": 1, ""row_action"": ""UPDATE"", ""apply_batch_id"": ""a14e383569824ca6bce9a4299ffe9a54"", ""approved_values"": {""name"": ""Two Post Hoist RAL 5002"", ""width_m"": ""1.1500"", ""cubic_m3"": ""1.696000"", ""height_m"": ""0.5000"", ""length_m"": ""2.9500"", ""weight_kg"": ""800.0000"", ""description"": ""Two Post Hoist RAL 5002"", ""freight_type"": ""P""}, ""field_decisions"": {""name"": ""SOURCE"", ""cubic"": ""OPERATIONAL"", ""weight"": ""OPERATIONAL"", ""dimensions"": ""OPERATIONAL"", ""description"": ""SOURCE"", ""freight_type"": ""SOURCE""}, ""adopted_operational_state"": false, ""backfilled_from_applied_decision"": true}",Adopted from previously applied decision #102. Recommended initial correction: Source name/description and pallet C/P rule; retain Calculator physical values pending separate review.,2026-09-22 22:35:55.555587+00:00,2026-09-22 22:35:55.554758+00:00,1,SAFE_CANDIDATE,
MAJOR4.55,29056,DIFFERENT,TEXT_ONLY,UPDATE,APPLIED,SOURCE,SOURCE,OPERATIONAL,OPERATIONAL,OPERATIONAL,SOURCE,"{""name"": ""SOURCE"", ""cubic"": ""OPERATIONAL"", ""weight"": ""OPERATIONAL"", ""dimensions"": ""OPERATIONAL"", ""description"": ""SOURCE"", ""freight_type"": ""SOURCE""}",{},Recommended initial correction: Source name/description and pallet C/P rule; retain Calculator physical values pending separate review.,6,2026-09-21 22:19:44.950518+00:00,6,2026-09-21 22:33:56.705354+00:00,a14e383569824ca6bce9a4299ffe9a54,"Major 4.55 - 30-55-WL, 230-400","Major 4.55 - 30-55-WL, 230-400","Major 4.55 - 30-55-WL, 230-400/3/50","Major 4.55 - 30-55-WL, 230-400/3/50",6540.000000,900.000000,700.000000,6540.0,900.0,700.0,6.5400,0.9000,0.7000,1749.000000,1749.0000,4.120000,4.120000,3.000000,P,P,False,False,False,False,,0,,[],True,PRODUCT_RECONCILIATION,645ef5893b0fda34a2d979d0b46ccfc60bfe06238966ef64c3e92ec29343f6a5,52c1b8218d21d1cd138d70770ac15d8e4be03ffa1967d0e351425b82e25fea6e,"{""schema"": 1, ""row_action"": ""UPDATE"", ""apply_batch_id"": ""a14e383569824ca6bce9a4299ffe9a54"", ""approved_values"": {""name"": ""Major 4.55 - 30-55-WL, 230-400"", ""width_m"": ""0.9000"", ""cubic_m3"": ""4.120000"", ""height_m"": ""0.7000"", ""length_m"": ""6.5400"", ""weight_kg"": ""1749.0000"", ""description"": ""Major 4.55 - 30-55-WL, 230-400/3/50"", ""freight_type"": ""P""}, ""field_decisions"": {""name"": ""SOURCE"", ""cubic"": ""OPERATIONAL"", ""weight"": ""OPERATIONAL"", ""dimensions"": ""OPERATIONAL"", ""description"": ""SOURCE"", ""freight_type"": ""SOURCE""}, ""adopted_operational_state"": false, ""backfilled_from_applied_decision"": true}",Adopted from previously applied decision #103. Recommended initial correction: Source name/description and pallet C/P rule; retain Calculator physical values pending separate review.,2026-09-22 22:35:55.558581+00:00,2026-09-22 22:35:55.557777+00:00,1,SAFE_CANDIDATE,
MAJOR5529-55WL,29057,DIFFERENT,SOURCE_DIMENSIONS_ZERO,UPDATE,APPLIED,SOURCE,SOURCE,OPERATIONAL,OPERATIONAL,OPERATIONAL,SOURCE,"{""name"": ""SOURCE"", ""cubic"": ""OPERATIONAL"", ""weight"": ""OPERATIONAL"", ""dimensions"": ""OPERATIONAL"", ""description"": ""SOURCE"", ""freight_type"": ""SOURCE""}",{},Recommended initial correction: Source name/description and pallet C/P rule; retain Calculator physical values pending separate review.,6,2026-09-21 22:19:44.952080+00:00,6,2026-09-21 22:33:56.705354+00:00,a14e383569824ca6bce9a4299ffe9a54,Major 5529.55 WL 4 Poist Hoist,Major 5529.55 WL 4 Poist Hoist,Major 5529.55 WL 4 Poist Hoist,Major 5529.55 WL 4 Poist Hoist,0.000000,0.000000,0.000000,5940.0,810.0,640.0,5.9400,0.8100,0.6400,3308.000000,3308.0000,5.990000,5.990000,4.000000,P,P,True,False,False,False,,0,,[],True,PRODUCT_RECONCILIATION,5200b5797a7d6c94185997667512814c63d00466a5dab0720d27803cb914ed37,fe3a9b4defd9275fcaa0b88f73e4ac1899908ae432bb54a8e2ba2790f21cd7a2,"{""schema"": 1, ""row_action"": ""UPDATE"", ""apply_batch_id"": ""a14e383569824ca6bce9a4299ffe9a54"", ""approved_values"": {""name"": ""Major 5529.55 WL 4 Poist Hoist"", ""width_m"": ""0.8100"", ""cubic_m3"": ""5.990000"", ""height_m"": ""0.6400"", ""length_m"": ""5.9400"", ""weight_kg"": ""3308.0000"", ""description"": ""Major 5529.55 WL 4 Poist Hoist"", ""freight_type"": ""P""}, ""field_decisions"": {""name"": ""SOURCE"", ""cubic"": ""OPERATIONAL"", ""weight"": ""OPERATIONAL"", ""dimensions"": ""OPERATIONAL"", ""description"": ""SOURCE"", ""freight_type"": ""SOURCE""}, ""adopted_operational_state"": false, ""backfilled_from_applied_decision"": true}",Adopted from previously applied decision #104. Recommended initial correction: Source name/description and pallet C/P rule; retain Calculator physical values pending separate review.,2026-09-22 22:35:55.561781+00:00,2026-09-22 22:35:55.560914+00:00,1,SAFE_CANDIDATE,
MAJOR7230,29058,DIFFERENT,TEXT_ONLY,UPDATE,APPLIED,SOURCE,SOURCE,OPERATIONAL,OPERATIONAL,OPERATIONAL,SOURCE,"{""name"": ""SOURCE"", ""cubic"": ""OPERATIONAL"", ""weight"": ""OPERATIONAL"", ""dimensions"": ""OPERATIONAL"", ""description"": ""SOURCE"", ""freight_type"": ""SOURCE""}",{},Recommended initial correction: Source name/description and pallet C/P rule; retain Calculator physical values pending separate review.,6,2026-09-21 22:19:44.953563+00:00,6,2026-09-21 22:33:56.705354+00:00,a14e383569824ca6bce9a4299ffe9a54,Major 7230-60 S,Major 7230-60 S,Major 7230-60 S,Major 7230-60 S,6600.000000,950.000000,700.000000,6600.0,950.0,700.0,6.6000,0.9500,0.7000,1800.000000,1800.0000,4.389000,4.389000,1.000000,P,P,False,False,False,False,,0,,[],True,PRODUCT_RECONCILIATION,a7609de892dc09bae24a8ffc901fe9f30c7f09b33b4e99e4f836af13e43a539f,d3d5ae2fca6379ea4b1c1b5d8f1d1c4051c93dcb5109e5fe6e71b33a6670f33d,"{""schema"": 1, ""row_action"": ""UPDATE"", ""apply_batch_id"": ""a14e383569824ca6bce9a4299ffe9a54"", ""approved_values"": {""name"": ""Major 7230-60 S"", ""width_m"": ""0.9500"", ""cubic_m3"": ""4.389000"", ""height_m"": ""0.7000"", ""length_m"": ""6.6000"", ""weight_kg"": ""1800.0000"", ""description"": ""Major 7230-60 S"", ""freight_type"": ""P""}, ""field_decisions"": {""name"": ""SOURCE"", ""cubic"": ""OPERATIONAL"", ""weight"": ""OPERATIONAL"", ""dimensions"": ""OPERATIONAL"", ""description"": ""SOURCE"", ""freight_type"": ""SOURCE""}, ""adopted_operational_state"": false, ""backfilled_from_applied_decision"": true}",Adopted from previously applied decision #105. Recommended initial correction: Source name/description and pallet C/P rule; retain Calculator physical values pending separate review.,2026-09-22 22:35:55.564530+00:00,2026-09-22 22:35:55.563706+00:00,1,SAFE_CANDIDATE,
MAS235,29083,DIFFERENT,SOURCE_DIMENSIONS_ZERO,UPDATE,APPLIED,SOURCE,SOURCE,OPERATIONAL,OPERATIONAL,OPERATIONAL,SOURCE,"{""name"": ""SOURCE"", ""cubic"": ""OPERATIONAL"", ""weight"": ""OPERATIONAL"", ""dimensions"": ""OPERATIONAL"", ""description"": ""SOURCE"", ""freight_type"": ""SOURCE""}",{},Recommended initial correction: Source name/description and pallet C/P rule; retain Calculator physical values pending separate review.,6,2026-09-21 22:19:44.954875+00:00,6,2026-09-21 22:33:56.705354+00:00,a14e383569824ca6bce9a4299ffe9a54,Masterlift 2.35 SAA 2.30 Hoist,Masterlift 2.35 SAA 2.30 Hoist,Masterlift 2.35 SAA 2.30 Sport In Ground Hoist,Masterlift 2.35 SAA 2.30 Sport In Ground Hoist,0.000000,0.000000,0.000000,1200.0,2600.0,700.0,1.2000,2.6000,0.7000,2410.000000,2410.0000,8.856000,8.856000,6.000000,P,P,True,False,False,False,,0,,[],True,PRODUCT_RECONCILIATION,f82a3ffb0312a33e968ba9a586c1624119295f0179a7484e6a9f173f0e1a86de,9f6875cdf9017e351383c198186a2c0975037312c216175cc231b4588bfdfa79,"{""schema"": 1, ""row_action"": ""UPDATE"", ""apply_batch_id"": ""a14e383569824ca6bce9a4299ffe9a54"", ""approved_values"": {""name"": ""Masterlift 2.35 SAA 2.30 Hoist"", ""width_m"": ""2.6000"", ""cubic_m3"": ""8.856000"", ""height_m"": ""0.7000"", ""length_m"": ""1.2000"", ""weight_kg"": ""2410.0000"", ""description"": ""Masterlift 2.35 SAA 2.30 Sport In Ground Hoist"", ""freight_type"": ""P""}, ""field_decisions"": {""name"": ""SOURCE"", ""cubic"": ""OPERATIONAL"", ""weight"": ""OPERATIONAL"", ""dimensions"": ""OPERATIONAL"", ""description"": ""SOURCE"", ""freight_type"": ""SOURCE""}, ""adopted_operational_state"": false, ""backfilled_from_applied_decision"": true}",Adopted from previously applied decision #106. Recommended initial correction: Source name/description and pallet C/P rule; retain Calculator physical values pending separate review.,2026-09-22 22:35:55.567642+00:00,2026-09-22 22:35:55.566800+00:00,1,SAFE_CANDIDATE,
MAXI100,29165,DIFFERENT,SOURCE_DIMENSIONS_ZERO,UPDATE,APPLIED,SOURCE,SOURCE,OPERATIONAL,OPERATIONAL,OPERATIONAL,SOURCE,"{""name"": ""SOURCE"", ""cubic"": ""OPERATIONAL"", ""weight"": ""OPERATIONAL"", ""dimensions"": ""OPERATIONAL"", ""description"": ""SOURCE"", ""freight_type"": ""SOURCE""}",{},Recommended initial correction: Source name/description and pallet C/P rule; retain Calculator physical values pending separate review.,6,2026-09-21 22:19:44.956144+00:00,6,2026-09-21 22:33:56.705354+00:00,a14e383569824ca6bce9a4299ffe9a54,Maxi 100 Truck Hoist,Maxi 100 Truck Hoist,Maxi 160 Truck Hoist,Maxi 160 Truck Hoist,0.000000,0.000000,0.000000,3980.0,710.0,530.0,3.9800,0.7100,0.5300,2724.000000,2720.0000,0.000000,6.762000,6.000000,P,P,True,True,True,False,,0,,[],True,PRODUCT_RECONCILIATION,3d5ffcb69a6554736e59d307dcb9d2b764b4960a2594df2e30edce6778fe30d8,597402daa1b6a3f2df70a61b661b9f457afa433989dc6057138238b4d9729534,"{""schema"": 1, ""row_action"": ""UPDATE"", ""apply_batch_id"": ""a14e383569824ca6bce9a4299ffe9a54"", ""approved_values"": {""name"": ""Maxi 100 Truck Hoist"", ""width_m"": ""0.7100"", ""cubic_m3"": ""6.762000"", ""height_m"": ""0.5300"", ""length_m"": ""3.9800"", ""weight_kg"": ""2720.0000"", ""description"": ""Maxi 160 Truck Hoist"", ""freight_type"": ""P""}, ""field_decisions"": {""name"": ""SOURCE"", ""cubic"": ""OPERATIONAL"", ""weight"": ""OPERATIONAL"", ""dimensions"": ""OPERATIONAL"", ""description"": ""SOURCE"", ""freight_type"": ""SOURCE""}, ""adopted_operational_state"": false, ""backfilled_from_applied_decision"": true}",Adopted from previously applied decision #107. Recommended initial correction: Source name/description and pallet C/P rule; retain Calculator physical values pending separate review.,2026-09-22 22:35:55.570405+00:00,2026-09-22 22:35:55.569546+00:00,1,SAFE_CANDIDATE,
MAXI160,29166,DIFFERENT,SOURCE_DIMENSIONS_ZERO,UPDATE,APPLIED,SOURCE,SOURCE,OPERATIONAL,OPERATIONAL,OPERATIONAL,SOURCE,"{""name"": ""SOURCE"", ""cubic"": ""OPERATIONAL"", ""weight"": ""OPERATIONAL"", ""dimensions"": ""OPERATIONAL"", ""description"": ""SOURCE"", ""freight_type"": ""SOURCE""}",{},Recommended initial correction: Source name/description and pallet C/P rule; retain Calculator physical values pending separate review.,6,2026-09-21 22:19:44.957400+00:00,6,2026-09-21 22:33:56.705354+00:00,a14e383569824ca6bce9a4299ffe9a54,Maxi 160 Truck Hoist,Maxi 160 Truck Hoist,Maxi 160 Truck Hoist,Maxi 160 Truck Hoist,0.000000,0.000000,0.000000,3000.0,640.0,510.0,3.0000,0.6400,0.5100,4850.000000,4850.0000,7.754000,7.754000,6.000000,P,P,True,False,False,False,,0,,[],True,PRODUCT_RECONCILIATION,4b2f3183d8c826aa0dcedd6b408b3883eec508f7b673438e71778cc58447a8cd,0147aaa77a2afb36fcf6bedc837a46483505994605f6e4159602b70c42af172b,"{""schema"": 1, ""row_action"": ""UPDATE"", ""apply_batch_id"": ""a14e383569824ca6bce9a4299ffe9a54"", ""approved_values"": {""name"": ""Maxi 160 Truck Hoist"", ""width_m"": ""0.6400"", ""cubic_m3"": ""7.754000"", ""height_m"": ""0.5100"", ""length_m"": ""3.0000"", ""weight_kg"": ""4850.0000"", ""description"": ""Maxi 160 Truck Hoist"", ""freight_type"": ""P""}, ""field_decisions"": {""name"": ""SOURCE"", ""cubic"": ""OPERATIONAL"", ""weight"": ""OPERATIONAL"", ""dimensions"": ""OPERATIONAL"", ""description"": ""SOURCE"", ""freight_type"": ""SOURCE""}, ""adopted_operational_state"": false, ""backfilled_from_applied_decision"": true}",Adopted from previously applied decision #108. Recommended initial correction: Source name/description and pallet C/P rule; retain Calculator physical values pending separate review.,2026-09-22 22:35:55.573118+00:00,2026-09-22 22:35:55.572328+00:00,1,SAFE_CANDIDATE,
MICRO100LH-2,30244,DIFFERENT,SOURCE_DIMENSIONS_ZERO,UPDATE,APPLIED,SOURCE,SOURCE,OPERATIONAL,OPERATIONAL,OPERATIONAL,SOURCE,"{""name"": ""SOURCE"", ""cubic"": ""OPERATIONAL"", ""weight"": ""OPERATIONAL"", ""dimensions"": ""OPERATIONAL"", ""description"": ""SOURCE"", ""freight_type"": ""SOURCE""}",{},Recommended initial correction: Source name/description and pallet C/P rule; retain Calculator physical values pending separate review.,6,2026-09-21 22:19:44.958579+00:00,6,2026-09-21 22:33:56.705354+00:00,a14e383569824ca6bce9a4299ffe9a54,Micro 100 2 cyl Jacking Beam,Micro 100 2 cyl Jacking Beam,Micro 100 2 cyl Jacking Beam,Micro 100 2 cyl Jacking Beam,0.000000,0.000000,0.000000,1050.0,700.0,800.0,1.0500,0.7000,0.8000,310.000000,620.0000,0.588000,1.176000,1.000000,P,P,True,True,True,False,,0,,[],True,PRODUCT_RECONCILIATION,24cf0419100f841fb7f01d7bfaf1c9177019f7ab18339506d0b12d5f2f8df9ab,57af5b702626af68fc536443b89815fa800866b6957abde52b6592deaac26809,"{""schema"": 1, ""row_action"": ""UPDATE"", ""apply_batch_id"": ""a14e383569824ca6bce9a4299ffe9a54"", ""approved_values"": {""name"": ""Micro 100 2 cyl Jacking Beam"", ""width_m"": ""0.7000"", ""cubic_m3"": ""1.176000"", ""height_m"": ""0.8000"", ""length_m"": ""1.0500"", ""weight_kg"": ""620.0000"", ""description"": ""Micro 100 2 cyl Jacking Beam"", ""freight_type"": ""P""}, ""field_decisions"": {""name"": ""SOURCE"", ""cubic"": ""OPERATIONAL"", ""weight"": ""OPERATIONAL"", ""dimensions"": ""OPERATIONAL"", ""description"": ""SOURCE"", ""freight_type"": ""SOURCE""}, ""adopted_operational_state"": false, ""backfilled_from_applied_decision"": true}",Adopted from previously applied decision #109. Recommended initial correction: Source name/description and pallet C/P rule; retain Calculator physical values pending separate review.,2026-09-22 22:35:55.575827+00:00,2026-09-22 22:35:55.574927+00:00,1,SAFE_CANDIDATE,
MICRO20,30245,DIFFERENT,SOURCE_DIMENSIONS_ZERO,UPDATE,APPLIED,SOURCE,SOURCE,OPERATIONAL,OPERATIONAL,OPERATIONAL,SOURCE,"{""name"": ""SOURCE"", ""cubic"": ""OPERATIONAL"", ""weight"": ""OPERATIONAL"", ""dimensions"": ""OPERATIONAL"", ""description"": ""SOURCE"", ""freight_type"": ""SOURCE""}",{},Recommended initial correction: Source name/description and pallet C/P rule; retain Calculator physical values pending separate review.,6,2026-09-21 22:19:44.959886+00:00,6,2026-09-21 22:33:56.705354+00:00,a14e383569824ca6bce9a4299ffe9a54,Micro 20 (2953) Jacking Beam,Micro 20 (2953) Jacking Beam,Micro 20 (2953) Jacking Beam,Micro 20 (2953) Jacking Beam,0.000000,0.000000,0.000000,1100.0,450.0,400.0,1.1000,0.4500,0.4000,145.000000,435.0000,0.198000,0.594000,1.000000,P,P,True,True,True,False,,0,,[],True,PRODUCT_RECONCILIATION,e4e480598ecb657f75e56be6ffdd309a256fbe0413085c3f080cfb713ac4d528,11103da36218764897ff8affc377aac1b965f51fe62c889074d8bb9d05ab7acf,"{""schema"": 1, ""row_action"": ""UPDATE"", ""apply_batch_id"": ""a14e383569824ca6bce9a4299ffe9a54"", ""approved_values"": {""name"": ""Micro 20 (2953) Jacking Beam"", ""width_m"": ""0.4500"", ""cubic_m3"": ""0.594000"", ""height_m"": ""0.4000"", ""length_m"": ""1.1000"", ""weight_kg"": ""435.0000"", ""description"": ""Micro 20 (2953) Jacking Beam"", ""freight_type"": ""P""}, ""field_decisions"": {""name"": ""SOURCE"", ""cubic"": ""OPERATIONAL"", ""weight"": ""OPERATIONAL"", ""dimensions"": ""OPERATIONAL"", ""description"": ""SOURCE"", ""freight_type"": ""SOURCE""}, ""adopted_operational_state"": false, ""backfilled_from_applied_decision"": true}",Adopted from previously applied decision #110. Recommended initial correction: Source name/description and pallet C/P rule; retain Calculator physical values pending separate review.,2026-09-22 22:35:55.579049+00:00,2026-09-22 22:35:55.578160+00:00,1,SAFE_CANDIDATE,
MICRO20/4488,30246,DIFFERENT,SOURCE_DIMENSIONS_ZERO,UPDATE,APPLIED,SOURCE,SOURCE,OPERATIONAL,OPERATIONAL,OPERATIONAL,SOURCE,"{""name"": ""SOURCE"", ""cubic"": ""OPERATIONAL"", ""weight"": ""OPERATIONAL"", ""dimensions"": ""OPERATIONAL"", ""description"": ""SOURCE"", ""freight_type"": ""SOURCE""}",{},Recommended initial correction: Source name/description and pallet C/P rule; retain Calculator physical values pending separate review.,6,2026-09-21 22:19:44.961311+00:00,6,2026-09-21 22:33:56.705354+00:00,a14e383569824ca6bce9a4299ffe9a54,Micro 20/4488 Jacking Beam,Micro 20/4488 Jacking Beam,Micro 20/4488 Jacking Beam,Micro 20/4488 Jacking Beam,0.000000,0.000000,0.000000,1100.0,450.0,400.0,1.1000,0.4500,0.4000,429.000000,143.0000,0.594000,0.594000,3.000000,P,P,True,True,False,False,,0,,[],True,PRODUCT_RECONCILIATION,cb7a93eef526446772e0a80f3a314a7c751701e76759f1152017acf7a850c57d,f301e6044bfa6d60d2078e9ade0aa117a610c3ca83376518921545e5748d60d7,"{""schema"": 1, ""row_action"": ""UPDATE"", ""apply_batch_id"": ""a14e383569824ca6bce9a4299ffe9a54"", ""approved_values"": {""name"": ""Micro 20/4488 Jacking Beam"", ""width_m"": ""0.4500"", ""cubic_m3"": ""0.594000"", ""height_m"": ""0.4000"", ""length_m"": ""1.1000"", ""weight_kg"": ""143.0000"", ""description"": ""Micro 20/4488 Jacking Beam"", ""freight_type"": ""P""}, ""field_decisions"": {""name"": ""SOURCE"", ""cubic"": ""OPERATIONAL"", ""weight"": ""OPERATIONAL"", ""dimensions"": ""OPERATIONAL"", ""description"": ""SOURCE"", ""freight_type"": ""SOURCE""}, ""adopted_operational_state"": false, ""backfilled_from_applied_decision"": true}",Adopted from previously applied decision #111. Recommended initial correction: Source name/description and pallet C/P rule; retain Calculator physical values pending separate review.,2026-09-22 22:35:55.593386+00:00,2026-09-22 22:35:55.592522+00:00,1,SAFE_CANDIDATE,
MICRO2000,30247,DIFFERENT,SOURCE_DIMENSIONS_ZERO,UPDATE,APPLIED,SOURCE,SOURCE,OPERATIONAL,OPERATIONAL,OPERATIONAL,SOURCE,"{""name"": ""SOURCE"", ""cubic"": ""OPERATIONAL"", ""weight"": ""OPERATIONAL"", ""dimensions"": ""OPERATIONAL"", ""description"": ""SOURCE"", ""freight_type"": ""SOURCE""}",{},Recommended initial correction: Source name/description and pallet C/P rule; retain Calculator physical values pending separate review.,6,2026-09-21 22:19:44.962539+00:00,6,2026-09-21 22:33:56.705354+00:00,a14e383569824ca6bce9a4299ffe9a54,Micro 2000 Jacking Beams,Micro 2000 Jacking Beams,Micro 2000 Jacking Beams,Micro 2000 Jacking Beams,0.000000,0.000000,0.000000,900.0,760.0,360.0,0.9000,0.7600,0.3600,160.000000,160.0000,0.246000,0.246000,1.000000,P,P,True,False,False,False,,0,,[],True,PRODUCT_RECONCILIATION,73236283c1131558ff38df39a0f43807622d50501b70c75950cc651e6dc5a84a,203e96d8f0e904a4df97cb83efec2d837783546c297fbd77e9b5c25fcb8f34b5,"{""schema"": 1, ""row_action"": ""UPDATE"", ""apply_batch_id"": ""a14e383569824ca6bce9a4299ffe9a54"", ""approved_values"": {""name"": ""Micro 2000 Jacking Beams"", ""width_m"": ""0.7600"", ""cubic_m3"": ""0.246000"", ""height_m"": ""0.3600"", ""length_m"": ""0.9000"", ""weight_kg"": ""160.0000"", ""description"": ""Micro 2000 Jacking Beams"", ""freight_type"": ""P""}, ""field_decisions"": {""name"": ""SOURCE"", ""cubic"": ""OPERATIONAL"", ""weight"": ""OPERATIONAL"", ""dimensions"": ""OPERATIONAL"", ""description"": ""SOURCE"", ""freight_type"": ""SOURCE""}, ""adopted_operational_state"": false, ""backfilled_from_applied_decision"": true}",Adopted from previously applied decision #112. Recommended initial correction: Source name/description and pallet C/P rule; retain Calculator physical values pending separate review.,2026-09-22 22:35:55.581962+00:00,2026-09-22 22:35:55.581124+00:00,1,SAFE_CANDIDATE,
MICRO2000RAL2002,30248,DIFFERENT,SOURCE_DIMENSIONS_ZERO,UPDATE,APPLIED,SOURCE,SOURCE,OPERATIONAL,OPERATIONAL,OPERATIONAL,SOURCE,"{""name"": ""SOURCE"", ""cubic"": ""OPERATIONAL"", ""weight"": ""OPERATIONAL"", ""dimensions"": ""OPERATIONAL"", ""description"": ""SOURCE"", ""freight_type"": ""SOURCE""}",{},Recommended initial correction: Source name/description and pallet C/P rule; retain Calculator physical values pending separate review.,6,2026-09-21 22:19:44.963780+00:00,6,2026-09-21 22:33:56.705354+00:00,a14e383569824ca6bce9a4299ffe9a54,Micro 2000 Jacking Beams,Micro 2000 Jacking Beams,Micro 2000 Jacking Beams,Micro 2000 Jacking Beams,0.000000,0.000000,0.000000,910.0,740.0,360.0,0.9100,0.7400,0.3600,156.000000,468.0000,0.242000,0.726000,1.000000,P,P,True,True,True,False,,0,,[],True,PRODUCT_RECONCILIATION,17a197decea3aff3738de1a619f544aa55c7ba192668a34528db23985a0e00f6,db38c84629c542364f7f38a0af1ec953856cb1562a901a70626c1dd549f8451c,"{""schema"": 1, ""row_action"": ""UPDATE"", ""apply_batch_id"": ""a14e383569824ca6bce9a4299ffe9a54"", ""approved_values"": {""name"": ""Micro 2000 Jacking Beams"", ""width_m"": ""0.7400"", ""cubic_m3"": ""0.726000"", ""height_m"": ""0.3600"", ""length_m"": ""0.9100"", ""weight_kg"": ""468.0000"", ""description"": ""Micro 2000 Jacking Beams"", ""freight_type"": ""P""}, ""field_decisions"": {""name"": ""SOURCE"", ""cubic"": ""OPERATIONAL"", ""weight"": ""OPERATIONAL"", ""dimensions"": ""OPERATIONAL"", ""description"": ""SOURCE"", ""freight_type"": ""SOURCE""}, ""adopted_operational_state"": false, ""backfilled_from_applied_decision"": true}",Adopted from previously applied decision #113. Recommended initial correction: Source name/description and pallet C/P rule; retain Calculator physical values pending separate review.,2026-09-22 22:35:55.584676+00:00,2026-09-22 22:35:55.583816+00:00,1,SAFE_CANDIDATE,
MICRO2000RAL5015,30249,DIFFERENT,PHYSICAL_DIFFERENCES,UPDATE,APPLIED,SOURCE,SOURCE,OPERATIONAL,OPERATIONAL,OPERATIONAL,SOURCE,"{""name"": ""SOURCE"", ""cubic"": ""OPERATIONAL"", ""weight"": ""OPERATIONAL"", ""dimensions"": ""OPERATIONAL"", ""description"": ""SOURCE"", ""freight_type"": ""SOURCE""}",{},Recommended initial correction: Source name/description and pallet C/P rule; retain Calculator physical values pending separate review.,6,2026-09-21 22:19:44.965098+00:00,6,2026-09-21 22:33:56.705354+00:00,a14e383569824ca6bce9a4299ffe9a54,Micro 2000 Jacking Beams Blue,Micro 2000 Jacking Beams Blue,Micro 2000 Jacking Beams Blue,Micro 2000 Jacking Beams Blue,910.000000,740.000000,360.000000,910.0,740.0,360.0,0.9100,0.7400,0.3600,156.000000,468.0000,0.242000,0.726000,1.000000,P,P,False,True,True,False,,0,,[],True,PRODUCT_RECONCILIATION,cbb2e569f40edfd3003232a1464fe493a15f723793af1fd7bc1be034a95963d6,e544dc74f509854f0426d38f7376387cf77feb5a6a8d45d8ee2f181ee6fe1b1a,"{""schema"": 1, ""row_action"": ""UPDATE"", ""apply_batch_id"": ""a14e383569824ca6bce9a4299ffe9a54"", ""approved_values"": {""name"": ""Micro 2000 Jacking Beams Blue"", ""width_m"": ""0.7400"", ""cubic_m3"": ""0.726000"", ""height_m"": ""0.3600"", ""length_m"": ""0.9100"", ""weight_kg"": ""468.0000"", ""description"": ""Micro 2000 Jacking Beams Blue"", ""freight_type"": ""P""}, ""field_decisions"": {""name"": ""SOURCE"", ""cubic"": ""OPERATIONAL"", ""weight"": ""OPERATIONAL"", ""dimensions"": ""OPERATIONAL"", ""description"": ""SOURCE"", ""freight_type"": ""SOURCE""}, ""adopted_operational_state"": false, ""backfilled_from_applied_decision"": true}",Adopted from previously applied decision #114. Recommended initial correction: Source name/description and pallet C/P rule; retain Calculator physical values pending separate review.,2026-09-22 22:35:55.587531+00:00,2026-09-22 22:35:55.586704+00:00,1,SAFE_CANDIDATE,
MICRO2000RAL9005,30250,DIFFERENT,SOURCE_DIMENSIONS_ZERO,UPDATE,APPLIED,SOURCE,SOURCE,OPERATIONAL,OPERATIONAL,OPERATIONAL,SOURCE,"{""name"": ""SOURCE"", ""cubic"": ""OPERATIONAL"", ""weight"": ""OPERATIONAL"", ""dimensions"": ""OPERATIONAL"", ""description"": ""SOURCE"", ""freight_type"": ""SOURCE""}",{},Recommended initial correction: Source name/description and pallet C/P rule; retain Calculator physical values pending separate review.,6,2026-09-21 22:19:44.966279+00:00,6,2026-09-21 22:33:56.705354+00:00,a14e383569824ca6bce9a4299ffe9a54,Micro 2000 Jack Beam Jet Black,Micro 2000 Jack Beam Jet Black,Micro 2000 Jacking Beams Jet Black,Micro 2000 Jacking Beams Jet Black,0.000000,0.000000,0.000000,910.0,740.0,360.0,0.9100,0.7400,0.3600,156.000000,468.0000,0.242000,0.726000,1.000000,P,P,True,True,True,False,,0,,[],True,PRODUCT_RECONCILIATION,b67e44b19ead2ce53cb3c1f7ff7d98d2a8815a944e8ca1c493c2380ac3398323,718380285f14cce0f70cef9140758d486806bfa2ce8e4c417026928ff399fa86,"{""schema"": 1, ""row_action"": ""UPDATE"", ""apply_batch_id"": ""a14e383569824ca6bce9a4299ffe9a54"", ""approved_values"": {""name"": ""Micro 2000 Jack Beam Jet Black"", ""width_m"": ""0.7400"", ""cubic_m3"": ""0.726000"", ""height_m"": ""0.3600"", ""length_m"": ""0.9100"", ""weight_kg"": ""468.0000"", ""description"": ""Micro 2000 Jacking Beams Jet Black"", ""freight_type"": ""P""}, ""field_decisions"": {""name"": ""SOURCE"", ""cubic"": ""OPERATIONAL"", ""weight"": ""OPERATIONAL"", ""dimensions"": ""OPERATIONAL"", ""description"": ""SOURCE"", ""freight_type"": ""SOURCE""}, ""adopted_operational_state"": false, ""backfilled_from_applied_decision"": true}",Adopted from previously applied decision #115. Recommended initial correction: Source name/description and pallet C/P rule; retain Calculator physical values pending separate review.,2026-09-22 22:35:55.590582+00:00,2026-09-22 22:35:55.589740+00:00,1,SAFE_CANDIDATE,
MICRO225,30251,DIFFERENT,SOURCE_DIMENSIONS_ZERO,UPDATE,APPLIED,SOURCE,SOURCE,OPERATIONAL,OPERATIONAL,OPERATIONAL,SOURCE,"{""name"": ""SOURCE"", ""cubic"": ""OPERATIONAL"", ""weight"": ""OPERATIONAL"", ""dimensions"": ""OPERATIONAL"", ""description"": ""SOURCE"", ""freight_type"": ""SOURCE""}",{},Recommended initial correction: Source name/description and pallet C/P rule; retain Calculator physical values pending separate review.,6,2026-09-21 22:19:44.967479+00:00,6,2026-09-21 22:33:56.705354+00:00,a14e383569824ca6bce9a4299ffe9a54,Jacking Beam CMPlat Scr (Red),Jacking Beam CMPlat Scr (Red),Jacking Beam for CM Patfrom Scissors (Red),Jacking Beam for CM Patfrom Scissors (Red),0.000000,0.000000,0.000000,870.0,670.0,350.0,0.8700,0.6700,0.3500,135.000000,405.0000,0.204000,0.612000,1.000000,P,P,True,True,True,False,,0,,[],True,PRODUCT_RECONCILIATION,e4b7de525e382889e88e5156203d83e2abd9d06c7c9579b345c1e733d1616402,97d04c076690e543e604c8cac359c265dae6e4b4c967137bb5ea0b955bf7f876,"{""schema"": 1, ""row_action"": ""UPDATE"", ""apply_batch_id"": ""a14e383569824ca6bce9a4299ffe9a54"", ""approved_values"": {""name"": ""Jacking Beam CMPlat Scr (Red)"", ""width_m"": ""0.6700"", ""cubic_m3"": ""0.612000"", ""height_m"": ""0.3500"", ""length_m"": ""0.8700"", ""weight_kg"": ""405.0000"", ""description"": ""Jacking Beam for CM Patfrom Scissors (Red)"", ""freight_type"": ""P""}, ""field_decisions"": {""name"": ""SOURCE"", ""cubic"": ""OPERATIONAL"", ""weight"": ""OPERATIONAL"", ""dimensions"": ""OPERATIONAL"", ""description"": ""SOURCE"", ""freight_type"": ""SOURCE""}, ""adopted_operational_state"": false, ""backfilled_from_applied_decision"": true}",Adopted from previously applied decision #116. Recommended initial correction: Source name/description and pallet C/P rule; retain Calculator physical values pending separate review.,2026-09-22 22:35:55.596475+00:00,2026-09-22 22:35:55.595645+00:00,1,SAFE_CANDIDATE,
MICRO225-9005,30252,DIFFERENT,SOURCE_DIMENSIONS_ZERO,UPDATE,APPLIED,SOURCE,SOURCE,OPERATIONAL,OPERATIONAL,OPERATIONAL,SOURCE,"{""name"": ""SOURCE"", ""cubic"": ""OPERATIONAL"", ""weight"": ""OPERATIONAL"", ""dimensions"": ""OPERATIONAL"", ""description"": ""SOURCE"", ""freight_type"": ""SOURCE""}",{},Recommended initial correction: Source name/description and pallet C/P rule; retain Calculator physical values pending separate review.,6,2026-09-21 22:19:44.968971+00:00,6,2026-09-21 22:33:56.705354+00:00,a14e383569824ca6bce9a4299ffe9a54,Jacking Beam Black 9005 Black,Jacking Beam Black 9005 Black,Jacking Beam 225 - 9005 Customer Black,Jacking Beam 225 - 9005 Customer Black,0.000000,0.000000,0.000000,870.0,670.0,350.0,0.8700,0.6700,0.3500,135.000000,405.0000,0.204000,0.612000,1.000000,P,P,True,True,True,False,,0,,[],True,PRODUCT_RECONCILIATION,88ff86021c914074ab4c0b14a28f4787722ebb250a9626fce79e75e6af1c6725,0e529c40b348d2391aecc6b2421c894920144859d9862d65e0be896ad6edf96e,"{""schema"": 1, ""row_action"": ""UPDATE"", ""apply_batch_id"": ""a14e383569824ca6bce9a4299ffe9a54"", ""approved_values"": {""name"": ""Jacking Beam Black 9005 Black"", ""width_m"": ""0.6700"", ""cubic_m3"": ""0.612000"", ""height_m"": ""0.3500"", ""length_m"": ""0.8700"", ""weight_kg"": ""405.0000"", ""description"": ""Jacking Beam 225 - 9005 Customer Black"", ""freight_type"": ""P""}, ""field_decisions"": {""name"": ""SOURCE"", ""cubic"": ""OPERATIONAL"", ""weight"": ""OPERATIONAL"", ""dimensions"": ""OPERATIONAL"", ""description"": ""SOURCE"", ""freight_type"": ""SOURCE""}, ""adopted_operational_state"": false, ""backfilled_from_applied_decision"": true}",Adopted from previously applied decision #117. Recommended initial correction: Source name/description and pallet C/P rule; retain Calculator physical values pending separate review.,2026-09-22 22:35:55.599248+00:00,2026-09-22 22:35:55.598419+00:00,1,SAFE_CANDIDATE,
MICRO26,30253,DIFFERENT,TEXT_ONLY,UPDATE,APPLIED,SOURCE,SOURCE,OPERATIONAL,OPERATIONAL,OPERATIONAL,SOURCE,"{""name"": ""SOURCE"", ""cubic"": ""OPERATIONAL"", ""weight"": ""OPERATIONAL"", ""dimensions"": ""OPERATIONAL"", ""description"": ""SOURCE"", ""freight_type"": ""SOURCE""}",{},Recommended initial correction: Source name/description and pallet C/P rule; retain Calculator physical values pending separate review.,6,2026-09-21 22:19:44.972423+00:00,6,2026-09-21 22:33:56.705354+00:00,a14e383569824ca6bce9a4299ffe9a54,Micro 26 - Air Hydraulic,Micro 26 - Air Hydraulic,Micro 26 - Air Hydraulic - For MAJOR 4.55 WL,Micro 26 - Air Hydraulic - For MAJOR 4.55 WL,1120.000000,400.000000,500.000000,1120.0,400.0,500.0,1.1200,0.4000,0.5000,150.000000,150.0000,0.224000,0.224000,1.000000,P,P,False,False,False,False,,0,,[],True,PRODUCT_RECONCILIATION,f3a8eb65e761bb6cf0d4c447b6298bc13ae58d3f312217f5cbb4fa7863a478f8,753ac92404323d44a2140634b3b47a6c5d3758cbbb20a062a26efbcbd510496b,"{""schema"": 1, ""row_action"": ""UPDATE"", ""apply_batch_id"": ""a14e383569824ca6bce9a4299ffe9a54"", ""approved_values"": {""name"": ""Micro 26 - Air Hydraulic"", ""width_m"": ""0.4000"", ""cubic_m3"": ""0.224000"", ""height_m"": ""0.5000"", ""length_m"": ""1.1200"", ""weight_kg"": ""150.0000"", ""description"": ""Micro 26 - Air Hydraulic - For MAJOR 4.55 WL"", ""freight_type"": ""P""}, ""field_decisions"": {""name"": ""SOURCE"", ""cubic"": ""OPERATIONAL"", ""weight"": ""OPERATIONAL"", ""dimensions"": ""OPERATIONAL"", ""description"": ""SOURCE"", ""freight_type"": ""SOURCE""}, ""adopted_operational_state"": false, ""backfilled_from_applied_decision"": true}",Adopted from previously applied decision #118. Recommended initial correction: Source name/description and pallet C/P rule; retain Calculator physical values pending separate review.,2026-09-22 22:35:55.601912+00:00,2026-09-22 22:35:55.601150+00:00,1,SAFE_CANDIDATE,
MICRO3000,30254,DIFFERENT,SOURCE_DIMENSIONS_ZERO,UPDATE,APPLIED,SOURCE,SOURCE,OPERATIONAL,OPERATIONAL,OPERATIONAL,SOURCE,"{""name"": ""SOURCE"", ""cubic"": ""OPERATIONAL"", ""weight"": ""OPERATIONAL"", ""dimensions"": ""OPERATIONAL"", ""description"": ""SOURCE"", ""freight_type"": ""SOURCE""}",{},Recommended initial correction: Source name/description and pallet C/P rule; retain Calculator physical values pending separate review.,6,2026-09-21 22:19:44.973826+00:00,6,2026-09-21 22:33:56.705354+00:00,a14e383569824ca6bce9a4299ffe9a54,Micro 3000 Jacking Beams,Micro 3000 Jacking Beams,Micro 3000 Jacking Beams,Micro 3000 Jacking Beams,0.000000,0.000000,0.000000,1200.0,770.0,450.0,1.2000,0.7700,0.4500,180.000000,540.0000,0.415700,1.247000,1.000000,P,P,True,True,True,False,,0,,[],True,PRODUCT_RECONCILIATION,566d37496eac437d07d1a51adafa933b8f2b1df913d9cfea07aa4d6a627e5713,04417bde5ba09fe096e3d6ac16fd6838e2346c2489ede91476274e8cc35e2f5c,"{""schema"": 1, ""row_action"": ""UPDATE"", ""apply_batch_id"": ""a14e383569824ca6bce9a4299ffe9a54"", ""approved_values"": {""name"": ""Micro 3000 Jacking Beams"", ""width_m"": ""0.7700"", ""cubic_m3"": ""1.247000"", ""height_m"": ""0.4500"", ""length_m"": ""1.2000"", ""weight_kg"": ""540.0000"", ""description"": ""Micro 3000 Jacking Beams"", ""freight_type"": ""P""}, ""field_decisions"": {""name"": ""SOURCE"", ""cubic"": ""OPERATIONAL"", ""weight"": ""OPERATIONAL"", ""dimensions"": ""OPERATIONAL"", ""description"": ""SOURCE"", ""freight_type"": ""SOURCE""}, ""adopted_operational_state"": false, ""backfilled_from_applied_decision"": true}",Adopted from previously applied decision #119. Recommended initial correction: Source name/description and pallet C/P rule; retain Calculator physical values pending separate review.,2026-09-22 22:35:55.604508+00:00,2026-09-22 22:35:55.603676+00:00,1,SAFE_CANDIDATE,
MICRO3000-B,30255,DIFFERENT,SOURCE_DIMENSIONS_ZERO,UPDATE,APPLIED,SOURCE,SOURCE,OPERATIONAL,OPERATIONAL,OPERATIONAL,SOURCE,"{""name"": ""SOURCE"", ""cubic"": ""OPERATIONAL"", ""weight"": ""OPERATIONAL"", ""dimensions"": ""OPERATIONAL"", ""description"": ""SOURCE"", ""freight_type"": ""SOURCE""}",{},Recommended initial correction: Source name/description and pallet C/P rule; retain Calculator physical values pending separate review.,6,2026-09-21 22:19:44.975221+00:00,6,2026-09-21 22:33:56.705354+00:00,a14e383569824ca6bce9a4299ffe9a54,Micro 3000 Jacking Beams,Micro 3000 Jacking Beams,Micro 3000 Jacking Beams,Micro 3000 Jacking Beams,0.000000,0.000000,0.000000,1040.0,740.0,440.0,1.0400,0.7400,0.4400,213.000000,213.0000,0.340000,0.339000,1.000000,P,P,True,False,True,False,,0,,[],True,PRODUCT_RECONCILIATION,a7e715eb2c5505486b70ae3cde3f3e41bc55e46faab9c4165f5b456d9908b1e5,4eecbc48ce75d8184347f5b21372d32a70c6bc649269c43bf59b60cdfcfd52be,"{""schema"": 1, ""row_action"": ""UPDATE"", ""apply_batch_id"": ""a14e383569824ca6bce9a4299ffe9a54"", ""approved_values"": {""name"": ""Micro 3000 Jacking Beams"", ""width_m"": ""0.7400"", ""cubic_m3"": ""0.339000"", ""height_m"": ""0.4400"", ""length_m"": ""1.0400"", ""weight_kg"": ""213.0000"", ""description"": ""Micro 3000 Jacking Beams"", ""freight_type"": ""P""}, ""field_decisions"": {""name"": ""SOURCE"", ""cubic"": ""OPERATIONAL"", ""weight"": ""OPERATIONAL"", ""dimensions"": ""OPERATIONAL"", ""description"": ""SOURCE"", ""freight_type"": ""SOURCE""}, ""adopted_operational_state"": false, ""backfilled_from_applied_decision"": true}",Adopted from previously applied decision #120. Recommended initial correction: Source name/description and pallet C/P rule; retain Calculator physical values pending separate review.,2026-09-22 22:35:55.607146+00:00,2026-09-22 22:35:55.606322+00:00,1,SAFE_CANDIDATE,
MICRO3000-B R5,30256,DIFFERENT,SOURCE_DIMENSIONS_ZERO,UPDATE,APPLIED,SOURCE,SOURCE,OPERATIONAL,OPERATIONAL,OPERATIONAL,SOURCE,"{""name"": ""SOURCE"", ""cubic"": ""OPERATIONAL"", ""weight"": ""OPERATIONAL"", ""dimensions"": ""OPERATIONAL"", ""description"": ""SOURCE"", ""freight_type"": ""SOURCE""}",{},Recommended initial correction: Source name/description and pallet C/P rule; retain Calculator physical values pending separate review.,6,2026-09-21 22:19:44.976462+00:00,6,2026-09-21 22:33:56.705354+00:00,a14e383569824ca6bce9a4299ffe9a54,Micro3000-B Jacking BeamsR5005,Micro3000-B Jacking BeamsR5005,Micro 3000-B Jacking Beams RAL 5005,Micro 3000-B Jacking Beams RAL 5005,0.000000,0.000000,0.000000,1050.0,770.0,450.0,1.0500,0.7700,0.4500,180.000000,540.0000,0.364000,1.092000,1.000000,P,P,True,True,True,False,,0,,[],True,PRODUCT_RECONCILIATION,f06ae21e448846afd3fbcf7529886402b6f08cd6e8ee163f2a53321fe4440007,069d1bf7bd20bb83aac7f2ce242507fd3cfcb195a01afccb2f8b2e42d8cb1e8a,"{""schema"": 1, ""row_action"": ""UPDATE"", ""apply_batch_id"": ""a14e383569824ca6bce9a4299ffe9a54"", ""approved_values"": {""name"": ""Micro3000-B Jacking BeamsR5005"", ""width_m"": ""0.7700"", ""cubic_m3"": ""1.092000"", ""height_m"": ""0.4500"", ""length_m"": ""1.0500"", ""weight_kg"": ""540.0000"", ""description"": ""Micro 3000-B Jacking Beams RAL 5005"", ""freight_type"": ""P""}, ""field_decisions"": {""name"": ""SOURCE"", ""cubic"": ""OPERATIONAL"", ""weight"": ""OPERATIONAL"", ""dimensions"": ""OPERATIONAL"", ""description"": ""SOURCE"", ""freight_type"": ""SOURCE""}, ""adopted_operational_state"": false, ""backfilled_from_applied_decision"": true}",Adopted from previously applied decision #121. Recommended initial correction: Source name/description and pallet C/P rule; retain Calculator physical values pending separate review.,2026-09-22 22:35:55.610522+00:00,2026-09-22 22:35:55.609624+00:00,1,SAFE_CANDIDATE,
MICRO3000RAL2002,30258,DIFFERENT,SOURCE_DIMENSIONS_ZERO,UPDATE,APPLIED,SOURCE,SOURCE,OPERATIONAL,OPERATIONAL,OPERATIONAL,SOURCE,"{""name"": ""SOURCE"", ""cubic"": ""OPERATIONAL"", ""weight"": ""OPERATIONAL"", ""dimensions"": ""OPERATIONAL"", ""description"": ""SOURCE"", ""freight_type"": ""SOURCE""}",{},Recommended initial correction: Source name/description and pallet C/P rule; retain Calculator physical values pending separate review.,6,2026-09-21 22:19:44.977726+00:00,6,2026-09-21 22:33:56.705354+00:00,a14e383569824ca6bce9a4299ffe9a54,Micro 3000 Jacking Beams 2002,Micro 3000 Jacking Beams 2002,Micro 3000 Jacking Beams RAL2002,Micro 3000 Jacking Beams RAL2002,0.000000,0.000000,0.000000,1200.0,750.0,400.0,1.2000,0.7500,0.4000,180.000000,540.0000,0.360000,1.080000,1.000000,P,P,True,True,True,False,,0,,[],True,PRODUCT_RECONCILIATION,1c56524f10fdb04b1a1ca70e0b099a45114e27b1ac8c019fe01cca73d587d813,236c95c9180aca36d7e548df34038d5f79fa3fe0ca6e5f0fc26a5406481a106b,"{""schema"": 1, ""row_action"": ""UPDATE"", ""apply_batch_id"": ""a14e383569824ca6bce9a4299ffe9a54"", ""approved_values"": {""name"": ""Micro 3000 Jacking Beams 2002"", ""width_m"": ""0.7500"", ""cubic_m3"": ""1.080000"", ""height_m"": ""0.4000"", ""length_m"": ""1.2000"", ""weight_kg"": ""540.0000"", ""description"": ""Micro 3000 Jacking Beams RAL2002"", ""freight_type"": ""P""}, ""field_decisions"": {""name"": ""SOURCE"", ""cubic"": ""OPERATIONAL"", ""weight"": ""OPERATIONAL"", ""dimensions"": ""OPERATIONAL"", ""description"": ""SOURCE"", ""freight_type"": ""SOURCE""}, ""adopted_operational_state"": false, ""backfilled_from_applied_decision"": true}",Adopted from previously applied decision #122. Recommended initial correction: Source name/description and pallet C/P rule; retain Calculator physical values pending separate review.,2026-09-22 22:35:55.613252+00:00,2026-09-22 22:35:55.612437+00:00,1,SAFE_CANDIDATE,
MICRO3000RAL5002,30259,DIFFERENT,SOURCE_DIMENSIONS_ZERO,UPDATE,APPLIED,SOURCE,SOURCE,OPERATIONAL,OPERATIONAL,OPERATIONAL,SOURCE,"{""name"": ""SOURCE"", ""cubic"": ""OPERATIONAL"", ""weight"": ""OPERATIONAL"", ""dimensions"": ""OPERATIONAL"", ""description"": ""SOURCE"", ""freight_type"": ""SOURCE""}",{},Recommended initial correction: Source name/description and pallet C/P rule; retain Calculator physical values pending separate review.,6,2026-09-21 22:19:44.978910+00:00,6,2026-09-21 22:33:56.705354+00:00,a14e383569824ca6bce9a4299ffe9a54,Micro 3000 Jacking Beams 5002,Micro 3000 Jacking Beams 5002,Micro 3000 Jacking Beams RAL5002,Micro 3000 Jacking Beams RAL5002,0.000000,0.000000,0.000000,1200.0,750.0,400.0,1.2000,0.7500,0.4000,180.000000,540.0000,0.360000,1.080000,1.000000,P,P,True,True,True,False,,0,,[],True,PRODUCT_RECONCILIATION,0da2c73714ecb3242c3238971a4bad1565c43f8b538683a1114e32edc8bd21e5,c3c2de8619a9af1f128e436e412da69c7ba2be04d9a246d2b18187bd684a5521,"{""schema"": 1, ""row_action"": ""UPDATE"", ""apply_batch_id"": ""a14e383569824ca6bce9a4299ffe9a54"", ""approved_values"": {""name"": ""Micro 3000 Jacking Beams 5002"", ""width_m"": ""0.7500"", ""cubic_m3"": ""1.080000"", ""height_m"": ""0.4000"", ""length_m"": ""1.2000"", ""weight_kg"": ""540.0000"", ""description"": ""Micro 3000 Jacking Beams RAL5002"", ""freight_type"": ""P""}, ""field_decisions"": {""name"": ""SOURCE"", ""cubic"": ""OPERATIONAL"", ""weight"": ""OPERATIONAL"", ""dimensions"": ""OPERATIONAL"", ""description"": ""SOURCE"", ""freight_type"": ""SOURCE""}, ""adopted_operational_state"": false, ""backfilled_from_applied_decision"": true}",Adopted from previously applied decision #123. Recommended initial correction: Source name/description and pallet C/P rule; retain Calculator physical values pending separate review.,2026-09-22 22:35:55.616227+00:00,2026-09-22 22:35:55.615336+00:00,1,SAFE_CANDIDATE,
MICRO3000RAL5015,30260,DIFFERENT,SOURCE_DIMENSIONS_ZERO,UPDATE,APPLIED,SOURCE,SOURCE,OPERATIONAL,OPERATIONAL,OPERATIONAL,SOURCE,"{""name"": ""SOURCE"", ""cubic"": ""OPERATIONAL"", ""weight"": ""OPERATIONAL"", ""dimensions"": ""OPERATIONAL"", ""description"": ""SOURCE"", ""freight_type"": ""SOURCE""}",{},Recommended initial correction: Source name/description and pallet C/P rule; retain Calculator physical values pending separate review.,6,2026-09-21 22:19:44.980121+00:00,6,2026-09-21 22:33:56.705354+00:00,a14e383569824ca6bce9a4299ffe9a54,Micro 3000 Jacking Beams Blue,Micro 3000 Jacking Beams Blue,Micro 3000 Jacking Beams Kmart Blue,Micro 3000 Jacking Beams Kmart Blue,0.000000,0.000000,0.000000,1200.0,750.0,400.0,1.2000,0.7500,0.4000,180.000000,540.0000,0.360000,1.080000,1.000000,P,P,True,True,True,False,,0,,[],True,PRODUCT_RECONCILIATION,69171bfbaac5b56c54817f2fc3cac2d8343fe1a88af4f47f5a58c17bd3871c29,3a24b66790aff6767dd2f93e45810c60b53f22a4c9ef3af96eeaa960183d2e92,"{""schema"": 1, ""row_action"": ""UPDATE"", ""apply_batch_id"": ""a14e383569824ca6bce9a4299ffe9a54"", ""approved_values"": {""name"": ""Micro 3000 Jacking Beams Blue"", ""width_m"": ""0.7500"", ""cubic_m3"": ""1.080000"", ""height_m"": ""0.4000"", ""length_m"": ""1.2000"", ""weight_kg"": ""540.0000"", ""description"": ""Micro 3000 Jacking Beams Kmart Blue"", ""freight_type"": ""P""}, ""field_decisions"": {""name"": ""SOURCE"", ""cubic"": ""OPERATIONAL"", ""weight"": ""OPERATIONAL"", ""dimensions"": ""OPERATIONAL"", ""description"": ""SOURCE"", ""freight_type"": ""SOURCE""}, ""adopted_operational_state"": false, ""backfilled_from_applied_decision"": true}",Adopted from previously applied decision #124. Recommended initial correction: Source name/description and pallet C/P rule; retain Calculator physical values pending separate review.,2026-09-22 22:35:55.618856+00:00,2026-09-22 22:35:55.618039+00:00,1,SAFE_CANDIDATE,
MICRO3000RAL7016,30261,DIFFERENT,SOURCE_DIMENSIONS_ZERO,UPDATE,APPLIED,SOURCE,SOURCE,OPERATIONAL,OPERATIONAL,OPERATIONAL,SOURCE,"{""name"": ""SOURCE"", ""cubic"": ""OPERATIONAL"", ""weight"": ""OPERATIONAL"", ""dimensions"": ""OPERATIONAL"", ""description"": ""SOURCE"", ""freight_type"": ""SOURCE""}",{},Recommended initial correction: Source name/description and pallet C/P rule; retain Calculator physical values pending separate review.,6,2026-09-21 22:19:44.981383+00:00,6,2026-09-21 22:33:56.705354+00:00,a14e383569824ca6bce9a4299ffe9a54,Micro 3000 Jacking Beams Grey,Micro 3000 Jacking Beams Grey,Micro 3000 Jacking Beams Grey,Micro 3000 Jacking Beams Grey,0.000000,0.000000,0.000000,1200.0,750.0,400.0,1.2000,0.7500,0.4000,180.000000,540.0000,0.360000,1.080000,1.000000,P,P,True,True,True,False,,0,,[],True,PRODUCT_RECONCILIATION,43a2ae06124567b0b0f0af720ed9389dc16c19f5746988621062439c183d2624,a55c06e998ad450965f0b24571b4facfe6f6ceb57557f698f2a49db493f7a56c,"{""schema"": 1, ""row_action"": ""UPDATE"", ""apply_batch_id"": ""a14e383569824ca6bce9a4299ffe9a54"", ""approved_values"": {""name"": ""Micro 3000 Jacking Beams Grey"", ""width_m"": ""0.7500"", ""cubic_m3"": ""1.080000"", ""height_m"": ""0.4000"", ""length_m"": ""1.2000"", ""weight_kg"": ""540.0000"", ""description"": ""Micro 3000 Jacking Beams Grey"", ""freight_type"": ""P""}, ""field_decisions"": {""name"": ""SOURCE"", ""cubic"": ""OPERATIONAL"", ""weight"": ""OPERATIONAL"", ""dimensions"": ""OPERATIONAL"", ""description"": ""SOURCE"", ""freight_type"": ""SOURCE""}, ""adopted_operational_state"": false, ""backfilled_from_applied_decision"": true}",Adopted from previously applied decision #125. Recommended initial correction: Source name/description and pallet C/P rule; retain Calculator physical values pending separate review.,2026-09-22 22:35:55.621461+00:00,2026-09-22 22:35:55.620699+00:00,1,SAFE_CANDIDATE,
MICRO3000RAL9005,30262,DIFFERENT,SOURCE_DIMENSIONS_ZERO,UPDATE,APPLIED,SOURCE,SOURCE,OPERATIONAL,OPERATIONAL,OPERATIONAL,SOURCE,"{""name"": ""SOURCE"", ""cubic"": ""OPERATIONAL"", ""weight"": ""OPERATIONAL"", ""dimensions"": ""OPERATIONAL"", ""description"": ""SOURCE"", ""freight_type"": ""SOURCE""}",{},Recommended initial correction: Source name/description and pallet C/P rule; retain Calculator physical values pending separate review.,6,2026-09-21 22:19:44.982573+00:00,6,2026-09-21 22:33:56.705354+00:00,a14e383569824ca6bce9a4299ffe9a54,Micro 3000 Jacking Beams Black,Micro 3000 Jacking Beams Black,Micro 3000 Jacking Beams Black,Micro 3000 Jacking Beams Black,0.000000,0.000000,0.000000,1200.0,770.0,450.0,1.2000,0.7700,0.4500,180.000000,540.0000,0.416000,1.248000,1.000000,P,P,True,True,True,False,,0,,[],True,PRODUCT_RECONCILIATION,318ef832b409aefd29f05515e9d50d95a75cd6ce888aac7eb810222ac13e2891,eabf37ca45bb31dafa161ad035031d446d2b01ebcaf96deaae21b0bb56145465,"{""schema"": 1, ""row_action"": ""UPDATE"", ""apply_batch_id"": ""a14e383569824ca6bce9a4299ffe9a54"", ""approved_values"": {""name"": ""Micro 3000 Jacking Beams Black"", ""width_m"": ""0.7700"", ""cubic_m3"": ""1.248000"", ""height_m"": ""0.4500"", ""length_m"": ""1.2000"", ""weight_kg"": ""540.0000"", ""description"": ""Micro 3000 Jacking Beams Black"", ""freight_type"": ""P""}, ""field_decisions"": {""name"": ""SOURCE"", ""cubic"": ""OPERATIONAL"", ""weight"": ""OPERATIONAL"", ""dimensions"": ""OPERATIONAL"", ""description"": ""SOURCE"", ""freight_type"": ""SOURCE""}, ""adopted_operational_state"": false, ""backfilled_from_applied_decision"": true}",Adopted from previously applied decision #126. Recommended initial correction: Source name/description and pallet C/P rule; retain Calculator physical values pending separate review.,2026-09-22 22:35:55.624175+00:00,2026-09-22 22:35:55.623356+00:00,1,SAFE_CANDIDATE,
MICRO40,30263,DIFFERENT,SOURCE_DIMENSIONS_ZERO,UPDATE,APPLIED,SOURCE,SOURCE,OPERATIONAL,OPERATIONAL,OPERATIONAL,SOURCE,"{""name"": ""SOURCE"", ""cubic"": ""OPERATIONAL"", ""weight"": ""OPERATIONAL"", ""dimensions"": ""OPERATIONAL"", ""description"": ""SOURCE"", ""freight_type"": ""SOURCE""}",{},Recommended initial correction: Source name/description and pallet C/P rule; retain Calculator physical values pending separate review.,6,2026-09-21 22:19:44.984074+00:00,6,2026-09-21 22:33:56.705354+00:00,a14e383569824ca6bce9a4299ffe9a54,Micro 40 Jacking Beam,Micro 40 Jacking Beam,Micro 40 Jacking Beam,Micro 40 Jacking Beam,0.000000,0.000000,0.000000,910.0,580.0,670.0,0.9100,0.5800,0.6700,199.000000,597.0000,0.354000,1.062000,1.000000,P,P,True,True,True,False,,0,,[],True,PRODUCT_RECONCILIATION,93ff6336354f0481fa920f7c47dd028b7523257e36bffc75717387e72435cc1b,8d328ab261261a47c839e0086c7066e03778874fd1143f38ad580a3787269612,"{""schema"": 1, ""row_action"": ""UPDATE"", ""apply_batch_id"": ""a14e383569824ca6bce9a4299ffe9a54"", ""approved_values"": {""name"": ""Micro 40 Jacking Beam"", ""width_m"": ""0.5800"", ""cubic_m3"": ""1.062000"", ""height_m"": ""0.6700"", ""length_m"": ""0.9100"", ""weight_kg"": ""597.0000"", ""description"": ""Micro 40 Jacking Beam"", ""freight_type"": ""P""}, ""field_decisions"": {""name"": ""SOURCE"", ""cubic"": ""OPERATIONAL"", ""weight"": ""OPERATIONAL"", ""dimensions"": ""OPERATIONAL"", ""description"": ""SOURCE"", ""freight_type"": ""SOURCE""}, ""adopted_operational_state"": false, ""backfilled_from_applied_decision"": true}",Adopted from previously applied decision #127. Recommended initial correction: Source name/description and pallet C/P rule; retain Calculator physical values pending separate review.,2026-09-22 22:35:55.627311+00:00,2026-09-22 22:35:55.626248+00:00,1,SAFE_CANDIDATE,
MICRO40LH,30264,DIFFERENT,SOURCE_DIMENSIONS_ZERO,UPDATE,APPLIED,SOURCE,SOURCE,OPERATIONAL,OPERATIONAL,OPERATIONAL,SOURCE,"{""name"": ""SOURCE"", ""cubic"": ""OPERATIONAL"", ""weight"": ""OPERATIONAL"", ""dimensions"": ""OPERATIONAL"", ""description"": ""SOURCE"", ""freight_type"": ""SOURCE""}",{},Recommended initial correction: Source name/description and pallet C/P rule; retain Calculator physical values pending separate review.,6,2026-09-21 22:19:44.985891+00:00,6,2026-09-21 22:33:56.705354+00:00,a14e383569824ca6bce9a4299ffe9a54,Micro 40 LH,Micro 40 LH,Micro 40 LH,Micro 40 LH,0.000000,0.000000,0.000000,910.0,580.0,670.0,0.9100,0.5800,0.6700,199.000000,597.0000,0.354000,1.062000,1.000000,P,P,True,True,True,False,,0,,[],True,PRODUCT_RECONCILIATION,4b2d47ee4f52089749f5b8df821918c1b43d976f1918353fa2432a66d57e2b8d,d41c21f1ccf77c38ca9fb634bf848553af7ad39697cc9506e4ce3cb8b3b11689,"{""schema"": 1, ""row_action"": ""UPDATE"", ""apply_batch_id"": ""a14e383569824ca6bce9a4299ffe9a54"", ""approved_values"": {""name"": ""Micro 40 LH"", ""width_m"": ""0.5800"", ""cubic_m3"": ""1.062000"", ""height_m"": ""0.6700"", ""length_m"": ""0.9100"", ""weight_kg"": ""597.0000"", ""description"": ""Micro 40 LH"", ""freight_type"": ""P""}, ""field_decisions"": {""name"": ""SOURCE"", ""cubic"": ""OPERATIONAL"", ""weight"": ""OPERATIONAL"", ""dimensions"": ""OPERATIONAL"", ""description"": ""SOURCE"", ""freight_type"": ""SOURCE""}, ""adopted_operational_state"": false, ""backfilled_from_applied_decision"": true}",Adopted from previously applied decision #128. Recommended initial correction: Source name/description and pallet C/P rule; retain Calculator physical values pending separate review.,2026-09-22 22:35:55.630303+00:00,2026-09-22 22:35:55.629477+00:00,1,SAFE_CANDIDATE,
MICRO60,30265,DIFFERENT,TEXT_ONLY,UPDATE,APPLIED,SOURCE,SOURCE,OPERATIONAL,OPERATIONAL,OPERATIONAL,SOURCE,"{""name"": ""SOURCE"", ""cubic"": ""OPERATIONAL"", ""weight"": ""OPERATIONAL"", ""dimensions"": ""OPERATIONAL"", ""description"": ""SOURCE"", ""freight_type"": ""SOURCE""}",{},Recommended initial correction: Source name/description and pallet C/P rule; retain Calculator physical values pending separate review.,6,2026-09-21 22:19:44.987311+00:00,6,2026-09-21 22:33:56.705354+00:00,a14e383569824ca6bce9a4299ffe9a54,Micro 60,Micro 60,Micro 60,Micro 60,1200.000000,750.000000,1000.000000,1200.0,750.0,1000.0,1.2000,0.7500,1.0000,567.000000,567.0000,0.810000,0.810000,1.000000,P,P,False,False,False,False,,0,,[],True,PRODUCT_RECONCILIATION,df26ab136bd4971b62ff496a2686a28b25ba432abd8827a46f72de62eabd05c9,836e250a647dd75b9aad42e5cbf5cb6912b4bbed2ad937a857c20e1eb9c07f00,"{""schema"": 1, ""row_action"": ""UPDATE"", ""apply_batch_id"": ""a14e383569824ca6bce9a4299ffe9a54"", ""approved_values"": {""name"": ""Micro 60"", ""width_m"": ""0.7500"", ""cubic_m3"": ""0.810000"", ""height_m"": ""1.0000"", ""length_m"": ""1.2000"", ""weight_kg"": ""567.0000"", ""description"": ""Micro 60"", ""freight_type"": ""P""}, ""field_decisions"": {""name"": ""SOURCE"", ""cubic"": ""OPERATIONAL"", ""weight"": ""OPERATIONAL"", ""dimensions"": ""OPERATIONAL"", ""description"": ""SOURCE"", ""freight_type"": ""SOURCE""}, ""adopted_operational_state"": false, ""backfilled_from_applied_decision"": true}",Adopted from previously applied decision #129. Recommended initial correction: Source name/description and pallet C/P rule; retain Calculator physical values pending separate review.,2026-09-22 22:35:55.632996+00:00,2026-09-22 22:35:55.632135+00:00,1,SAFE_CANDIDATE,
ML-2.35-ARMS,30323,DIFFERENT,PHYSICAL_DIFFERENCES,UPDATE,APPLIED,SOURCE,SOURCE,OPERATIONAL,OPERATIONAL,OPERATIONAL,SOURCE,"{""name"": ""SOURCE"", ""cubic"": ""OPERATIONAL"", ""weight"": ""OPERATIONAL"", ""dimensions"": ""OPERATIONAL"", ""description"": ""SOURCE"", ""freight_type"": ""SOURCE""}",{},Recommended initial correction: Source name/description and pallet C/P rule; retain Calculator physical values pending separate review.,6,2026-09-21 22:19:44.988708+00:00,6,2026-09-21 22:33:56.705354+00:00,a14e383569824ca6bce9a4299ffe9a54,2nd Hand Arms for Masterl,2nd Hand Arms for Masterl,2nd Hand Arms for Masterlift 2.35 Saa,2nd Hand Arms for Masterlift 2.35 Saa,1200.000000,800.000000,500.000000,1200.0,800.0,500.0,1.2000,0.8000,0.5000,130.000000,260.0000,0.240000,0.480000,1.000000,P,P,False,True,True,False,,0,,[],True,PRODUCT_RECONCILIATION,015ca52849d07312c4d466b85614ad778157f4b0f96631a699fa3f036f7f5c0e,1b7cfbb3a3cbb0a3058b3b83ac7818266922ef9cd2195c3d4a21ef9d3434f98d,"{""schema"": 1, ""row_action"": ""UPDATE"", ""apply_batch_id"": ""a14e383569824ca6bce9a4299ffe9a54"", ""approved_values"": {""name"": ""2nd Hand Arms for Masterl"", ""width_m"": ""0.8000"", ""cubic_m3"": ""0.480000"", ""height_m"": ""0.5000"", ""length_m"": ""1.2000"", ""weight_kg"": ""260.0000"", ""description"": ""2nd Hand Arms for Masterlift 2.35 Saa"", ""freight_type"": ""P""}, ""field_decisions"": {""name"": ""SOURCE"", ""cubic"": ""OPERATIONAL"", ""weight"": ""OPERATIONAL"", ""dimensions"": ""OPERATIONAL"", ""description"": ""SOURCE"", ""freight_type"": ""SOURCE""}, ""adopted_operational_state"": false, ""backfilled_from_applied_decision"": true}",Adopted from previously applied decision #130. Recommended initial correction: Source name/description and pallet C/P rule; retain Calculator physical values pending separate review.,2026-09-22 22:35:55.635651+00:00,2026-09-22 22:35:55.634821+00:00,1,SAFE_CANDIDATE,
ML2.35SAA230,30326,DIFFERENT,SOURCE_DIMENSIONS_ZERO,UPDATE,APPLIED,SOURCE,SOURCE,OPERATIONAL,OPERATIONAL,OPERATIONAL,SOURCE,"{""name"": ""SOURCE"", ""cubic"": ""OPERATIONAL"", ""weight"": ""OPERATIONAL"", ""dimensions"": ""OPERATIONAL"", ""description"": ""SOURCE"", ""freight_type"": ""SOURCE""}",{},Recommended initial correction: Source name/description and pallet C/P rule; retain Calculator physical values pending separate review.,6,2026-09-21 22:19:44.990018+00:00,6,2026-09-21 22:33:56.705354+00:00,a14e383569824ca6bce9a4299ffe9a54,Masterlift 2.35 Saa 230 InGrnd,Masterlift 2.35 Saa 230 InGrnd,Masterlift 2.35 Saa 230 In-Ground Hoist,Masterlift 2.35 Saa 230 In-Ground Hoist,0.000000,0.000000,0.000000,1200.0,800.0,550.0,1.2000,0.8000,0.5500,845.000000,845.0000,2.244000,2.244000,2.000000,P,P,True,False,False,False,,0,,[],True,PRODUCT_RECONCILIATION,6d67087a44dc8f2dcae081098bdadbeab47d7b7bccbf53ab3d2fada6519c36ba,b12d6d8444524fdefe4108357b87cf24751c957df670ec1ff697bd22107daeb2,"{""schema"": 1, ""row_action"": ""UPDATE"", ""apply_batch_id"": ""a14e383569824ca6bce9a4299ffe9a54"", ""approved_values"": {""name"": ""Masterlift 2.35 Saa 230 InGrnd"", ""width_m"": ""0.8000"", ""cubic_m3"": ""2.244000"", ""height_m"": ""0.5500"", ""length_m"": ""1.2000"", ""weight_kg"": ""845.0000"", ""description"": ""Masterlift 2.35 Saa 230 In-Ground Hoist"", ""freight_type"": ""P""}, ""field_decisions"": {""name"": ""SOURCE"", ""cubic"": ""OPERATIONAL"", ""weight"": ""OPERATIONAL"", ""dimensions"": ""OPERATIONAL"", ""description"": ""SOURCE"", ""freight_type"": ""SOURCE""}, ""adopted_operational_state"": false, ""backfilled_from_applied_decision"": true}",Adopted from previously applied decision #131. Recommended initial correction: Source name/description and pallet C/P rule; retain Calculator physical values pending separate review.,2026-09-22 22:35:55.638306+00:00,2026-09-22 22:35:55.637524+00:00,1,SAFE_CANDIDATE,
MSNU1772945SP1,30728,DIFFERENT,TEXT_ONLY,UPDATE,APPLIED,SOURCE,SOURCE,OPERATIONAL,OPERATIONAL,OPERATIONAL,SOURCE,"{""name"": ""SOURCE"", ""cubic"": ""OPERATIONAL"", ""weight"": ""OPERATIONAL"", ""dimensions"": ""OPERATIONAL"", ""description"": ""SOURCE"", ""freight_type"": ""SOURCE""}",{},Recommended initial correction: Source name/description and pallet C/P rule; retain Calculator physical values pending separate review.,6,2026-09-21 22:19:44.991252+00:00,6,2026-09-21 22:33:56.705354+00:00,a14e383569824ca6bce9a4299ffe9a54,Pallet Spare Parts MSNU1772945,Pallet Spare Parts MSNU1772945,Pallet Spare Parts MSNU1772945,Pallet Spare Parts MSNU1772945,1170.000000,1170.000000,730.000000,1170.0,1170.0,730.0,1.1700,1.1700,0.7300,486.000000,486.0000,0.999000,0.999000,1.000000,P,P,False,False,False,False,,0,,[],True,PRODUCT_RECONCILIATION,d231d744042c81644d60946be5e5ee30222ba6a18a399f065bc92d9a4c5e7e79,ff9e41798a5d8bc42ab7096e4e615238a0f37b9d0cffa99ab475208b70e6318b,"{""schema"": 1, ""row_action"": ""UPDATE"", ""apply_batch_id"": ""a14e383569824ca6bce9a4299ffe9a54"", ""approved_values"": {""name"": ""Pallet Spare Parts MSNU1772945"", ""width_m"": ""1.1700"", ""cubic_m3"": ""0.999000"", ""height_m"": ""0.7300"", ""length_m"": ""1.1700"", ""weight_kg"": ""486.0000"", ""description"": ""Pallet Spare Parts MSNU1772945"", ""freight_type"": ""P""}, ""field_decisions"": {""name"": ""SOURCE"", ""cubic"": ""OPERATIONAL"", ""weight"": ""OPERATIONAL"", ""dimensions"": ""OPERATIONAL"", ""description"": ""SOURCE"", ""freight_type"": ""SOURCE""}, ""adopted_operational_state"": false, ""backfilled_from_applied_decision"": true}",Adopted from previously applied decision #132. Recommended initial correction: Source name/description and pallet C/P rule; retain Calculator physical values pending separate review.,2026-09-22 22:35:55.641438+00:00,2026-09-22 22:35:55.640547+00:00,1,SAFE_CANDIDATE,
MSNU1892067SP1,30732,DIFFERENT,TEXT_ONLY,UPDATE,APPLIED,SOURCE,SOURCE,OPERATIONAL,OPERATIONAL,OPERATIONAL,SOURCE,"{""name"": ""SOURCE"", ""cubic"": ""OPERATIONAL"", ""weight"": ""OPERATIONAL"", ""dimensions"": ""OPERATIONAL"", ""description"": ""SOURCE"", ""freight_type"": ""SOURCE""}",{},Recommended initial correction: Source name/description and pallet C/P rule; retain Calculator physical values pending separate review.,6,2026-09-21 22:19:44.992438+00:00,6,2026-09-21 22:33:56.705354+00:00,a14e383569824ca6bce9a4299ffe9a54,Pallet Spare Parts MSNU1892067,Pallet Spare Parts MSNU1892067,Pallet Spare Parts MSNU1892067,Pallet Spare Parts MSNU1892067,1200.000000,800.000000,770.000000,1200.0,800.0,770.0,1.2000,0.8000,0.7700,112.000000,112.0000,0.739000,0.739000,1.000000,P,P,False,False,False,False,,0,,[],True,PRODUCT_RECONCILIATION,c2588caea28f7aa60d0aeff2e79eb2c2ddf6a05967cc92857ae22c69c3fe5443,077447b879da91b797da5d04f98c7d886b5f36c2503fa257fecee5ed3e6f2abd,"{""schema"": 1, ""row_action"": ""UPDATE"", ""apply_batch_id"": ""a14e383569824ca6bce9a4299ffe9a54"", ""approved_values"": {""name"": ""Pallet Spare Parts MSNU1892067"", ""width_m"": ""0.8000"", ""cubic_m3"": ""0.739000"", ""height_m"": ""0.7700"", ""length_m"": ""1.2000"", ""weight_kg"": ""112.0000"", ""description"": ""Pallet Spare Parts MSNU1892067"", ""freight_type"": ""P""}, ""field_decisions"": {""name"": ""SOURCE"", ""cubic"": ""OPERATIONAL"", ""weight"": ""OPERATIONAL"", ""dimensions"": ""OPERATIONAL"", ""description"": ""SOURCE"", ""freight_type"": ""SOURCE""}, ""adopted_operational_state"": false, ""backfilled_from_applied_decision"": true}",Adopted from previously applied decision #133. Recommended initial correction: Source name/description and pallet C/P rule; retain Calculator physical values pending separate review.,2026-09-22 22:35:55.644733+00:00,2026-09-22 22:35:55.643785+00:00,1,SAFE_CANDIDATE,
MSNU1892067SP2,30733,DIFFERENT,TEXT_ONLY,UPDATE,APPLIED,SOURCE,SOURCE,OPERATIONAL,OPERATIONAL,OPERATIONAL,SOURCE,"{""name"": ""SOURCE"", ""cubic"": ""OPERATIONAL"", ""weight"": ""OPERATIONAL"", ""dimensions"": ""OPERATIONAL"", ""description"": ""SOURCE"", ""freight_type"": ""SOURCE""}",{},Recommended initial correction: Source name/description and pallet C/P rule; retain Calculator physical values pending separate review.,6,2026-09-21 22:19:44.993680+00:00,6,2026-09-21 22:33:56.705354+00:00,a14e383569824ca6bce9a4299ffe9a54,Pallet Spare Parts MSNU1892067,Pallet Spare Parts MSNU1892067,Pallet Spare Parts MSNU1892067,Pallet Spare Parts MSNU1892067,2200.000000,1170.000000,550.000000,2200.0,1170.0,550.0,2.2000,1.1700,0.5500,360.000000,360.0000,1.416000,1.416000,1.000000,P,P,False,False,False,False,,0,,[],True,PRODUCT_RECONCILIATION,62fef2ac4565740684a9d44bec79d6aee179c4ad03bc14f1302681f0c96214bf,b9b2315a9a8a611349eda55f3b41ae283cfedc007a5ac852dc6c4f5d1af942ad,"{""schema"": 1, ""row_action"": ""UPDATE"", ""apply_batch_id"": ""a14e383569824ca6bce9a4299ffe9a54"", ""approved_values"": {""name"": ""Pallet Spare Parts MSNU1892067"", ""width_m"": ""1.1700"", ""cubic_m3"": ""1.416000"", ""height_m"": ""0.5500"", ""length_m"": ""2.2000"", ""weight_kg"": ""360.0000"", ""description"": ""Pallet Spare Parts MSNU1892067"", ""freight_type"": ""P""}, ""field_decisions"": {""name"": ""SOURCE"", ""cubic"": ""OPERATIONAL"", ""weight"": ""OPERATIONAL"", ""dimensions"": ""OPERATIONAL"", ""description"": ""SOURCE"", ""freight_type"": ""SOURCE""}, ""adopted_operational_state"": false, ""backfilled_from_applied_decision"": true}",Adopted from previously applied decision #134. Recommended initial correction: Source name/description and pallet C/P rule; retain Calculator physical values pending separate review.,2026-09-22 22:35:55.647497+00:00,2026-09-22 22:35:55.646740+00:00,1,SAFE_CANDIDATE,
MX35LSMG,30807,DIFFERENT,SOURCE_DIMENSIONS_ZERO,UPDATE,APPLIED,SOURCE,SOURCE,OPERATIONAL,OPERATIONAL,OPERATIONAL,SOURCE,"{""name"": ""SOURCE"", ""cubic"": ""OPERATIONAL"", ""weight"": ""OPERATIONAL"", ""dimensions"": ""OPERATIONAL"", ""description"": ""SOURCE"", ""freight_type"": ""SOURCE""}",{},Recommended initial correction: Source name/description and pallet C/P rule; retain Calculator physical values pending separate review.,6,2026-09-21 22:19:44.994827+00:00,6,2026-09-21 22:33:56.705354+00:00,a14e383569824ca6bce9a4299ffe9a54,MagiX 35 LSMG Scissor Lift,MagiX 35 LSMG Scissor Lift,MagiX 35 LSMG Scissor Lift,MagiX 35 LSMG Scissor Lift,0.000000,0.000000,0.000000,2150.0,2150.0,250.0,2.1500,2.1500,0.2500,629.000000,629.0000,1.399000,1.399000,2.000000,P,P,True,False,False,False,,0,,[],True,PRODUCT_RECONCILIATION,afadaf9026a3f54f113f6a8ac497139c14ff3379e3720dc398adbc88cbde3a2f,4ce69b324fd58a11ac893e1a40ee890b48accac822c3df0fa04a1db94a90f76c,"{""schema"": 1, ""row_action"": ""UPDATE"", ""apply_batch_id"": ""a14e383569824ca6bce9a4299ffe9a54"", ""approved_values"": {""name"": ""MagiX 35 LSMG Scissor Lift"", ""width_m"": ""2.1500"", ""cubic_m3"": ""1.399000"", ""height_m"": ""0.2500"", ""length_m"": ""2.1500"", ""weight_kg"": ""629.0000"", ""description"": ""MagiX 35 LSMG Scissor Lift"", ""freight_type"": ""P""}, ""field_decisions"": {""name"": ""SOURCE"", ""cubic"": ""OPERATIONAL"", ""weight"": ""OPERATIONAL"", ""dimensions"": ""OPERATIONAL"", ""description"": ""SOURCE"", ""freight_type"": ""SOURCE""}, ""adopted_operational_state"": false, ""backfilled_from_applied_decision"": true}",Adopted from previously applied decision #135. Recommended initial correction: Source name/description and pallet C/P rule; retain Calculator physical values pending separate review.,2026-09-22 22:35:55.650329+00:00,2026-09-22 22:35:55.649526+00:00,1,SAFE_CANDIDATE,
PBT,32111,DIFFERENT,PHYSICAL_DIFFERENCES,UPDATE,APPLIED,SOURCE,SOURCE,OPERATIONAL,OPERATIONAL,OPERATIONAL,SOURCE,"{""name"": ""SOURCE"", ""cubic"": ""OPERATIONAL"", ""weight"": ""OPERATIONAL"", ""dimensions"": ""OPERATIONAL"", ""description"": ""SOURCE"", ""freight_type"": ""SOURCE""}",{},Recommended initial correction: Source name/description and pallet C/P rule; retain Calculator physical values pending separate review.,6,2026-09-21 22:19:44.996939+00:00,6,2026-09-21 22:33:56.705354+00:00,a14e383569824ca6bce9a4299ffe9a54,Plate Brake Tester,Plate Brake Tester,Plate Brake Tester,Plate Brake Tester,1920.000000,720.000000,420.000000,420.0,730.0,1900.0,0.4200,0.7300,1.9000,400.000000,380.0000,0.581000,0.583000,1.000000,P,P,True,True,True,False,,0,,[],True,PRODUCT_RECONCILIATION,7f3a4aef92fdc6401d0f4ce79f366eb183cc8fd47f8df89adaeb277e0f6527a6,bade4dce0e7a77ec094fbb4a7eed5632a66e6e77f06cd7c7f1a53430b0541050,"{""schema"": 1, ""row_action"": ""UPDATE"", ""apply_batch_id"": ""a14e383569824ca6bce9a4299ffe9a54"", ""approved_values"": {""name"": ""Plate Brake Tester"", ""width_m"": ""0.7300"", ""cubic_m3"": ""0.583000"", ""height_m"": ""1.9000"", ""length_m"": ""0.4200"", ""weight_kg"": ""380.0000"", ""description"": ""Plate Brake Tester"", ""freight_type"": ""P""}, ""field_decisions"": {""name"": ""SOURCE"", ""cubic"": ""OPERATIONAL"", ""weight"": ""OPERATIONAL"", ""dimensions"": ""OPERATIONAL"", ""description"": ""SOURCE"", ""freight_type"": ""SOURCE""}, ""adopted_operational_state"": false, ""backfilled_from_applied_decision"": true}",Adopted from previously applied decision #136. Recommended initial correction: Source name/description and pallet C/P rule; retain Calculator physical values pending separate review.,2026-09-22 22:35:55.655529+00:00,2026-09-22 22:35:55.654742+00:00,1,SAFE_CANDIDATE,
PLHF3S5000,32317,DIFFERENT,TEXT_ONLY,UPDATE,APPLIED,SOURCE,SOURCE,OPERATIONAL,OPERATIONAL,OPERATIONAL,SOURCE,"{""name"": ""SOURCE"", ""cubic"": ""OPERATIONAL"", ""weight"": ""OPERATIONAL"", ""dimensions"": ""OPERATIONAL"", ""description"": ""SOURCE"", ""freight_type"": ""SOURCE""}",{},Recommended initial correction: Source name/description and pallet C/P rule; retain Calculator physical values pending separate review.,6,2026-09-21 22:19:44.998186+00:00,6,2026-09-21 22:33:56.705354+00:00,a14e383569824ca6bce9a4299ffe9a54,Power Lift HF 3S 5000,Power Lift HF 3S 5000,Power Lift HF 3S 5000,Power Lift HF 3S 5000,4300.000000,1200.000000,900.000000,4300.0,1200.0,900.0,4.3000,1.2000,0.9000,1470.000000,1470.0000,4.644000,4.644000,1.000000,P,P,False,False,False,False,,0,,[],True,PRODUCT_RECONCILIATION,c4ebcee590c330b9c5846e5385ba482df842128fb1d22d1157919c5b0fd0059d,ab68902f6412d45289e6738cce96887c2713b2dd78019c42ade1c46b00e398b6,"{""schema"": 1, ""row_action"": ""UPDATE"", ""apply_batch_id"": ""a14e383569824ca6bce9a4299ffe9a54"", ""approved_values"": {""name"": ""Power Lift HF 3S 5000"", ""width_m"": ""1.2000"", ""cubic_m3"": ""4.644000"", ""height_m"": ""0.9000"", ""length_m"": ""4.3000"", ""weight_kg"": ""1470.0000"", ""description"": ""Power Lift HF 3S 5000"", ""freight_type"": ""P""}, ""field_decisions"": {""name"": ""SOURCE"", ""cubic"": ""OPERATIONAL"", ""weight"": ""OPERATIONAL"", ""dimensions"": ""OPERATIONAL"", ""description"": ""SOURCE"", ""freight_type"": ""SOURCE""}, ""adopted_operational_state"": false, ""backfilled_from_applied_decision"": true}",Adopted from previously applied decision #137. Recommended initial correction: Source name/description and pallet C/P rule; retain Calculator physical values pending separate review.,2026-09-22 22:35:55.658972+00:00,2026-09-22 22:35:55.657493+00:00,1,SAFE_CANDIDATE,
RAL2002,33045,DIFFERENT,PHYSICAL_DIFFERENCES,UPDATE,APPLIED,SOURCE,SOURCE,OPERATIONAL,OPERATIONAL,OPERATIONAL,SOURCE,"{""name"": ""SOURCE"", ""cubic"": ""OPERATIONAL"", ""weight"": ""OPERATIONAL"", ""dimensions"": ""OPERATIONAL"", ""description"": ""SOURCE"", ""freight_type"": ""SOURCE""}",{},Recommended initial correction: Source name/description and pallet C/P rule; retain Calculator physical values pending separate review.,6,2026-09-21 22:19:44.999442+00:00,6,2026-09-21 22:33:56.705354+00:00,a14e383569824ca6bce9a4299ffe9a54,Wheel Adaptors for SMC30CBLED,Wheel Adaptors for SMC30CBLED,Wheel Adaptors for SMC30CBLED,Wheel Adaptors for SMC30CBLED,1260.000000,800.000000,450.000000,1260.0,800.0,450.0,1.2600,0.8000,0.4500,11.916700,286.0000,0.018900,0.454000,1.000000,P,P,False,True,True,False,,0,,[],True,PRODUCT_RECONCILIATION,24f19d39dda2b8427dff9836c5920fbb06e95b889e0c4de1d23488006a87bb5e,5bbd7009349bb33142e143a67e690cbdab824a1a8e6f6e9f635b964fc992f3ac,"{""schema"": 1, ""row_action"": ""UPDATE"", ""apply_batch_id"": ""a14e383569824ca6bce9a4299ffe9a54"", ""approved_values"": {""name"": ""Wheel Adaptors for SMC30CBLED"", ""width_m"": ""0.8000"", ""cubic_m3"": ""0.454000"", ""height_m"": ""0.4500"", ""length_m"": ""1.2600"", ""weight_kg"": ""286.0000"", ""description"": ""Wheel Adaptors for SMC30CBLED"", ""freight_type"": ""P""}, ""field_decisions"": {""name"": ""SOURCE"", ""cubic"": ""OPERATIONAL"", ""weight"": ""OPERATIONAL"", ""dimensions"": ""OPERATIONAL"", ""description"": ""SOURCE"", ""freight_type"": ""SOURCE""}, ""adopted_operational_state"": false, ""backfilled_from_applied_decision"": true}",Adopted from previously applied decision #138. Recommended initial correction: Source name/description and pallet C/P rule; retain Calculator physical values pending separate review.,2026-09-22 22:35:55.661739+00:00,2026-09-22 22:35:55.660883+00:00,1,SAFE_CANDIDATE,
RECESS-KIT,33194,DIFFERENT,TEXT_ONLY,UPDATE,APPLIED,SOURCE,SOURCE,OPERATIONAL,OPERATIONAL,OPERATIONAL,SOURCE,"{""name"": ""SOURCE"", ""cubic"": ""OPERATIONAL"", ""weight"": ""OPERATIONAL"", ""dimensions"": ""OPERATIONAL"", ""description"": ""SOURCE"", ""freight_type"": ""SOURCE""}",{},Recommended initial correction: Source name/description and pallet C/P rule; retain Calculator physical values pending separate review.,6,2026-09-21 22:19:45.001084+00:00,6,2026-09-21 22:33:56.705354+00:00,a14e383569824ca6bce9a4299ffe9a54,H Tile Frame & Covers x 2,H Tile Frame & Covers x 2,H Tile Frame & Covers x 2,H Tile Frame & Covers x 2,2300.000000,1100.000000,800.000000,2300.0,1100.0,800.0,2.3000,1.1000,0.8000,1520.000000,1520.0000,2.024000,2.024000,1.000000,P,P,False,False,False,False,,0,,[],True,PRODUCT_RECONCILIATION,b2f96bb7a631340c6d27e7306d684f47650e8357b5fe70f2429f0afe6b7d21ac,cf7589ae2acece1f451db75f97214cba03920dfbbd0b5a3965271a74b361b756,"{""schema"": 1, ""row_action"": ""UPDATE"", ""apply_batch_id"": ""a14e383569824ca6bce9a4299ffe9a54"", ""approved_values"": {""name"": ""H Tile Frame & Covers x 2"", ""width_m"": ""1.1000"", ""cubic_m3"": ""2.024000"", ""height_m"": ""0.8000"", ""length_m"": ""2.3000"", ""weight_kg"": ""1520.0000"", ""description"": ""H Tile Frame & Covers x 2"", ""freight_type"": ""P""}, ""field_decisions"": {""name"": ""SOURCE"", ""cubic"": ""OPERATIONAL"", ""weight"": ""OPERATIONAL"", ""dimensions"": ""OPERATIONAL"", ""description"": ""SOURCE"", ""freight_type"": ""SOURCE""}, ""adopted_operational_state"": false, ""backfilled_from_applied_decision"": true}",Adopted from previously applied decision #139. Recommended initial correction: Source name/description and pallet C/P rule; retain Calculator physical values pending separate review.,2026-09-22 22:35:55.664450+00:00,2026-09-22 22:35:55.663615+00:00,1,SAFE_CANDIDATE,
RT130,33573,DIFFERENT,SOURCE_DIMENSIONS_ZERO,UPDATE,APPLIED,SOURCE,SOURCE,OPERATIONAL,OPERATIONAL,OPERATIONAL,SOURCE,"{""name"": ""SOURCE"", ""cubic"": ""OPERATIONAL"", ""weight"": ""OPERATIONAL"", ""dimensions"": ""OPERATIONAL"", ""description"": ""SOURCE"", ""freight_type"": ""SOURCE""}",{},Recommended initial correction: Source name/description and pallet C/P rule; retain Calculator physical values pending separate review.,6,2026-09-21 22:19:45.002373+00:00,6,2026-09-21 22:33:56.705354+00:00,a14e383569824ca6bce9a4299ffe9a54,Brake Tester,Brake Tester,Brake Tester,Brake Tester,0.000000,0.000000,0.000000,3000.0,800.0,820.0,3.0000,0.8000,0.8200,1390.000000,1390.0000,3.634000,3.634000,3.000000,P,P,True,False,False,False,,0,,[],True,PRODUCT_RECONCILIATION,0813379a9b33e8816edfd1a7920606d018c2ad31b72a17dfbed3d010ad2c82e5,d44835ca02b51056cd4ff9a80dd936a000d1e0646e4e020421ee90c1fd71290b,"{""schema"": 1, ""row_action"": ""UPDATE"", ""apply_batch_id"": ""a14e383569824ca6bce9a4299ffe9a54"", ""approved_values"": {""name"": ""Brake Tester"", ""width_m"": ""0.8000"", ""cubic_m3"": ""3.634000"", ""height_m"": ""0.8200"", ""length_m"": ""3.0000"", ""weight_kg"": ""1390.0000"", ""description"": ""Brake Tester"", ""freight_type"": ""P""}, ""field_decisions"": {""name"": ""SOURCE"", ""cubic"": ""OPERATIONAL"", ""weight"": ""OPERATIONAL"", ""dimensions"": ""OPERATIONAL"", ""description"": ""SOURCE"", ""freight_type"": ""SOURCE""}, ""adopted_operational_state"": false, ""backfilled_from_applied_decision"": true}",Adopted from previously applied decision #140. Recommended initial correction: Source name/description and pallet C/P rule; retain Calculator physical values pending separate review.,2026-09-22 22:35:55.667779+00:00,2026-09-22 22:35:55.666851+00:00,1,SAFE_CANDIDATE,
RT187-2,33581,DIFFERENT,PHYSICAL_DIFFERENCES,UPDATE,APPLIED,SOURCE,SOURCE,OPERATIONAL,OPERATIONAL,OPERATIONAL,SOURCE,"{""name"": ""SOURCE"", ""cubic"": ""OPERATIONAL"", ""weight"": ""OPERATIONAL"", ""dimensions"": ""OPERATIONAL"", ""description"": ""SOURCE"", ""freight_type"": ""SOURCE""}",{},Recommended initial correction: Source name/description and pallet C/P rule; retain Calculator physical values pending separate review.,6,2026-09-21 22:19:45.003594+00:00,6,2026-09-21 22:33:56.705354+00:00,a14e383569824ca6bce9a4299ffe9a54,Roller Brake Tester,Roller Brake Tester,Roller Brake Tester,Roller Brake Tester,1600.000000,1200.000000,1500.000000,1600.0,1200.0,1500.0,1.6000,1.2000,1.5000,1050.000000,2100.0000,1.440000,2.880000,2.000000,P,P,False,True,True,False,,0,,[],True,PRODUCT_RECONCILIATION,95873b8e8c757543d6fd3daa3874368d1d1ac105ac13541ab56d0fb4ab190fd5,c90f0660a43de49b5cea6781410d44780c5f07b557358968e2794a11a2055cce,"{""schema"": 1, ""row_action"": ""UPDATE"", ""apply_batch_id"": ""a14e383569824ca6bce9a4299ffe9a54"", ""approved_values"": {""name"": ""Roller Brake Tester"", ""width_m"": ""1.2000"", ""cubic_m3"": ""2.880000"", ""height_m"": ""1.5000"", ""length_m"": ""1.6000"", ""weight_kg"": ""2100.0000"", ""description"": ""Roller Brake Tester"", ""freight_type"": ""P""}, ""field_decisions"": {""name"": ""SOURCE"", ""cubic"": ""OPERATIONAL"", ""weight"": ""OPERATIONAL"", ""dimensions"": ""OPERATIONAL"", ""description"": ""SOURCE"", ""freight_type"": ""SOURCE""}, ""adopted_operational_state"": false, ""backfilled_from_applied_decision"": true}",Adopted from previously applied decision #141. Recommended initial correction: Source name/description and pallet C/P rule; retain Calculator physical values pending separate review.,2026-09-22 22:35:55.671650+00:00,2026-09-22 22:35:55.670817+00:00,1,SAFE_CANDIDATE,
RT40,33603,DIFFERENT,TEXT_ONLY,UPDATE,APPLIED,SOURCE,SOURCE,OPERATIONAL,OPERATIONAL,OPERATIONAL,SOURCE,"{""name"": ""SOURCE"", ""cubic"": ""OPERATIONAL"", ""weight"": ""OPERATIONAL"", ""dimensions"": ""OPERATIONAL"", ""description"": ""SOURCE"", ""freight_type"": ""SOURCE""}",{},Recommended initial correction: Source name/description and pallet C/P rule; retain Calculator physical values pending separate review.,6,2026-09-21 22:19:45.004876+00:00,6,2026-09-21 22:33:56.705354+00:00,a14e383569824ca6bce9a4299ffe9a54,Roller Brake Tester,Roller Brake Tester,Roller Brake Tester,Roller Brake Tester,2400.000000,800.000000,600.000000,2400.0,800.0,600.0,2.4000,0.8000,0.6000,450.000000,450.0000,1.152000,1.152000,1.000000,P,P,False,False,False,False,,0,,[],True,PRODUCT_RECONCILIATION,fcb9ac542cf059fd7146a61af947d25c7c1e3d5a18047aa5902770ce971c7e7e,210dc015ff745fd5d6d7c4bb4ef60928a88a24e087fe1748d9c0dc105db8c8d4,"{""schema"": 1, ""row_action"": ""UPDATE"", ""apply_batch_id"": ""a14e383569824ca6bce9a4299ffe9a54"", ""approved_values"": {""name"": ""Roller Brake Tester"", ""width_m"": ""0.8000"", ""cubic_m3"": ""1.152000"", ""height_m"": ""0.6000"", ""length_m"": ""2.4000"", ""weight_kg"": ""450.0000"", ""description"": ""Roller Brake Tester"", ""freight_type"": ""P""}, ""field_decisions"": {""name"": ""SOURCE"", ""cubic"": ""OPERATIONAL"", ""weight"": ""OPERATIONAL"", ""dimensions"": ""OPERATIONAL"", ""description"": ""SOURCE"", ""freight_type"": ""SOURCE""}, ""adopted_operational_state"": false, ""backfilled_from_applied_decision"": true}",Adopted from previously applied decision #142. Recommended initial correction: Source name/description and pallet C/P rule; retain Calculator physical values pending separate review.,2026-09-22 22:35:55.674513+00:00,2026-09-22 22:35:55.673667+00:00,1,SAFE_CANDIDATE,
S0857-700,33675,DIFFERENT,PHYSICAL_DIFFERENCES,UPDATE,APPLIED,SOURCE,SOURCE,OPERATIONAL,OPERATIONAL,OPERATIONAL,SOURCE,"{""name"": ""SOURCE"", ""cubic"": ""OPERATIONAL"", ""weight"": ""OPERATIONAL"", ""dimensions"": ""OPERATIONAL"", ""description"": ""SOURCE"", ""freight_type"": ""SOURCE""}",{},Recommended initial correction: Source name/description and pallet C/P rule; retain Calculator physical values pending separate review.,6,2026-09-21 22:19:45.006056+00:00,6,2026-09-21 22:33:56.705354+00:00,a14e383569824ca6bce9a4299ffe9a54,H Frame & Covers,H Frame & Covers,H Frame & Covers,H Frame & Covers,2600.000000,1100.000000,600.000000,2600.0,1100.0,600.0,2.6000,1.1000,0.6000,435.000000,870.0000,0.858000,1.716000,1.000000,P,P,False,True,True,False,,0,,[],True,PRODUCT_RECONCILIATION,83f800b4c31ae1699dbabc824a6012e6e642e136bc0b277c3078e8509666b032,5585d88f0599239e9d809419a21e3b2f8bd0ea4432d6fa04b948061897b2c445,"{""schema"": 1, ""row_action"": ""UPDATE"", ""apply_batch_id"": ""a14e383569824ca6bce9a4299ffe9a54"", ""approved_values"": {""name"": ""H Frame & Covers"", ""width_m"": ""1.1000"", ""cubic_m3"": ""1.716000"", ""height_m"": ""0.6000"", ""length_m"": ""2.6000"", ""weight_kg"": ""870.0000"", ""description"": ""H Frame & Covers"", ""freight_type"": ""P""}, ""field_decisions"": {""name"": ""SOURCE"", ""cubic"": ""OPERATIONAL"", ""weight"": ""OPERATIONAL"", ""dimensions"": ""OPERATIONAL"", ""description"": ""SOURCE"", ""freight_type"": ""SOURCE""}, ""adopted_operational_state"": false, ""backfilled_from_applied_decision"": true}",Adopted from previously applied decision #143. Recommended initial correction: Source name/description and pallet C/P rule; retain Calculator physical values pending separate review.,2026-09-22 22:35:55.677324+00:00,2026-09-22 22:35:55.676536+00:00,1,SAFE_CANDIDATE,
S0857-S1,33676,DIFFERENT,PHYSICAL_DIFFERENCES,UPDATE,APPLIED,SOURCE,SOURCE,OPERATIONAL,OPERATIONAL,OPERATIONAL,SOURCE,"{""name"": ""SOURCE"", ""cubic"": ""OPERATIONAL"", ""weight"": ""OPERATIONAL"", ""dimensions"": ""OPERATIONAL"", ""description"": ""SOURCE"", ""freight_type"": ""SOURCE""}",{},Recommended initial correction: Source name/description and pallet C/P rule; retain Calculator physical values pending separate review.,6,2026-09-21 22:19:45.007214+00:00,6,2026-09-21 22:33:56.705354+00:00,a14e383569824ca6bce9a4299ffe9a54,H Frame & Covers,H Frame & Covers,H Frame & Covers,H Frame & Covers,2600.000000,1100.000000,600.000000,2600.0,1100.0,600.0,2.6000,1.1000,0.6000,435.000000,870.0000,0.858000,1.716000,1.000000,P,P,False,True,True,False,,0,,[],True,PRODUCT_RECONCILIATION,6e060c3478f67295769003be0a38dd66638f310ae6b6ce496d0d0ad2a7dd1c2e,5585d88f0599239e9d809419a21e3b2f8bd0ea4432d6fa04b948061897b2c445,"{""schema"": 1, ""row_action"": ""UPDATE"", ""apply_batch_id"": ""a14e383569824ca6bce9a4299ffe9a54"", ""approved_values"": {""name"": ""H Frame & Covers"", ""width_m"": ""1.1000"", ""cubic_m3"": ""1.716000"", ""height_m"": ""0.6000"", ""length_m"": ""2.6000"", ""weight_kg"": ""870.0000"", ""description"": ""H Frame & Covers"", ""freight_type"": ""P""}, ""field_decisions"": {""name"": ""SOURCE"", ""cubic"": ""OPERATIONAL"", ""weight"": ""OPERATIONAL"", ""dimensions"": ""OPERATIONAL"", ""description"": ""SOURCE"", ""freight_type"": ""SOURCE""}, ""adopted_operational_state"": false, ""backfilled_from_applied_decision"": true}",Adopted from previously applied decision #144. Recommended initial correction: Source name/description and pallet C/P rule; retain Calculator physical values pending separate review.,2026-09-22 22:35:55.679969+00:00,2026-09-22 22:35:55.679189+00:00,1,SAFE_CANDIDATE,
SB40,33840,DIFFERENT,SOURCE_DIMENSIONS_ZERO,UPDATE,APPLIED,SOURCE,SOURCE,OPERATIONAL,OPERATIONAL,OPERATIONAL,SOURCE,"{""name"": ""SOURCE"", ""cubic"": ""OPERATIONAL"", ""weight"": ""OPERATIONAL"", ""dimensions"": ""OPERATIONAL"", ""description"": ""SOURCE"", ""freight_type"": ""SOURCE""}",{},Recommended initial correction: Source name/description and pallet C/P rule; retain Calculator physical values pending separate review.,6,2026-09-21 22:19:45.008430+00:00,6,2026-09-21 22:33:56.705354+00:00,a14e383569824ca6bce9a4299ffe9a54,Two Post Hoist,Two Post Hoist,Two Post Hoist,Two Post Hoist,0.000000,0.000000,0.000000,3000.0,1150.0,400.0,3.0000,1.1500,0.4000,672.000000,800.0000,1.312000,1.380000,1.000000,P,P,True,True,True,False,,0,,[],True,PRODUCT_RECONCILIATION,f9d19a933ba267b71be3ae24b734d19281aeebcb117035bea16c85351f2c101a,45bd8bc54d9237c8ccdf5709bf83f06b1e29c7709f5dce64b27e8f4dd5f4341e,"{""schema"": 1, ""row_action"": ""UPDATE"", ""apply_batch_id"": ""a14e383569824ca6bce9a4299ffe9a54"", ""approved_values"": {""name"": ""Two Post Hoist"", ""width_m"": ""1.1500"", ""cubic_m3"": ""1.380000"", ""height_m"": ""0.4000"", ""length_m"": ""3.0000"", ""weight_kg"": ""800.0000"", ""description"": ""Two Post Hoist"", ""freight_type"": ""P""}, ""field_decisions"": {""name"": ""SOURCE"", ""cubic"": ""OPERATIONAL"", ""weight"": ""OPERATIONAL"", ""dimensions"": ""OPERATIONAL"", ""description"": ""SOURCE"", ""freight_type"": ""SOURCE""}, ""adopted_operational_state"": false, ""backfilled_from_applied_decision"": true}",Adopted from previously applied decision #145. Recommended initial correction: Source name/description and pallet C/P rule; retain Calculator physical values pending separate review.,2026-09-22 22:35:55.682627+00:00,2026-09-22 22:35:55.681849+00:00,1,SAFE_CANDIDATE,
SB40-MP-24-3PH,33845,DIFFERENT,DIMENSION_UNIT_REVIEW,UPDATE,APPLIED,SOURCE,SOURCE,OPERATIONAL,OPERATIONAL,OPERATIONAL,SOURCE,"{""name"": ""SOURCE"", ""cubic"": ""OPERATIONAL"", ""weight"": ""OPERATIONAL"", ""dimensions"": ""OPERATIONAL"", ""description"": ""SOURCE"", ""freight_type"": ""SOURCE""}",{},Recommended initial correction: Source name/description and pallet C/P rule; retain Calculator physical values pending separate review.,6,2026-09-21 22:19:45.009633+00:00,6,2026-09-21 22:33:56.705354+00:00,a14e383569824ca6bce9a4299ffe9a54,SB40 Power Unit 3PH,SB40 Power Unit 3PH,SB40 Power Unit 3PH,SB40 Power Unit 3PH,800.000000,240.000000,340.000000,8000.0,2400.0,3400.0,8.0000,2.4000,3.4000,23.100000,24.0000,0.003300,0.049000,1.000000,P,P,True,True,True,False,TL_APPROX_0.1X_OPERATIONAL,0,,[],True,PRODUCT_RECONCILIATION,9135d10e9dc323394b2f8c658bacf37498da958327e7401c0a7d4ad8913828b9,19da6e084700af7738a43415f4fefc0623e69f47b49a65c49242e7ee2552b56b,"{""schema"": 1, ""row_action"": ""UPDATE"", ""apply_batch_id"": ""a14e383569824ca6bce9a4299ffe9a54"", ""approved_values"": {""name"": ""SB40 Power Unit 3PH"", ""width_m"": ""2.4000"", ""cubic_m3"": ""0.049000"", ""height_m"": ""3.4000"", ""length_m"": ""8.0000"", ""weight_kg"": ""24.0000"", ""description"": ""SB40 Power Unit 3PH"", ""freight_type"": ""P""}, ""field_decisions"": {""name"": ""SOURCE"", ""cubic"": ""OPERATIONAL"", ""weight"": ""OPERATIONAL"", ""dimensions"": ""OPERATIONAL"", ""description"": ""SOURCE"", ""freight_type"": ""SOURCE""}, ""adopted_operational_state"": false, ""backfilled_from_applied_decision"": true}",Adopted from previously applied decision #146. Recommended initial correction: Source name/description and pallet C/P rule; retain Calculator physical values pending separate review.,2026-09-22 22:35:55.685302+00:00,2026-09-22 22:35:55.684508+00:00,1,SAFE_CANDIDATE,
SB40RAL7016,33846,DIFFERENT,SOURCE_DIMENSIONS_ZERO,UPDATE,APPLIED,SOURCE,SOURCE,OPERATIONAL,OPERATIONAL,OPERATIONAL,SOURCE,"{""name"": ""SOURCE"", ""cubic"": ""OPERATIONAL"", ""weight"": ""OPERATIONAL"", ""dimensions"": ""OPERATIONAL"", ""description"": ""SOURCE"", ""freight_type"": ""SOURCE""}",{},Recommended initial correction: Source name/description and pallet C/P rule; retain Calculator physical values pending separate review.,6,2026-09-21 22:19:45.010818+00:00,6,2026-09-21 22:33:56.705354+00:00,a14e383569824ca6bce9a4299ffe9a54,Two Post Hoist 3 Phase,Two Post Hoist 3 Phase,Two Post Hoist 3 Phase,Two Post Hoist 3 Phase,0.000000,0.000000,0.000000,3000.0,1150.0,400.0,3.0000,1.1500,0.4000,800.000000,800.0000,1.380000,1.380000,1.000000,P,P,True,False,False,False,,0,,[],True,PRODUCT_RECONCILIATION,05ced52a26148a4a4b07c1357ae177d24a565d9fbaa280eaf00eb759222cdcf8,4fe8b624a1ceda3720d3944401793014d31a8a6955d9836133d07c6efe136903,"{""schema"": 1, ""row_action"": ""UPDATE"", ""apply_batch_id"": ""a14e383569824ca6bce9a4299ffe9a54"", ""approved_values"": {""name"": ""Two Post Hoist 3 Phase"", ""width_m"": ""1.1500"", ""cubic_m3"": ""1.380000"", ""height_m"": ""0.4000"", ""length_m"": ""3.0000"", ""weight_kg"": ""800.0000"", ""description"": ""Two Post Hoist 3 Phase"", ""freight_type"": ""P""}, ""field_decisions"": {""name"": ""SOURCE"", ""cubic"": ""OPERATIONAL"", ""weight"": ""OPERATIONAL"", ""dimensions"": ""OPERATIONAL"", ""description"": ""SOURCE"", ""freight_type"": ""SOURCE""}, ""adopted_operational_state"": false, ""backfilled_from_applied_decision"": true}",Adopted from previously applied decision #147. Recommended initial correction: Source name/description and pallet C/P rule; retain Calculator physical values pending separate review.,2026-09-22 22:35:55.687882+00:00,2026-09-22 22:35:55.687059+00:00,1,SAFE_CANDIDATE,
SB40RAL70161PH,33847,DIFFERENT,SOURCE_DIMENSIONS_ZERO,UPDATE,APPLIED,SOURCE,SOURCE,OPERATIONAL,OPERATIONAL,OPERATIONAL,SOURCE,"{""name"": ""SOURCE"", ""cubic"": ""OPERATIONAL"", ""weight"": ""OPERATIONAL"", ""dimensions"": ""OPERATIONAL"", ""description"": ""SOURCE"", ""freight_type"": ""SOURCE""}",{},Recommended initial correction: Source name/description and pallet C/P rule; retain Calculator physical values pending separate review.,6,2026-09-21 22:19:45.012028+00:00,6,2026-09-21 22:33:56.705354+00:00,a14e383569824ca6bce9a4299ffe9a54,Two Post Hoist 1 Phase,Two Post Hoist 1 Phase,Two Post Hoist 1 Phase,Two Post Hoist 1 Phase,0.000000,0.000000,0.000000,3000.0,1150.0,400.0,3.0000,1.1500,0.4000,800.000000,800.0000,1.380000,1.380000,1.000000,P,P,True,False,False,False,,0,,[],True,PRODUCT_RECONCILIATION,d3d638cd40282f25f8cf57183f53737e79d607fd89b7394de1af278efa6b5471,847db480f4b4e215792570e09249d79afff3c56694c302b591363970f2825e74,"{""schema"": 1, ""row_action"": ""UPDATE"", ""apply_batch_id"": ""a14e383569824ca6bce9a4299ffe9a54"", ""approved_values"": {""name"": ""Two Post Hoist 1 Phase"", ""width_m"": ""1.1500"", ""cubic_m3"": ""1.380000"", ""height_m"": ""0.4000"", ""length_m"": ""3.0000"", ""weight_kg"": ""800.0000"", ""description"": ""Two Post Hoist 1 Phase"", ""freight_type"": ""P""}, ""field_decisions"": {""name"": ""SOURCE"", ""cubic"": ""OPERATIONAL"", ""weight"": ""OPERATIONAL"", ""dimensions"": ""OPERATIONAL"", ""description"": ""SOURCE"", ""freight_type"": ""SOURCE""}, ""adopted_operational_state"": false, ""backfilled_from_applied_decision"": true}",Adopted from previously applied decision #148. Recommended initial correction: Source name/description and pallet C/P rule; retain Calculator physical values pending separate review.,2026-09-22 22:35:55.691656+00:00,2026-09-22 22:35:55.690500+00:00,1,SAFE_CANDIDATE,
SB40RAL70163PH,33848,DIFFERENT,SOURCE_DIMENSIONS_ZERO,UPDATE,APPLIED,SOURCE,SOURCE,OPERATIONAL,OPERATIONAL,OPERATIONAL,SOURCE,"{""name"": ""SOURCE"", ""cubic"": ""OPERATIONAL"", ""weight"": ""OPERATIONAL"", ""dimensions"": ""OPERATIONAL"", ""description"": ""SOURCE"", ""freight_type"": ""SOURCE""}",{},Recommended initial correction: Source name/description and pallet C/P rule; retain Calculator physical values pending separate review.,6,2026-09-21 22:19:45.013245+00:00,6,2026-09-21 22:33:56.705354+00:00,a14e383569824ca6bce9a4299ffe9a54,Two Post Hoist 3 Phase,Two Post Hoist 3 Phase,Two Post Hoist 3 Phase,Two Post Hoist 3 Phase,0.000000,0.000000,0.000000,3000.0,1150.0,400.0,3.0000,1.1500,0.4000,800.000000,800.0000,1.380000,1.380000,1.000000,P,P,True,False,False,False,,0,,[],True,PRODUCT_RECONCILIATION,ed7969f940cd44145a48a9b682c97df6c74588f2a47f4aa39e382a5385f5f0a1,4fe8b624a1ceda3720d3944401793014d31a8a6955d9836133d07c6efe136903,"{""schema"": 1, ""row_action"": ""UPDATE"", ""apply_batch_id"": ""a14e383569824ca6bce9a4299ffe9a54"", ""approved_values"": {""name"": ""Two Post Hoist 3 Phase"", ""width_m"": ""1.1500"", ""cubic_m3"": ""1.380000"", ""height_m"": ""0.4000"", ""length_m"": ""3.0000"", ""weight_kg"": ""800.0000"", ""description"": ""Two Post Hoist 3 Phase"", ""freight_type"": ""P""}, ""field_decisions"": {""name"": ""SOURCE"", ""cubic"": ""OPERATIONAL"", ""weight"": ""OPERATIONAL"", ""dimensions"": ""OPERATIONAL"", ""description"": ""SOURCE"", ""freight_type"": ""SOURCE""}, ""adopted_operational_state"": false, ""backfilled_from_applied_decision"": true}",Adopted from previously applied decision #149. Recommended initial correction: Source name/description and pallet C/P rule; retain Calculator physical values pending separate review.,2026-09-22 22:35:55.695366+00:00,2026-09-22 22:35:55.694395+00:00,1,SAFE_CANDIDATE,
SB45WB-G,33849,DIFFERENT,SOURCE_DIMENSIONS_ZERO,UPDATE,APPLIED,SOURCE,SOURCE,OPERATIONAL,OPERATIONAL,OPERATIONAL,SOURCE,"{""name"": ""SOURCE"", ""cubic"": ""OPERATIONAL"", ""weight"": ""OPERATIONAL"", ""dimensions"": ""OPERATIONAL"", ""description"": ""SOURCE"", ""freight_type"": ""SOURCE""}",{},Recommended initial correction: Source name/description and pallet C/P rule; retain Calculator physical values pending separate review.,6,2026-09-21 22:19:45.014860+00:00,6,2026-09-21 22:33:56.705354+00:00,a14e383569824ca6bce9a4299ffe9a54,Bradbury Wash Bay Galv 2 PARTS,Bradbury Wash Bay Galv 2 PARTS,Bradbury Wash Bay Galvanised Hoist 2 PARTS,Bradbury Wash Bay Galvanised Hoist 2 PARTS,0.000000,0.000000,0.000000,2930.0,1120.0,400.0,2.9300,1.1200,0.4000,825.000000,770.0000,1.795000,1.313000,2.000000,P,P,True,True,True,False,,0,,[],True,PRODUCT_RECONCILIATION,2228551f98e6dab19d0156ea2d3d841986f9cb0b875d8b174497c8eddfd25cbd,6a2e8539797ef279433e168ac6a858a6850d35b0f65d7802035d7a649d23b2da,"{""schema"": 1, ""row_action"": ""UPDATE"", ""apply_batch_id"": ""a14e383569824ca6bce9a4299ffe9a54"", ""approved_values"": {""name"": ""Bradbury Wash Bay Galv 2 PARTS"", ""width_m"": ""1.1200"", ""cubic_m3"": ""1.313000"", ""height_m"": ""0.4000"", ""length_m"": ""2.9300"", ""weight_kg"": ""770.0000"", ""description"": ""Bradbury Wash Bay Galvanised Hoist 2 PARTS"", ""freight_type"": ""P""}, ""field_decisions"": {""name"": ""SOURCE"", ""cubic"": ""OPERATIONAL"", ""weight"": ""OPERATIONAL"", ""dimensions"": ""OPERATIONAL"", ""description"": ""SOURCE"", ""freight_type"": ""SOURCE""}, ""adopted_operational_state"": false, ""backfilled_from_applied_decision"": true}",Adopted from previously applied decision #150. Recommended initial correction: Source name/description and pallet C/P rule; retain Calculator physical values pending separate review.,2026-09-22 22:35:55.698803+00:00,2026-09-22 22:35:55.698008+00:00,1,SAFE_CANDIDATE,
SM245,35131,DIFFERENT,TEXT_ONLY,UPDATE,APPLIED,SOURCE,SOURCE,OPERATIONAL,OPERATIONAL,OPERATIONAL,SOURCE,"{""name"": ""SOURCE"", ""cubic"": ""OPERATIONAL"", ""weight"": ""OPERATIONAL"", ""dimensions"": ""OPERATIONAL"", ""description"": ""SOURCE"", ""freight_type"": ""SOURCE""}",{},Recommended initial correction: Source name/description and pallet C/P rule; retain Calculator physical values pending separate review.,6,2026-09-21 22:19:45.016846+00:00,6,2026-09-21 22:33:56.705354+00:00,a14e383569824ca6bce9a4299ffe9a54,Two Post Hoist,Two Post Hoist,Two Post Hoist,Two Post Hoist,2950.000000,1150.000000,500.000000,2950.0,1150.0,500.0,2.9500,1.1500,0.5000,800.000000,800.0000,1.696000,1.696000,1.000000,P,P,False,False,False,False,,0,,[],True,PRODUCT_RECONCILIATION,ccc21c88fff7ed2f3ea0223cdfbe63dbb18f227dc5908789102eb0965ee71c16,14864f54868bedf95d47c39b4b4b67051de71fd545dce1f29ef6a4fb8c0e6b28,"{""schema"": 1, ""row_action"": ""UPDATE"", ""apply_batch_id"": ""a14e383569824ca6bce9a4299ffe9a54"", ""approved_values"": {""name"": ""Two Post Hoist"", ""width_m"": ""1.1500"", ""cubic_m3"": ""1.696000"", ""height_m"": ""0.5000"", ""length_m"": ""2.9500"", ""weight_kg"": ""800.0000"", ""description"": ""Two Post Hoist"", ""freight_type"": ""P""}, ""field_decisions"": {""name"": ""SOURCE"", ""cubic"": ""OPERATIONAL"", ""weight"": ""OPERATIONAL"", ""dimensions"": ""OPERATIONAL"", ""description"": ""SOURCE"", ""freight_type"": ""SOURCE""}, ""adopted_operational_state"": false, ""backfilled_from_applied_decision"": true}",Adopted from previously applied decision #151. Recommended initial correction: Source name/description and pallet C/P rule; retain Calculator physical values pending separate review.,2026-09-22 22:35:55.702374+00:00,2026-09-22 22:35:55.701370+00:00,1,SAFE_CANDIDATE,
SM245-17-55,35132,DIFFERENT,TEXT_ONLY,UPDATE,APPLIED,SOURCE,SOURCE,OPERATIONAL,OPERATIONAL,OPERATIONAL,SOURCE,"{""name"": ""SOURCE"", ""cubic"": ""OPERATIONAL"", ""weight"": ""OPERATIONAL"", ""dimensions"": ""OPERATIONAL"", ""description"": ""SOURCE"", ""freight_type"": ""SOURCE""}",{},Recommended initial correction: Source name/description and pallet C/P rule; retain Calculator physical values pending separate review.,6,2026-09-21 22:19:45.021509+00:00,6,2026-09-21 22:33:56.705354+00:00,a14e383569824ca6bce9a4299ffe9a54,SM245-17-55,SM245-17-55,Carton,Carton,100.000000,100.000000,80.000000,100.0,100.0,80.0,0.1000,0.1000,0.0800,1.000000,1.0000,0.001000,0.001000,0.000000,C,C,False,False,False,False,,0,,[],True,PRODUCT_RECONCILIATION,91d774c4853995e377928a995ae35aefd6f781da768f8dac15cd54d37a64da4b,9c1359aa1be143b2a079b9ece24fa5999f7fa3c5eefa89034effb6167b6744f7,"{""schema"": 1, ""row_action"": ""UPDATE"", ""apply_batch_id"": ""a14e383569824ca6bce9a4299ffe9a54"", ""approved_values"": {""name"": ""SM245-17-55"", ""width_m"": ""0.1000"", ""cubic_m3"": ""0.001000"", ""height_m"": ""0.0800"", ""length_m"": ""0.1000"", ""weight_kg"": ""1.0000"", ""description"": ""Carton"", ""freight_type"": ""C""}, ""field_decisions"": {""name"": ""SOURCE"", ""cubic"": ""OPERATIONAL"", ""weight"": ""OPERATIONAL"", ""dimensions"": ""OPERATIONAL"", ""description"": ""SOURCE"", ""freight_type"": ""SOURCE""}, ""adopted_operational_state"": false, ""backfilled_from_applied_decision"": true}",Adopted from previously applied decision #152. Recommended initial correction: Source name/description and pallet C/P rule; retain Calculator physical values pending separate review.,2026-09-22 22:35:55.705808+00:00,2026-09-22 22:35:55.704737+00:00,1,SAFE_CANDIDATE,
SM245-A-17,35133,DIFFERENT,TEXT_ONLY,UPDATE,APPLIED,SOURCE,SOURCE,OPERATIONAL,OPERATIONAL,OPERATIONAL,SOURCE,"{""name"": ""SOURCE"", ""cubic"": ""OPERATIONAL"", ""weight"": ""OPERATIONAL"", ""dimensions"": ""OPERATIONAL"", ""description"": ""SOURCE"", ""freight_type"": ""SOURCE""}",{},Recommended initial correction: Source name/description and pallet C/P rule; retain Calculator physical values pending separate review.,6,2026-09-21 22:19:45.024177+00:00,6,2026-09-21 22:33:56.705354+00:00,a14e383569824ca6bce9a4299ffe9a54,SM245-A-17,SM245-A-17,Carton,Carton,200.000000,150.000000,150.000000,200.0,150.0,150.0,0.2000,0.1500,0.1500,4.000000,4.0000,0.005000,0.005000,0.000000,C,C,False,False,False,False,,0,,[],True,PRODUCT_RECONCILIATION,2a146332395353fc599ae74060fc30f7f6da1f738d9b699f85ec3f6985f96668,2aad2701c4d0dec3882b32e84c25bf4af9267f88008c35bb197ee9377057f301,"{""schema"": 1, ""row_action"": ""UPDATE"", ""apply_batch_id"": ""a14e383569824ca6bce9a4299ffe9a54"", ""approved_values"": {""name"": ""SM245-A-17"", ""width_m"": ""0.1500"", ""cubic_m3"": ""0.005000"", ""height_m"": ""0.1500"", ""length_m"": ""0.2000"", ""weight_kg"": ""4.0000"", ""description"": ""Carton"", ""freight_type"": ""C""}, ""field_decisions"": {""name"": ""SOURCE"", ""cubic"": ""OPERATIONAL"", ""weight"": ""OPERATIONAL"", ""dimensions"": ""OPERATIONAL"", ""description"": ""SOURCE"", ""freight_type"": ""SOURCE""}, ""adopted_operational_state"": false, ""backfilled_from_applied_decision"": true}",Adopted from previously applied decision #153. Recommended initial correction: Source name/description and pallet C/P rule; retain Calculator physical values pending separate review.,2026-09-22 22:35:55.709610+00:00,2026-09-22 22:35:55.708409+00:00,1,SAFE_CANDIDATE,
SM245-B,35136,DIFFERENT,TEXT_ONLY,UPDATE,APPLIED,SOURCE,SOURCE,OPERATIONAL,OPERATIONAL,OPERATIONAL,SOURCE,"{""name"": ""SOURCE"", ""cubic"": ""OPERATIONAL"", ""weight"": ""OPERATIONAL"", ""dimensions"": ""OPERATIONAL"", ""description"": ""SOURCE"", ""freight_type"": ""SOURCE""}",{},Recommended initial correction: Source name/description and pallet C/P rule; retain Calculator physical values pending separate review.,6,2026-09-21 22:19:45.026160+00:00,6,2026-09-21 22:33:56.705354+00:00,a14e383569824ca6bce9a4299ffe9a54,Two Post Hoist,Two Post Hoist,Two Post Hoist,Two Post Hoist,2950.000000,1150.000000,500.000000,2950.0,1150.0,500.0,2.9500,1.1500,0.5000,800.000000,800.0000,1.696000,1.696000,1.000000,P,P,False,False,False,False,,0,,[],True,PRODUCT_RECONCILIATION,343790bdde9bdc0db90f3826771aa30afa9286b3378d767df8eb87d94f376914,14864f54868bedf95d47c39b4b4b67051de71fd545dce1f29ef6a4fb8c0e6b28,"{""schema"": 1, ""row_action"": ""UPDATE"", ""apply_batch_id"": ""a14e383569824ca6bce9a4299ffe9a54"", ""approved_values"": {""name"": ""Two Post Hoist"", ""width_m"": ""1.1500"", ""cubic_m3"": ""1.696000"", ""height_m"": ""0.5000"", ""length_m"": ""2.9500"", ""weight_kg"": ""800.0000"", ""description"": ""Two Post Hoist"", ""freight_type"": ""P""}, ""field_decisions"": {""name"": ""SOURCE"", ""cubic"": ""OPERATIONAL"", ""weight"": ""OPERATIONAL"", ""dimensions"": ""OPERATIONAL"", ""description"": ""SOURCE"", ""freight_type"": ""SOURCE""}, ""adopted_operational_state"": false, ""backfilled_from_applied_decision"": true}",Adopted from previously applied decision #154. Recommended initial correction: Source name/description and pallet C/P rule; retain Calculator physical values pending separate review.,2026-09-22 22:35:55.713036+00:00,2026-09-22 22:35:55.712130+00:00,1,SAFE_CANDIDATE,
SM245-BRAL2002,35137,DIFFERENT,TEXT_ONLY,UPDATE,APPLIED,SOURCE,SOURCE,OPERATIONAL,OPERATIONAL,OPERATIONAL,SOURCE,"{""name"": ""SOURCE"", ""cubic"": ""OPERATIONAL"", ""weight"": ""OPERATIONAL"", ""dimensions"": ""OPERATIONAL"", ""description"": ""SOURCE"", ""freight_type"": ""SOURCE""}",{},Recommended initial correction: Source name/description and pallet C/P rule; retain Calculator physical values pending separate review.,6,2026-09-21 22:19:45.028059+00:00,6,2026-09-21 22:33:56.705354+00:00,a14e383569824ca6bce9a4299ffe9a54,Two Post Hoist,Two Post Hoist,Two Post Hoist,Two Post Hoist,2950.000000,1150.000000,500.000000,2950.0,1150.0,500.0,2.9500,1.1500,0.5000,800.000000,800.0000,1.696000,1.696000,1.000000,P,P,False,False,False,False,,0,,[],True,PRODUCT_RECONCILIATION,326a5afc18f93d8a933215d220a79bc58f8a9df5f7832158ebff0bf48eaeeb87,14864f54868bedf95d47c39b4b4b67051de71fd545dce1f29ef6a4fb8c0e6b28,"{""schema"": 1, ""row_action"": ""UPDATE"", ""apply_batch_id"": ""a14e383569824ca6bce9a4299ffe9a54"", ""approved_values"": {""name"": ""Two Post Hoist"", ""width_m"": ""1.1500"", ""cubic_m3"": ""1.696000"", ""height_m"": ""0.5000"", ""length_m"": ""2.9500"", ""weight_kg"": ""800.0000"", ""description"": ""Two Post Hoist"", ""freight_type"": ""P""}, ""field_decisions"": {""name"": ""SOURCE"", ""cubic"": ""OPERATIONAL"", ""weight"": ""OPERATIONAL"", ""dimensions"": ""OPERATIONAL"", ""description"": ""SOURCE"", ""freight_type"": ""SOURCE""}, ""adopted_operational_state"": false, ""backfilled_from_applied_decision"": true}",Adopted from previously applied decision #155. Recommended initial correction: Source name/description and pallet C/P rule; retain Calculator physical values pending separate review.,2026-09-22 22:35:55.716118+00:00,2026-09-22 22:35:55.715118+00:00,1,SAFE_CANDIDATE,
SM245-BRAL5002,35138,DIFFERENT,TEXT_ONLY,UPDATE,APPLIED,SOURCE,SOURCE,OPERATIONAL,OPERATIONAL,OPERATIONAL,SOURCE,"{""name"": ""SOURCE"", ""cubic"": ""OPERATIONAL"", ""weight"": ""OPERATIONAL"", ""dimensions"": ""OPERATIONAL"", ""description"": ""SOURCE"", ""freight_type"": ""SOURCE""}",{},Recommended initial correction: Source name/description and pallet C/P rule; retain Calculator physical values pending separate review.,6,2026-09-21 22:19:45.029666+00:00,6,2026-09-21 22:33:56.705354+00:00,a14e383569824ca6bce9a4299ffe9a54,Two Post Hoist,Two Post Hoist,Two Post Hoist,Two Post Hoist,2950.000000,1150.000000,500.000000,2950.0,1150.0,500.0,2.9500,1.1500,0.5000,800.000000,800.0000,1.696000,1.696000,1.000000,P,P,False,False,False,False,,0,,[],True,PRODUCT_RECONCILIATION,3efc9099028fdb50a179e95a3ad843776e43a7cec4b53f3b33724d64d1f3e2b7,14864f54868bedf95d47c39b4b4b67051de71fd545dce1f29ef6a4fb8c0e6b28,"{""schema"": 1, ""row_action"": ""UPDATE"", ""apply_batch_id"": ""a14e383569824ca6bce9a4299ffe9a54"", ""approved_values"": {""name"": ""Two Post Hoist"", ""width_m"": ""1.1500"", ""cubic_m3"": ""1.696000"", ""height_m"": ""0.5000"", ""length_m"": ""2.9500"", ""weight_kg"": ""800.0000"", ""description"": ""Two Post Hoist"", ""freight_type"": ""P""}, ""field_decisions"": {""name"": ""SOURCE"", ""cubic"": ""OPERATIONAL"", ""weight"": ""OPERATIONAL"", ""dimensions"": ""OPERATIONAL"", ""description"": ""SOURCE"", ""freight_type"": ""SOURCE""}, ""adopted_operational_state"": false, ""backfilled_from_applied_decision"": true}",Adopted from previously applied decision #156. Recommended initial correction: Source name/description and pallet C/P rule; retain Calculator physical values pending separate review.,2026-09-22 22:35:55.719314+00:00,2026-09-22 22:35:55.718471+00:00,1,SAFE_CANDIDATE,
SM245-BRAL5015,35139,DIFFERENT,TEXT_ONLY,UPDATE,APPLIED,SOURCE,SOURCE,OPERATIONAL,OPERATIONAL,OPERATIONAL,SOURCE,"{""name"": ""SOURCE"", ""cubic"": ""OPERATIONAL"", ""weight"": ""OPERATIONAL"", ""dimensions"": ""OPERATIONAL"", ""description"": ""SOURCE"", ""freight_type"": ""SOURCE""}",{},Recommended initial correction: Source name/description and pallet C/P rule; retain Calculator physical values pending separate review.,6,2026-09-21 22:19:45.031450+00:00,6,2026-09-21 22:33:56.705354+00:00,a14e383569824ca6bce9a4299ffe9a54,Two Post Hoist,Two Post Hoist,Two Post Hoist,Two Post Hoist,2950.000000,1150.000000,500.000000,2950.0,1150.0,500.0,2.9500,1.1500,0.5000,800.000000,800.0000,1.696000,1.696000,1.000000,P,P,False,False,False,False,,0,,[],True,PRODUCT_RECONCILIATION,a8f0402f682132b9e5e4dd8df4b04c3a10f7fe7ed799e58bb5ff750159a6a006,14864f54868bedf95d47c39b4b4b67051de71fd545dce1f29ef6a4fb8c0e6b28,"{""schema"": 1, ""row_action"": ""UPDATE"", ""apply_batch_id"": ""a14e383569824ca6bce9a4299ffe9a54"", ""approved_values"": {""name"": ""Two Post Hoist"", ""width_m"": ""1.1500"", ""cubic_m3"": ""1.696000"", ""height_m"": ""0.5000"", ""length_m"": ""2.9500"", ""weight_kg"": ""800.0000"", ""description"": ""Two Post Hoist"", ""freight_type"": ""P""}, ""field_decisions"": {""name"": ""SOURCE"", ""cubic"": ""OPERATIONAL"", ""weight"": ""OPERATIONAL"", ""dimensions"": ""OPERATIONAL"", ""description"": ""SOURCE"", ""freight_type"": ""SOURCE""}, ""adopted_operational_state"": false, ""backfilled_from_applied_decision"": true}",Adopted from previously applied decision #157. Recommended initial correction: Source name/description and pallet C/P rule; retain Calculator physical values pending separate review.,2026-09-22 22:35:55.723430+00:00,2026-09-22 22:35:55.722189+00:00,1,SAFE_CANDIDATE,
SM245-BRAL6001,35140,DIFFERENT,SOURCE_DIMENSIONS_ZERO,UPDATE,APPLIED,SOURCE,SOURCE,OPERATIONAL,OPERATIONAL,OPERATIONAL,SOURCE,"{""name"": ""SOURCE"", ""cubic"": ""OPERATIONAL"", ""weight"": ""OPERATIONAL"", ""dimensions"": ""OPERATIONAL"", ""description"": ""SOURCE"", ""freight_type"": ""SOURCE""}",{},Recommended initial correction: Source name/description and pallet C/P rule; retain Calculator physical values pending separate review.,6,2026-09-21 22:19:45.032924+00:00,6,2026-09-21 22:33:56.705354+00:00,a14e383569824ca6bce9a4299ffe9a54,Two Post Hoist Emerald Green,Two Post Hoist Emerald Green,Two Post Hoist Emerald Green,Two Post Hoist Emerald Green,0.000000,0.000000,0.000000,3000.0,1150.0,400.0,3.0000,1.1500,0.4000,800.000000,800.0000,1.380000,1.380000,1.000000,P,P,True,False,False,False,,0,,[],True,PRODUCT_RECONCILIATION,00ed5d0a01a701a65ca0ffeeb15e00cb52f414107f295532f6d643445ea1c3fd,cdafb7d063b7a689b184f23f106f9dda932cac32693103247237b4c484052176,"{""schema"": 1, ""row_action"": ""UPDATE"", ""apply_batch_id"": ""a14e383569824ca6bce9a4299ffe9a54"", ""approved_values"": {""name"": ""Two Post Hoist Emerald Green"", ""width_m"": ""1.1500"", ""cubic_m3"": ""1.380000"", ""height_m"": ""0.4000"", ""length_m"": ""3.0000"", ""weight_kg"": ""800.0000"", ""description"": ""Two Post Hoist Emerald Green"", ""freight_type"": ""P""}, ""field_decisions"": {""name"": ""SOURCE"", ""cubic"": ""OPERATIONAL"", ""weight"": ""OPERATIONAL"", ""dimensions"": ""OPERATIONAL"", ""description"": ""SOURCE"", ""freight_type"": ""SOURCE""}, ""adopted_operational_state"": false, ""backfilled_from_applied_decision"": true}",Adopted from previously applied decision #158. Recommended initial correction: Source name/description and pallet C/P rule; retain Calculator physical values pending separate review.,2026-09-22 22:35:55.726782+00:00,2026-09-22 22:35:55.725828+00:00,1,SAFE_CANDIDATE,
SM245-BRAL9005,35141,DIFFERENT,SOURCE_DIMENSIONS_ZERO,UPDATE,APPLIED,SOURCE,SOURCE,OPERATIONAL,OPERATIONAL,OPERATIONAL,SOURCE,"{""name"": ""SOURCE"", ""cubic"": ""OPERATIONAL"", ""weight"": ""OPERATIONAL"", ""dimensions"": ""OPERATIONAL"", ""description"": ""SOURCE"", ""freight_type"": ""SOURCE""}",{},Recommended initial correction: Source name/description and pallet C/P rule; retain Calculator physical values pending separate review.,6,2026-09-21 22:19:45.034656+00:00,6,2026-09-21 22:33:56.705354+00:00,a14e383569824ca6bce9a4299ffe9a54,Two Post Hoist Jet Black,Two Post Hoist Jet Black,Two Post Hoist Jet Black,Two Post Hoist Jet Black,0.000000,0.000000,0.000000,3000.0,1150.0,400.0,3.0000,1.1500,0.4000,800.000000,800.0000,1.380000,1.380000,1.000000,P,P,True,False,False,False,,0,,[],True,PRODUCT_RECONCILIATION,4ff947d16106ca1872f9e2f4c48aad2ee74b04efe8a49034c7d4ba9ebbb97700,4591eefb787dc5e8cc531fb4b40be955b5ae3513378082d70df98f2455bc7c71,"{""schema"": 1, ""row_action"": ""UPDATE"", ""apply_batch_id"": ""a14e383569824ca6bce9a4299ffe9a54"", ""approved_values"": {""name"": ""Two Post Hoist Jet Black"", ""width_m"": ""1.1500"", ""cubic_m3"": ""1.380000"", ""height_m"": ""0.4000"", ""length_m"": ""3.0000"", ""weight_kg"": ""800.0000"", ""description"": ""Two Post Hoist Jet Black"", ""freight_type"": ""P""}, ""field_decisions"": {""name"": ""SOURCE"", ""cubic"": ""OPERATIONAL"", ""weight"": ""OPERATIONAL"", ""dimensions"": ""OPERATIONAL"", ""description"": ""SOURCE"", ""freight_type"": ""SOURCE""}, ""adopted_operational_state"": false, ""backfilled_from_applied_decision"": true}",Adopted from previously applied decision #159. Recommended initial correction: Source name/description and pallet C/P rule; retain Calculator physical values pending separate review.,2026-09-22 22:35:55.729960+00:00,2026-09-22 22:35:55.729114+00:00,1,SAFE_CANDIDATE,
SM245-ELA,35143,DIFFERENT,SOURCE_DIMENSIONS_ZERO,UPDATE,APPLIED,SOURCE,SOURCE,OPERATIONAL,OPERATIONAL,OPERATIONAL,SOURCE,"{""name"": ""SOURCE"", ""cubic"": ""OPERATIONAL"", ""weight"": ""OPERATIONAL"", ""dimensions"": ""OPERATIONAL"", ""description"": ""SOURCE"", ""freight_type"": ""SOURCE""}",{},Recommended initial correction: Source name/description and pallet C/P rule; retain Calculator physical values pending separate review.,6,2026-09-21 22:19:45.036300+00:00,6,2026-09-21 22:33:56.705354+00:00,a14e383569824ca6bce9a4299ffe9a54,Rear LgArms 880-1560mm +LokGrs,Rear LgArms 880-1560mm +LokGrs,Rear Long Arms Set (880mm - 1560mm)Incl.Lock Gears,Rear Long Arms Set (880mm - 1560mm)Incl.Lock Gears,0.000000,0.000000,0.000000,0.0,0.0,0.0,1.0500,0.2000,0.2000,0.000000,110.0000,0.000000,0.042000,0.000000,C,C,True,True,True,False,,0,,[],True,PRODUCT_RECONCILIATION,aa6bd7a21c0deb929c489c157befeda5c1580582c6d2d4882eb80144bcece656,0a58fdc5618f8fbe4d4b39b4f3997ed3a71e3fd7f263f58893501654773c4998,"{""schema"": 1, ""row_action"": ""UPDATE"", ""apply_batch_id"": ""a14e383569824ca6bce9a4299ffe9a54"", ""approved_values"": {""name"": ""Rear LgArms 880-1560mm +LokGrs"", ""width_m"": ""0.2000"", ""cubic_m3"": ""0.042000"", ""height_m"": ""0.2000"", ""length_m"": ""1.0500"", ""weight_kg"": ""110.0000"", ""description"": ""Rear Long Arms Set (880mm - 1560mm)Incl.Lock Gears"", ""freight_type"": ""C""}, ""field_decisions"": {""name"": ""SOURCE"", ""cubic"": ""OPERATIONAL"", ""weight"": ""OPERATIONAL"", ""dimensions"": ""OPERATIONAL"", ""description"": ""SOURCE"", ""freight_type"": ""SOURCE""}, ""adopted_operational_state"": false, ""backfilled_from_applied_decision"": true}",Adopted from previously applied decision #160. Recommended initial correction: Source name/description and pallet C/P rule; retain Calculator physical values pending separate review.,2026-09-22 22:35:55.736416+00:00,2026-09-22 22:35:55.735482+00:00,1,SAFE_CANDIDATE,
SM245-KTAS,35144,DIFFERENT,SOURCE_DIMENSIONS_ZERO,UPDATE,APPLIED,SOURCE,SOURCE,OPERATIONAL,OPERATIONAL,OPERATIONAL,SOURCE,"{""name"": ""SOURCE"", ""cubic"": ""OPERATIONAL"", ""weight"": ""OPERATIONAL"", ""dimensions"": ""OPERATIONAL"", ""description"": ""SOURCE"", ""freight_type"": ""SOURCE""}",{},Recommended initial correction: Source name/description and pallet C/P rule; retain Calculator physical values pending separate review.,6,2026-09-21 22:19:45.038073+00:00,6,2026-09-21 22:33:56.705354+00:00,a14e383569824ca6bce9a4299ffe9a54,Two Post Hoist for Kmart,Two Post Hoist for Kmart,Two Post Hoist for Kmart,Two Post Hoist for Kmart,0.000000,0.000000,0.000000,3000.0,1150.0,400.0,3.0000,1.1500,0.4000,800.000000,800.0000,1.380000,1.380000,1.000000,P,P,True,False,False,False,,0,,[],True,PRODUCT_RECONCILIATION,bea25726ac48c3fec3ab341aa21f56a45c5479ea7c5f006c6b94b917586678ff,a8d300d60582cc4f69e06e575b2a9ae525e86276432ef2c3b8aa38ecd2234604,"{""schema"": 1, ""row_action"": ""UPDATE"", ""apply_batch_id"": ""a14e383569824ca6bce9a4299ffe9a54"", ""approved_values"": {""name"": ""Two Post Hoist for Kmart"", ""width_m"": ""1.1500"", ""cubic_m3"": ""1.380000"", ""height_m"": ""0.4000"", ""length_m"": ""3.0000"", ""weight_kg"": ""800.0000"", ""description"": ""Two Post Hoist for Kmart"", ""freight_type"": ""P""}, ""field_decisions"": {""name"": ""SOURCE"", ""cubic"": ""OPERATIONAL"", ""weight"": ""OPERATIONAL"", ""dimensions"": ""OPERATIONAL"", ""description"": ""SOURCE"", ""freight_type"": ""SOURCE""}, ""adopted_operational_state"": false, ""backfilled_from_applied_decision"": true}",Adopted from previously applied decision #161. Recommended initial correction: Source name/description and pallet C/P rule; retain Calculator physical values pending separate review.,2026-09-22 22:35:55.743168+00:00,2026-09-22 22:35:55.742239+00:00,1,SAFE_CANDIDATE,
SM245-Q,35154,DIFFERENT,TEXT_ONLY,UPDATE,APPLIED,SOURCE,SOURCE,OPERATIONAL,OPERATIONAL,OPERATIONAL,SOURCE,"{""name"": ""SOURCE"", ""cubic"": ""OPERATIONAL"", ""weight"": ""OPERATIONAL"", ""dimensions"": ""OPERATIONAL"", ""description"": ""SOURCE"", ""freight_type"": ""SOURCE""}",{},Recommended initial correction: Source name/description and pallet C/P rule; retain Calculator physical values pending separate review.,6,2026-09-21 22:19:45.039455+00:00,6,2026-09-21 22:33:56.705354+00:00,a14e383569824ca6bce9a4299ffe9a54,Two Post Hoist Quarantined,Two Post Hoist Quarantined,Two Post Hoist Quarantined,Two Post Hoist Quarantined,2950.000000,1150.000000,500.000000,2950.0,1150.0,500.0,2.9500,1.1500,0.5000,800.000000,800.0000,1.696000,1.696000,1.000000,P,P,False,False,False,False,,0,,[],True,PRODUCT_RECONCILIATION,366c011e25cb3c0e9a565ca3abebe51eb4e7f8afca59c538c3cb03447db74baf,c0fa7b2be3e6c84b2ee52e214d855c92771318f8de6cc7ca3da1958c58a5518d,"{""schema"": 1, ""row_action"": ""UPDATE"", ""apply_batch_id"": ""a14e383569824ca6bce9a4299ffe9a54"", ""approved_values"": {""name"": ""Two Post Hoist Quarantined"", ""width_m"": ""1.1500"", ""cubic_m3"": ""1.696000"", ""height_m"": ""0.5000"", ""length_m"": ""2.9500"", ""weight_kg"": ""800.0000"", ""description"": ""Two Post Hoist Quarantined"", ""freight_type"": ""P""}, ""field_decisions"": {""name"": ""SOURCE"", ""cubic"": ""OPERATIONAL"", ""weight"": ""OPERATIONAL"", ""dimensions"": ""OPERATIONAL"", ""description"": ""SOURCE"", ""freight_type"": ""SOURCE""}, ""adopted_operational_state"": false, ""backfilled_from_applied_decision"": true}",Adopted from previously applied decision #162. Recommended initial correction: Source name/description and pallet C/P rule; retain Calculator physical values pending separate review.,2026-09-22 22:35:55.746547+00:00,2026-09-22 22:35:55.745322+00:00,1,SAFE_CANDIDATE,
SM245-SHORT,35155,DIFFERENT,SOURCE_DIMENSIONS_ZERO,UPDATE,APPLIED,SOURCE,SOURCE,OPERATIONAL,OPERATIONAL,OPERATIONAL,SOURCE,"{""name"": ""SOURCE"", ""cubic"": ""OPERATIONAL"", ""weight"": ""OPERATIONAL"", ""dimensions"": ""OPERATIONAL"", ""description"": ""SOURCE"", ""freight_type"": ""SOURCE""}",{},Recommended initial correction: Source name/description and pallet C/P rule; retain Calculator physical values pending separate review.,6,2026-09-21 22:19:45.040961+00:00,6,2026-09-21 22:33:56.705354+00:00,a14e383569824ca6bce9a4299ffe9a54,Two Post Hoist Short Version,Two Post Hoist Short Version,Two Post Hoist Short Version,Two Post Hoist Short Version,0.000000,0.000000,0.000000,3000.0,1150.0,400.0,3.0000,1.1500,0.4000,800.000000,800.0000,1.380000,1.380000,1.000000,P,P,True,False,False,False,,0,,[],True,PRODUCT_RECONCILIATION,c8fd60901430243de80c42334b2c90f7dbca1d4bdc1199ce6e40ff3d817d3f4f,1b7edbfdbaa28254207a5ba52a5e4f8b830ed0c5566283f73dd4118e61818018,"{""schema"": 1, ""row_action"": ""UPDATE"", ""apply_batch_id"": ""a14e383569824ca6bce9a4299ffe9a54"", ""approved_values"": {""name"": ""Two Post Hoist Short Version"", ""width_m"": ""1.1500"", ""cubic_m3"": ""1.380000"", ""height_m"": ""0.4000"", ""length_m"": ""3.0000"", ""weight_kg"": ""800.0000"", ""description"": ""Two Post Hoist Short Version"", ""freight_type"": ""P""}, ""field_decisions"": {""name"": ""SOURCE"", ""cubic"": ""OPERATIONAL"", ""weight"": ""OPERATIONAL"", ""dimensions"": ""OPERATIONAL"", ""description"": ""SOURCE"", ""freight_type"": ""SOURCE""}, ""adopted_operational_state"": false, ""backfilled_from_applied_decision"": true}",Adopted from previously applied decision #163. Recommended initial correction: Source name/description and pallet C/P rule; retain Calculator physical values pending separate review.,2026-09-22 22:35:55.787857+00:00,2026-09-22 22:35:55.786760+00:00,1,SAFE_CANDIDATE,
SM245COPP,35157,DIFFERENT,TEXT_ONLY,UPDATE,APPLIED,SOURCE,SOURCE,OPERATIONAL,OPERATIONAL,OPERATIONAL,SOURCE,"{""name"": ""SOURCE"", ""cubic"": ""OPERATIONAL"", ""weight"": ""OPERATIONAL"", ""dimensions"": ""OPERATIONAL"", ""description"": ""SOURCE"", ""freight_type"": ""SOURCE""}",{},Recommended initial correction: Source name/description and pallet C/P rule; retain Calculator physical values pending separate review.,6,2026-09-21 22:19:45.042380+00:00,6,2026-09-21 22:33:56.705354+00:00,a14e383569824ca6bce9a4299ffe9a54,Two Post Hoist Antique Copper,Two Post Hoist Antique Copper,Two Post Hoist Antique Copper,Two Post Hoist Antique Copper,2950.000000,1150.000000,500.000000,2950.0,1150.0,500.0,2.9500,1.1500,0.5000,800.000000,800.0000,1.696000,1.696000,1.000000,P,P,False,False,False,False,,0,,[],True,PRODUCT_RECONCILIATION,8323037b652af860b5c3fb01a7954e6ab9d155d187417e6b0ca925c5b28f6a17,bf05a7122b9367e76757d8449f1f96206ff071babc423147cdfeadf628644997,"{""schema"": 1, ""row_action"": ""UPDATE"", ""apply_batch_id"": ""a14e383569824ca6bce9a4299ffe9a54"", ""approved_values"": {""name"": ""Two Post Hoist Antique Copper"", ""width_m"": ""1.1500"", ""cubic_m3"": ""1.696000"", ""height_m"": ""0.5000"", ""length_m"": ""2.9500"", ""weight_kg"": ""800.0000"", ""description"": ""Two Post Hoist Antique Copper"", ""freight_type"": ""P""}, ""field_decisions"": {""name"": ""SOURCE"", ""cubic"": ""OPERATIONAL"", ""weight"": ""OPERATIONAL"", ""dimensions"": ""OPERATIONAL"", ""description"": ""SOURCE"", ""freight_type"": ""SOURCE""}, ""adopted_operational_state"": false, ""backfilled_from_applied_decision"": true}",Adopted from previously applied decision #164. Recommended initial correction: Source name/description and pallet C/P rule; retain Calculator physical values pending separate review.,2026-09-22 22:35:55.733051+00:00,2026-09-22 22:35:55.732160+00:00,1,SAFE_CANDIDATE,
SM245EXPP,35158,DIFFERENT,SOURCE_DIMENSIONS_ZERO,UPDATE,APPLIED,SOURCE,SOURCE,OPERATIONAL,OPERATIONAL,OPERATIONAL,SOURCE,"{""name"": ""SOURCE"", ""cubic"": ""OPERATIONAL"", ""weight"": ""OPERATIONAL"", ""dimensions"": ""OPERATIONAL"", ""description"": ""SOURCE"", ""freight_type"": ""SOURCE""}",{},Recommended initial correction: Source name/description and pallet C/P rule; retain Calculator physical values pending separate review.,6,2026-09-21 22:19:45.043923+00:00,6,2026-09-21 22:33:56.705354+00:00,a14e383569824ca6bce9a4299ffe9a54,Two Post Hoist Excl PowerPack,Two Post Hoist Excl PowerPack,Two Post Hoist Excluding Power Pack and Control Box,Two Post Hoist Excluding Power Pack and Control Box,0.000000,0.000000,0.000000,3000.0,1150.0,400.0,3.0000,1.1500,0.4000,800.000000,800.0000,1.380000,1.380000,1.000000,P,P,True,False,False,False,,0,,[],True,PRODUCT_RECONCILIATION,391505a33d5056bbecd21682516a401e94340a83849d9dcabedd26ada0bcfef1,df3001441a87b4548435cd65bdb6b9fafb41533eccdfe9ade1c835bcab62e735,"{""schema"": 1, ""row_action"": ""UPDATE"", ""apply_batch_id"": ""a14e383569824ca6bce9a4299ffe9a54"", ""approved_values"": {""name"": ""Two Post Hoist Excl PowerPack"", ""width_m"": ""1.1500"", ""cubic_m3"": ""1.380000"", ""height_m"": ""0.4000"", ""length_m"": ""3.0000"", ""weight_kg"": ""800.0000"", ""description"": ""Two Post Hoist Excluding Power Pack and Control Box"", ""freight_type"": ""P""}, ""field_decisions"": {""name"": ""SOURCE"", ""cubic"": ""OPERATIONAL"", ""weight"": ""OPERATIONAL"", ""dimensions"": ""OPERATIONAL"", ""description"": ""SOURCE"", ""freight_type"": ""SOURCE""}, ""adopted_operational_state"": false, ""backfilled_from_applied_decision"": true}",Adopted from previously applied decision #165. Recommended initial correction: Source name/description and pallet C/P rule; retain Calculator physical values pending separate review.,2026-09-22 22:35:55.739717+00:00,2026-09-22 22:35:55.738773+00:00,1,SAFE_CANDIDATE,
SM245Q,35159,DIFFERENT,SOURCE_DIMENSIONS_ZERO,UPDATE,APPLIED,SOURCE,SOURCE,OPERATIONAL,OPERATIONAL,OPERATIONAL,SOURCE,"{""name"": ""SOURCE"", ""cubic"": ""OPERATIONAL"", ""weight"": ""OPERATIONAL"", ""dimensions"": ""OPERATIONAL"", ""description"": ""SOURCE"", ""freight_type"": ""SOURCE""}",{},Recommended initial correction: Source name/description and pallet C/P rule; retain Calculator physical values pending separate review.,6,2026-09-21 22:19:45.045660+00:00,6,2026-09-21 22:33:56.705354+00:00,a14e383569824ca6bce9a4299ffe9a54,Two Post Hoist Quarantined,Two Post Hoist Quarantined,Two Post Hoist Quarantined,Two Post Hoist Quarantined,0.000000,0.000000,0.000000,3000.0,1150.0,400.0,3.0000,1.1500,0.4000,800.000000,800.0000,1.380000,1.380000,1.000000,P,P,True,False,False,False,,0,,[],True,PRODUCT_RECONCILIATION,4ba43b5cf23292ed2036b823abcf6a74c5f654b92bf5a53a6491f0626f98d890,fb5a98d797b0b0482b42555f357d9e0d4a6c90f4711566ccbb619aa11fc3d9d9,"{""schema"": 1, ""row_action"": ""UPDATE"", ""apply_batch_id"": ""a14e383569824ca6bce9a4299ffe9a54"", ""approved_values"": {""name"": ""Two Post Hoist Quarantined"", ""width_m"": ""1.1500"", ""cubic_m3"": ""1.380000"", ""height_m"": ""0.4000"", ""length_m"": ""3.0000"", ""weight_kg"": ""800.0000"", ""description"": ""Two Post Hoist Quarantined"", ""freight_type"": ""P""}, ""field_decisions"": {""name"": ""SOURCE"", ""cubic"": ""OPERATIONAL"", ""weight"": ""OPERATIONAL"", ""dimensions"": ""OPERATIONAL"", ""description"": ""SOURCE"", ""freight_type"": ""SOURCE""}, ""adopted_operational_state"": false, ""backfilled_from_applied_decision"": true}",Adopted from previously applied decision #166. Recommended initial correction: Source name/description and pallet C/P rule; retain Calculator physical values pending separate review.,2026-09-22 22:35:55.749848+00:00,2026-09-22 22:35:55.749014+00:00,1,SAFE_CANDIDATE,
SM245RAL2002,35160,DIFFERENT,SOURCE_DIMENSIONS_ZERO,UPDATE,APPLIED,SOURCE,SOURCE,OPERATIONAL,OPERATIONAL,OPERATIONAL,SOURCE,"{""name"": ""SOURCE"", ""cubic"": ""OPERATIONAL"", ""weight"": ""OPERATIONAL"", ""dimensions"": ""OPERATIONAL"", ""description"": ""SOURCE"", ""freight_type"": ""SOURCE""}",{},Recommended initial correction: Source name/description and pallet C/P rule; retain Calculator physical values pending separate review.,6,2026-09-21 22:19:45.047490+00:00,6,2026-09-21 22:33:56.705354+00:00,a14e383569824ca6bce9a4299ffe9a54,"3 Phase, 2 Post Hoist w Signum","3 Phase, 2 Post Hoist w Signum","3 Phase, 2 Post Hoist with Signum","3 Phase, 2 Post Hoist with Signum",0.000000,0.000000,0.000000,3000.0,1150.0,400.0,3.0000,1.1500,0.4000,800.000000,800.0000,1.380000,1.380000,1.000000,P,P,True,False,False,False,,0,,[],True,PRODUCT_RECONCILIATION,b55112351f1d27a53baae75d8b86621c04fd248838889284b093c0fa4b8c7bd3,aad64c04aa6bd020ca510370727e366b8b2388edb79014897b5642d0e9b75fe6,"{""schema"": 1, ""row_action"": ""UPDATE"", ""apply_batch_id"": ""a14e383569824ca6bce9a4299ffe9a54"", ""approved_values"": {""name"": ""3 Phase, 2 Post Hoist w Signum"", ""width_m"": ""1.1500"", ""cubic_m3"": ""1.380000"", ""height_m"": ""0.4000"", ""length_m"": ""3.0000"", ""weight_kg"": ""800.0000"", ""description"": ""3 Phase, 2 Post Hoist with Signum"", ""freight_type"": ""P""}, ""field_decisions"": {""name"": ""SOURCE"", ""cubic"": ""OPERATIONAL"", ""weight"": ""OPERATIONAL"", ""dimensions"": ""OPERATIONAL"", ""description"": ""SOURCE"", ""freight_type"": ""SOURCE""}, ""adopted_operational_state"": false, ""backfilled_from_applied_decision"": true}",Adopted from previously applied decision #167. Recommended initial correction: Source name/description and pallet C/P rule; retain Calculator physical values pending separate review.,2026-09-22 22:35:55.753445+00:00,2026-09-22 22:35:55.752501+00:00,1,SAFE_CANDIDATE,
SM245RAL3001,35161,DIFFERENT,SOURCE_DIMENSIONS_ZERO,UPDATE,APPLIED,SOURCE,SOURCE,OPERATIONAL,OPERATIONAL,OPERATIONAL,SOURCE,"{""name"": ""SOURCE"", ""cubic"": ""OPERATIONAL"", ""weight"": ""OPERATIONAL"", ""dimensions"": ""OPERATIONAL"", ""description"": ""SOURCE"", ""freight_type"": ""SOURCE""}",{},Recommended initial correction: Source name/description and pallet C/P rule; retain Calculator physical values pending separate review.,6,2026-09-21 22:19:45.049496+00:00,6,2026-09-21 22:33:56.705354+00:00,a14e383569824ca6bce9a4299ffe9a54,Two Post Hoist Signal Red,Two Post Hoist Signal Red,Two Post Hoist Signal Red,Two Post Hoist Signal Red,0.000000,0.000000,0.000000,3000.0,1150.0,400.0,3.0000,1.1500,0.4000,800.000000,800.0000,1.380000,1.380000,1.000000,P,P,True,False,False,False,,0,,[],True,PRODUCT_RECONCILIATION,b89214f1cf61a89fc022b5409d4dc6dde8ecd34ace969f1df55158126218b58c,2b8efb084e10e6ef491e0e6bedf3c0d1f43f64359f3052556930b03bf929d1b7,"{""schema"": 1, ""row_action"": ""UPDATE"", ""apply_batch_id"": ""a14e383569824ca6bce9a4299ffe9a54"", ""approved_values"": {""name"": ""Two Post Hoist Signal Red"", ""width_m"": ""1.1500"", ""cubic_m3"": ""1.380000"", ""height_m"": ""0.4000"", ""length_m"": ""3.0000"", ""weight_kg"": ""800.0000"", ""description"": ""Two Post Hoist Signal Red"", ""freight_type"": ""P""}, ""field_decisions"": {""name"": ""SOURCE"", ""cubic"": ""OPERATIONAL"", ""weight"": ""OPERATIONAL"", ""dimensions"": ""OPERATIONAL"", ""description"": ""SOURCE"", ""freight_type"": ""SOURCE""}, ""adopted_operational_state"": false, ""backfilled_from_applied_decision"": true}",Adopted from previously applied decision #168. Recommended initial correction: Source name/description and pallet C/P rule; retain Calculator physical values pending separate review.,2026-09-22 22:35:55.758387+00:00,2026-09-22 22:35:55.756631+00:00,1,SAFE_CANDIDATE,
SM245RAL5002,35162,DIFFERENT,SOURCE_DIMENSIONS_ZERO,UPDATE,APPLIED,SOURCE,SOURCE,OPERATIONAL,OPERATIONAL,OPERATIONAL,SOURCE,"{""name"": ""SOURCE"", ""cubic"": ""OPERATIONAL"", ""weight"": ""OPERATIONAL"", ""dimensions"": ""OPERATIONAL"", ""description"": ""SOURCE"", ""freight_type"": ""SOURCE""}",{},Recommended initial correction: Source name/description and pallet C/P rule; retain Calculator physical values pending separate review.,6,2026-09-21 22:19:45.051332+00:00,6,2026-09-21 22:33:56.705354+00:00,a14e383569824ca6bce9a4299ffe9a54,Two Post Hoist Ultramarine Blu,Two Post Hoist Ultramarine Blu,Two Post Hoist Ultramarine Blue,Two Post Hoist Ultramarine Blue,0.000000,0.000000,0.000000,3000.0,1150.0,400.0,3.0000,1.1500,0.4000,800.000000,800.0000,1.380000,1.380000,1.000000,P,P,True,False,False,False,,0,,[],True,PRODUCT_RECONCILIATION,ec833762421e822a15ff7568a48e219388f18c0f5f6ebce532e8a3b3f9f5c432,009663f5cd9d9671098d6b2544448672932c5b72312c9ec91085e09907d18ccf,"{""schema"": 1, ""row_action"": ""UPDATE"", ""apply_batch_id"": ""a14e383569824ca6bce9a4299ffe9a54"", ""approved_values"": {""name"": ""Two Post Hoist Ultramarine Blu"", ""width_m"": ""1.1500"", ""cubic_m3"": ""1.380000"", ""height_m"": ""0.4000"", ""length_m"": ""3.0000"", ""weight_kg"": ""800.0000"", ""description"": ""Two Post Hoist Ultramarine Blue"", ""freight_type"": ""P""}, ""field_decisions"": {""name"": ""SOURCE"", ""cubic"": ""OPERATIONAL"", ""weight"": ""OPERATIONAL"", ""dimensions"": ""OPERATIONAL"", ""description"": ""SOURCE"", ""freight_type"": ""SOURCE""}, ""adopted_operational_state"": false, ""backfilled_from_applied_decision"": true}",Adopted from previously applied decision #169. Recommended initial correction: Source name/description and pallet C/P rule; retain Calculator physical values pending separate review.,2026-09-22 22:35:55.762465+00:00,2026-09-22 22:35:55.761512+00:00,1,SAFE_CANDIDATE,
SM245RAL5015,35163,DIFFERENT,SOURCE_DIMENSIONS_ZERO,UPDATE,APPLIED,SOURCE,SOURCE,OPERATIONAL,OPERATIONAL,OPERATIONAL,SOURCE,"{""name"": ""SOURCE"", ""cubic"": ""OPERATIONAL"", ""weight"": ""OPERATIONAL"", ""dimensions"": ""OPERATIONAL"", ""description"": ""SOURCE"", ""freight_type"": ""SOURCE""}",{},Recommended initial correction: Source name/description and pallet C/P rule; retain Calculator physical values pending separate review.,6,2026-09-21 22:19:45.053389+00:00,6,2026-09-21 22:33:56.705354+00:00,a14e383569824ca6bce9a4299ffe9a54,2 Post Hoist w/Low ArmsRAL5015,2 Post Hoist w/Low ArmsRAL5015,SM 245 Universal 2 Post Hoist With Low Arms (D) RAL 5015  - KMart Blue,SM 245 Universal 2 Post Hoist With Low Arms (D) RAL 5015  - KMart Blue,0.000000,0.000000,0.000000,3000.0,1150.0,400.0,3.0000,1.1500,0.4000,800.000000,800.0000,1.380000,1.380000,1.000000,P,P,True,False,False,False,,0,,[],True,PRODUCT_RECONCILIATION,a4616ab265d7b87c4c3c53b2c43e18d8cffa77f2a805e8c3e76b4f9f4f68860a,a04e07ce68c64532da35cb634dacd96473415851e603548999198fbf4dc9838f,"{""schema"": 1, ""row_action"": ""UPDATE"", ""apply_batch_id"": ""a14e383569824ca6bce9a4299ffe9a54"", ""approved_values"": {""name"": ""2 Post Hoist w/Low ArmsRAL5015"", ""width_m"": ""1.1500"", ""cubic_m3"": ""1.380000"", ""height_m"": ""0.4000"", ""length_m"": ""3.0000"", ""weight_kg"": ""800.0000"", ""description"": ""SM 245 Universal 2 Post Hoist With Low Arms (D) RAL 5015  - KMart Blue"", ""freight_type"": ""P""}, ""field_decisions"": {""name"": ""SOURCE"", ""cubic"": ""OPERATIONAL"", ""weight"": ""OPERATIONAL"", ""dimensions"": ""OPERATIONAL"", ""description"": ""SOURCE"", ""freight_type"": ""SOURCE""}, ""adopted_operational_state"": false, ""backfilled_from_applied_decision"": true}",Adopted from previously applied decision #170. Recommended initial correction: Source name/description and pallet C/P rule; retain Calculator physical values pending separate review.,2026-09-22 22:35:55.765912+00:00,2026-09-22 22:35:55.764885+00:00,1,SAFE_CANDIDATE,
SM245RAL6001,35164,DIFFERENT,SOURCE_DIMENSIONS_ZERO,UPDATE,APPLIED,SOURCE,SOURCE,OPERATIONAL,OPERATIONAL,OPERATIONAL,SOURCE,"{""name"": ""SOURCE"", ""cubic"": ""OPERATIONAL"", ""weight"": ""OPERATIONAL"", ""dimensions"": ""OPERATIONAL"", ""description"": ""SOURCE"", ""freight_type"": ""SOURCE""}",{},Recommended initial correction: Source name/description and pallet C/P rule; retain Calculator physical values pending separate review.,6,2026-09-21 22:19:45.055120+00:00,6,2026-09-21 22:33:56.705354+00:00,a14e383569824ca6bce9a4299ffe9a54,Two Post Hoist Emerald Green,Two Post Hoist Emerald Green,Two Post Hoist Emerald Green,Two Post Hoist Emerald Green,0.000000,0.000000,0.000000,3000.0,1150.0,400.0,3.0000,1.1500,0.4000,800.000000,800.0000,1.380000,1.380000,1.000000,P,P,True,False,False,False,,0,,[],True,PRODUCT_RECONCILIATION,f691efa42fc491642bd3583c2ab787e1bd47e4971c700b595209ba87574f3b40,cdafb7d063b7a689b184f23f106f9dda932cac32693103247237b4c484052176,"{""schema"": 1, ""row_action"": ""UPDATE"", ""apply_batch_id"": ""a14e383569824ca6bce9a4299ffe9a54"", ""approved_values"": {""name"": ""Two Post Hoist Emerald Green"", ""width_m"": ""1.1500"", ""cubic_m3"": ""1.380000"", ""height_m"": ""0.4000"", ""length_m"": ""3.0000"", ""weight_kg"": ""800.0000"", ""description"": ""Two Post Hoist Emerald Green"", ""freight_type"": ""P""}, ""field_decisions"": {""name"": ""SOURCE"", ""cubic"": ""OPERATIONAL"", ""weight"": ""OPERATIONAL"", ""dimensions"": ""OPERATIONAL"", ""description"": ""SOURCE"", ""freight_type"": ""SOURCE""}, ""adopted_operational_state"": false, ""backfilled_from_applied_decision"": true}",Adopted from previously applied decision #171. Recommended initial correction: Source name/description and pallet C/P rule; retain Calculator physical values pending separate review.,2026-09-22 22:35:55.769712+00:00,2026-09-22 22:35:55.768710+00:00,1,SAFE_CANDIDATE,
SM245RAL6018,35165,DIFFERENT,SOURCE_DIMENSIONS_ZERO,UPDATE,APPLIED,SOURCE,SOURCE,OPERATIONAL,OPERATIONAL,OPERATIONAL,SOURCE,"{""name"": ""SOURCE"", ""cubic"": ""OPERATIONAL"", ""weight"": ""OPERATIONAL"", ""dimensions"": ""OPERATIONAL"", ""description"": ""SOURCE"", ""freight_type"": ""SOURCE""}",{},Recommended initial correction: Source name/description and pallet C/P rule; retain Calculator physical values pending separate review.,6,2026-09-21 22:19:45.056697+00:00,6,2026-09-21 22:33:56.705354+00:00,a14e383569824ca6bce9a4299ffe9a54,Two Post Hoist Green,Two Post Hoist Green,Two Post Hoist Green,Two Post Hoist Green,0.000000,0.000000,0.000000,3000.0,1150.0,400.0,3.0000,1.1500,0.4000,800.000000,800.0000,1.380000,1.380000,1.000000,P,P,True,False,False,False,,0,,[],True,PRODUCT_RECONCILIATION,c2f73a13ae66f28335909e3afbf56d080ba97e1b3cac3ff73cabf0851656e40c,4814f243958777a987f91b888452e80f30357438995d6996e9d585e280e23237,"{""schema"": 1, ""row_action"": ""UPDATE"", ""apply_batch_id"": ""a14e383569824ca6bce9a4299ffe9a54"", ""approved_values"": {""name"": ""Two Post Hoist Green"", ""width_m"": ""1.1500"", ""cubic_m3"": ""1.380000"", ""height_m"": ""0.4000"", ""length_m"": ""3.0000"", ""weight_kg"": ""800.0000"", ""description"": ""Two Post Hoist Green"", ""freight_type"": ""P""}, ""field_decisions"": {""name"": ""SOURCE"", ""cubic"": ""OPERATIONAL"", ""weight"": ""OPERATIONAL"", ""dimensions"": ""OPERATIONAL"", ""description"": ""SOURCE"", ""freight_type"": ""SOURCE""}, ""adopted_operational_state"": false, ""backfilled_from_applied_decision"": true}",Adopted from previously applied decision #172. Recommended initial correction: Source name/description and pallet C/P rule; retain Calculator physical values pending separate review.,2026-09-22 22:35:55.773119+00:00,2026-09-22 22:35:55.772081+00:00,1,SAFE_CANDIDATE,
SM245RAL7016,35166,DIFFERENT,SOURCE_DIMENSIONS_ZERO,UPDATE,APPLIED,SOURCE,SOURCE,OPERATIONAL,OPERATIONAL,OPERATIONAL,SOURCE,"{""name"": ""SOURCE"", ""cubic"": ""OPERATIONAL"", ""weight"": ""OPERATIONAL"", ""dimensions"": ""OPERATIONAL"", ""description"": ""SOURCE"", ""freight_type"": ""SOURCE""}",{},Recommended initial correction: Source name/description and pallet C/P rule; retain Calculator physical values pending separate review.,6,2026-09-21 22:19:45.058239+00:00,6,2026-09-21 22:33:56.705354+00:00,a14e383569824ca6bce9a4299ffe9a54,Two Post Hoist Anthracite Grey,Two Post Hoist Anthracite Grey,Two Post Hoist Anthracite Grey,Two Post Hoist Anthracite Grey,0.000000,0.000000,0.000000,3000.0,1150.0,400.0,3.0000,1.1500,0.4000,800.000000,800.0000,1.380000,1.380000,1.000000,P,P,True,False,False,False,,0,,[],True,PRODUCT_RECONCILIATION,dbecb8d01cad1055c097dbf02f0b850fb4436aed5a5f41dd84c26c6e073b0a07,50d5e61f57e761299b7f27f8111115ce8e84103f818d4f426454251c31471092,"{""schema"": 1, ""row_action"": ""UPDATE"", ""apply_batch_id"": ""a14e383569824ca6bce9a4299ffe9a54"", ""approved_values"": {""name"": ""Two Post Hoist Anthracite Grey"", ""width_m"": ""1.1500"", ""cubic_m3"": ""1.380000"", ""height_m"": ""0.4000"", ""length_m"": ""3.0000"", ""weight_kg"": ""800.0000"", ""description"": ""Two Post Hoist Anthracite Grey"", ""freight_type"": ""P""}, ""field_decisions"": {""name"": ""SOURCE"", ""cubic"": ""OPERATIONAL"", ""weight"": ""OPERATIONAL"", ""dimensions"": ""OPERATIONAL"", ""description"": ""SOURCE"", ""freight_type"": ""SOURCE""}, ""adopted_operational_state"": false, ""backfilled_from_applied_decision"": true}",Adopted from previously applied decision #173. Recommended initial correction: Source name/description and pallet C/P rule; retain Calculator physical values pending separate review.,2026-09-22 22:35:55.777768+00:00,2026-09-22 22:35:55.776715+00:00,1,SAFE_CANDIDATE,
SM245RAL7037,35167,DIFFERENT,SOURCE_DIMENSIONS_ZERO,UPDATE,APPLIED,SOURCE,SOURCE,OPERATIONAL,OPERATIONAL,OPERATIONAL,SOURCE,"{""name"": ""SOURCE"", ""cubic"": ""OPERATIONAL"", ""weight"": ""OPERATIONAL"", ""dimensions"": ""OPERATIONAL"", ""description"": ""SOURCE"", ""freight_type"": ""SOURCE""}",{},Recommended initial correction: Source name/description and pallet C/P rule; retain Calculator physical values pending separate review.,6,2026-09-21 22:19:45.059620+00:00,6,2026-09-21 22:33:56.705354+00:00,a14e383569824ca6bce9a4299ffe9a54,Two Post Hoist Grey Yellow,Two Post Hoist Grey Yellow,Two Post Hoist Grey Yellow,Two Post Hoist Grey Yellow,0.000000,0.000000,0.000000,3000.0,1150.0,400.0,3.0000,1.1500,0.4000,800.000000,800.0000,1.380000,1.380000,1.000000,P,P,True,False,False,False,,0,,[],True,PRODUCT_RECONCILIATION,d081f546361c2a80c6076760e7fe83c105aaf9bbadbf6a7d9dba90ad0f90c84e,17466ffae040c405b4ac8860e56f7bb2e70ab309d99942ad4179668047ae7e3e,"{""schema"": 1, ""row_action"": ""UPDATE"", ""apply_batch_id"": ""a14e383569824ca6bce9a4299ffe9a54"", ""approved_values"": {""name"": ""Two Post Hoist Grey Yellow"", ""width_m"": ""1.1500"", ""cubic_m3"": ""1.380000"", ""height_m"": ""0.4000"", ""length_m"": ""3.0000"", ""weight_kg"": ""800.0000"", ""description"": ""Two Post Hoist Grey Yellow"", ""freight_type"": ""P""}, ""field_decisions"": {""name"": ""SOURCE"", ""cubic"": ""OPERATIONAL"", ""weight"": ""OPERATIONAL"", ""dimensions"": ""OPERATIONAL"", ""description"": ""SOURCE"", ""freight_type"": ""SOURCE""}, ""adopted_operational_state"": false, ""backfilled_from_applied_decision"": true}",Adopted from previously applied decision #174. Recommended initial correction: Source name/description and pallet C/P rule; retain Calculator physical values pending separate review.,2026-09-22 22:35:55.781165+00:00,2026-09-22 22:35:55.780265+00:00,1,SAFE_CANDIDATE,
SM245RAL9005,35168,DIFFERENT,SOURCE_DIMENSIONS_ZERO,UPDATE,APPLIED,SOURCE,SOURCE,OPERATIONAL,OPERATIONAL,OPERATIONAL,SOURCE,"{""name"": ""SOURCE"", ""cubic"": ""OPERATIONAL"", ""weight"": ""OPERATIONAL"", ""dimensions"": ""OPERATIONAL"", ""description"": ""SOURCE"", ""freight_type"": ""SOURCE""}",{},Recommended initial correction: Source name/description and pallet C/P rule; retain Calculator physical values pending separate review.,6,2026-09-21 22:19:45.061092+00:00,6,2026-09-21 22:33:56.705354+00:00,a14e383569824ca6bce9a4299ffe9a54,Two Post Hoist Jet Black,Two Post Hoist Jet Black,Two Post Hoist Jet Black,Two Post Hoist Jet Black,0.000000,0.000000,0.000000,3000.0,1150.0,400.0,3.0000,1.1500,0.4000,800.000000,800.0000,1.380000,1.380000,1.000000,P,P,True,False,False,False,,0,,[],True,PRODUCT_RECONCILIATION,3bbb57a3cb500f2dbb4a617d1ab4e99674755f1069baebb23153600e3af1e96a,4591eefb787dc5e8cc531fb4b40be955b5ae3513378082d70df98f2455bc7c71,"{""schema"": 1, ""row_action"": ""UPDATE"", ""apply_batch_id"": ""a14e383569824ca6bce9a4299ffe9a54"", ""approved_values"": {""name"": ""Two Post Hoist Jet Black"", ""width_m"": ""1.1500"", ""cubic_m3"": ""1.380000"", ""height_m"": ""0.4000"", ""length_m"": ""3.0000"", ""weight_kg"": ""800.0000"", ""description"": ""Two Post Hoist Jet Black"", ""freight_type"": ""P""}, ""field_decisions"": {""name"": ""SOURCE"", ""cubic"": ""OPERATIONAL"", ""weight"": ""OPERATIONAL"", ""dimensions"": ""OPERATIONAL"", ""description"": ""SOURCE"", ""freight_type"": ""SOURCE""}, ""adopted_operational_state"": false, ""backfilled_from_applied_decision"": true}",Adopted from previously applied decision #175. Recommended initial correction: Source name/description and pallet C/P rule; retain Calculator physical values pending separate review.,2026-09-22 22:35:55.784212+00:00,2026-09-22 22:35:55.783345+00:00,1,SAFE_CANDIDATE,
SM270,35170,DIFFERENT,TEXT_ONLY,UPDATE,APPLIED,SOURCE,SOURCE,OPERATIONAL,OPERATIONAL,OPERATIONAL,SOURCE,"{""name"": ""SOURCE"", ""cubic"": ""OPERATIONAL"", ""weight"": ""OPERATIONAL"", ""dimensions"": ""OPERATIONAL"", ""description"": ""SOURCE"", ""freight_type"": ""SOURCE""}",{},Recommended initial correction: Source name/description and pallet C/P rule; retain Calculator physical values pending separate review.,6,2026-09-21 22:19:45.062853+00:00,6,2026-09-21 22:33:56.705354+00:00,a14e383569824ca6bce9a4299ffe9a54,2 Post 7 Tonne Hoist,2 Post 7 Tonne Hoist,2 Post 7 Tonne Hoist,2 Post 7 Tonne Hoist,2930.000000,1120.000000,900.000000,2930.0,1120.0,900.0,2.9300,1.1200,0.9000,1680.000000,1680.0000,2.953000,2.953000,1.000000,P,P,False,False,False,False,,0,,[],True,PRODUCT_RECONCILIATION,4b832cb55dba23d22e0b939983eb3f29857afb647ee01ecf6d9b495fe78250a5,e789c53bee353f85e9aacab2e8cbcdee16dc693a71629efe6f3251b56aaf5ab4,"{""schema"": 1, ""row_action"": ""UPDATE"", ""apply_batch_id"": ""a14e383569824ca6bce9a4299ffe9a54"", ""approved_values"": {""name"": ""2 Post 7 Tonne Hoist"", ""width_m"": ""1.1200"", ""cubic_m3"": ""2.953000"", ""height_m"": ""0.9000"", ""length_m"": ""2.9300"", ""weight_kg"": ""1680.0000"", ""description"": ""2 Post 7 Tonne Hoist"", ""freight_type"": ""P""}, ""field_decisions"": {""name"": ""SOURCE"", ""cubic"": ""OPERATIONAL"", ""weight"": ""OPERATIONAL"", ""dimensions"": ""OPERATIONAL"", ""description"": ""SOURCE"", ""freight_type"": ""SOURCE""}, ""adopted_operational_state"": false, ""backfilled_from_applied_decision"": true}",Adopted from previously applied decision #176. Recommended initial correction: Source name/description and pallet C/P rule; retain Calculator physical values pending separate review.,2026-09-22 22:35:55.791462+00:00,2026-09-22 22:35:55.790491+00:00,1,SAFE_CANDIDATE,
SM270-BF,35173,DIFFERENT,TEXT_ONLY,UPDATE,APPLIED,SOURCE,SOURCE,OPERATIONAL,OPERATIONAL,OPERATIONAL,SOURCE,"{""name"": ""SOURCE"", ""cubic"": ""OPERATIONAL"", ""weight"": ""OPERATIONAL"", ""dimensions"": ""OPERATIONAL"", ""description"": ""SOURCE"", ""freight_type"": ""SOURCE""}",{},Recommended initial correction: Source name/description and pallet C/P rule; retain Calculator physical values pending separate review.,6,2026-09-21 22:19:45.064796+00:00,6,2026-09-21 22:33:56.705354+00:00,a14e383569824ca6bce9a4299ffe9a54,Base Frame Set 1 set = 2 parts,Base Frame Set 1 set = 2 parts,Base Frame Set - 1 Set = 2 pieces - Goes with the SM270 HOIST,Base Frame Set - 1 Set = 2 pieces - Goes with the SM270 HOIST,2000.000000,200.000000,200.000000,2000.0,200.0,200.0,2.0000,0.2000,0.2000,50.000000,50.0000,0.080000,0.080000,1.000000,P,P,False,False,False,False,,0,,[],True,PRODUCT_RECONCILIATION,ff549bb4f7868d8005b72684b004d671324a271ef387168ed13e7046d011b21d,a2dcdab4e4ffedb71b1fc709072da66ab951cdd18cb4a052d32abcaf066527ea,"{""schema"": 1, ""row_action"": ""UPDATE"", ""apply_batch_id"": ""a14e383569824ca6bce9a4299ffe9a54"", ""approved_values"": {""name"": ""Base Frame Set 1 set = 2 parts"", ""width_m"": ""0.2000"", ""cubic_m3"": ""0.080000"", ""height_m"": ""0.2000"", ""length_m"": ""2.0000"", ""weight_kg"": ""50.0000"", ""description"": ""Base Frame Set - 1 Set = 2 pieces - Goes with the SM270 HOIST"", ""freight_type"": ""P""}, ""field_decisions"": {""name"": ""SOURCE"", ""cubic"": ""OPERATIONAL"", ""weight"": ""OPERATIONAL"", ""dimensions"": ""OPERATIONAL"", ""description"": ""SOURCE"", ""freight_type"": ""SOURCE""}, ""adopted_operational_state"": false, ""backfilled_from_applied_decision"": true}",Adopted from previously applied decision #177. Recommended initial correction: Source name/description and pallet C/P rule; retain Calculator physical values pending separate review.,2026-09-22 22:35:55.794909+00:00,2026-09-22 22:35:55.793944+00:00,1,SAFE_CANDIDATE,
SM270RAL5015,35180,DIFFERENT,TEXT_ONLY,UPDATE,APPLIED,SOURCE,SOURCE,OPERATIONAL,OPERATIONAL,OPERATIONAL,SOURCE,"{""name"": ""SOURCE"", ""cubic"": ""OPERATIONAL"", ""weight"": ""OPERATIONAL"", ""dimensions"": ""OPERATIONAL"", ""description"": ""SOURCE"", ""freight_type"": ""SOURCE""}",{},Recommended initial correction: Source name/description and pallet C/P rule; retain Calculator physical values pending separate review.,6,2026-09-21 22:19:45.066864+00:00,6,2026-09-21 22:33:56.705354+00:00,a14e383569824ca6bce9a4299ffe9a54,2 Post 7 Tonne Hoist,2 Post 7 Tonne Hoist,2 Post 7 Tonne Hoist,2 Post 7 Tonne Hoist,2930.000000,1120.000000,900.000000,2930.0,1120.0,900.0,2.9300,1.1200,0.9000,1680.000000,1680.0000,2.953000,2.953000,1.000000,P,P,False,False,False,False,,0,,[],True,PRODUCT_RECONCILIATION,4a41ad5f90b45196b0f7cedee32d27e27cfb97120bacd6205e984cf6f9c67942,e789c53bee353f85e9aacab2e8cbcdee16dc693a71629efe6f3251b56aaf5ab4,"{""schema"": 1, ""row_action"": ""UPDATE"", ""apply_batch_id"": ""a14e383569824ca6bce9a4299ffe9a54"", ""approved_values"": {""name"": ""2 Post 7 Tonne Hoist"", ""width_m"": ""1.1200"", ""cubic_m3"": ""2.953000"", ""height_m"": ""0.9000"", ""length_m"": ""2.9300"", ""weight_kg"": ""1680.0000"", ""description"": ""2 Post 7 Tonne Hoist"", ""freight_type"": ""P""}, ""field_decisions"": {""name"": ""SOURCE"", ""cubic"": ""OPERATIONAL"", ""weight"": ""OPERATIONAL"", ""dimensions"": ""OPERATIONAL"", ""description"": ""SOURCE"", ""freight_type"": ""SOURCE""}, ""adopted_operational_state"": false, ""backfilled_from_applied_decision"": true}",Adopted from previously applied decision #178. Recommended initial correction: Source name/description and pallet C/P rule; retain Calculator physical values pending separate review.,2026-09-22 22:35:55.798109+00:00,2026-09-22 22:35:55.797236+00:00,1,SAFE_CANDIDATE,
SM270RAL7016,35181,DIFFERENT,TEXT_ONLY,UPDATE,APPLIED,SOURCE,SOURCE,OPERATIONAL,OPERATIONAL,OPERATIONAL,SOURCE,"{""name"": ""SOURCE"", ""cubic"": ""OPERATIONAL"", ""weight"": ""OPERATIONAL"", ""dimensions"": ""OPERATIONAL"", ""description"": ""SOURCE"", ""freight_type"": ""SOURCE""}",{},Recommended initial correction: Source name/description and pallet C/P rule; retain Calculator physical values pending separate review.,6,2026-09-21 22:19:45.068584+00:00,6,2026-09-21 22:33:56.705354+00:00,a14e383569824ca6bce9a4299ffe9a54,2 Post 7 Tonne Hoist Grey,2 Post 7 Tonne Hoist Grey,2 Post 7 Tonne Hoist Grey,2 Post 7 Tonne Hoist Grey,2930.000000,1120.000000,900.000000,2930.0,1120.0,900.0,2.9300,1.1200,0.9000,1680.000000,1680.0000,2.953000,2.953000,1.000000,P,P,False,False,False,False,,0,,[],True,PRODUCT_RECONCILIATION,4fc07bb3c53ecc3fa92c9821eacef2dc53f12a5c4710f59f83748c9101522445,3e479e9bd5844e8d0fdaef21b691ddf1f3939d47fab63c19b605dab9bafc80da,"{""schema"": 1, ""row_action"": ""UPDATE"", ""apply_batch_id"": ""a14e383569824ca6bce9a4299ffe9a54"", ""approved_values"": {""name"": ""2 Post 7 Tonne Hoist Grey"", ""width_m"": ""1.1200"", ""cubic_m3"": ""2.953000"", ""height_m"": ""0.9000"", ""length_m"": ""2.9300"", ""weight_kg"": ""1680.0000"", ""description"": ""2 Post 7 Tonne Hoist Grey"", ""freight_type"": ""P""}, ""field_decisions"": {""name"": ""SOURCE"", ""cubic"": ""OPERATIONAL"", ""weight"": ""OPERATIONAL"", ""dimensions"": ""OPERATIONAL"", ""description"": ""SOURCE"", ""freight_type"": ""SOURCE""}, ""adopted_operational_state"": false, ""backfilled_from_applied_decision"": true}",Adopted from previously applied decision #179. Recommended initial correction: Source name/description and pallet C/P rule; retain Calculator physical values pending separate review.,2026-09-22 22:35:55.801464+00:00,2026-09-22 22:35:55.800543+00:00,1,SAFE_CANDIDATE,
SM270RAL9005,35182,DIFFERENT,TEXT_ONLY,UPDATE,APPLIED,SOURCE,SOURCE,OPERATIONAL,OPERATIONAL,OPERATIONAL,SOURCE,"{""name"": ""SOURCE"", ""cubic"": ""OPERATIONAL"", ""weight"": ""OPERATIONAL"", ""dimensions"": ""OPERATIONAL"", ""description"": ""SOURCE"", ""freight_type"": ""SOURCE""}",{},Recommended initial correction: Source name/description and pallet C/P rule; retain Calculator physical values pending separate review.,6,2026-09-21 22:19:45.069995+00:00,6,2026-09-21 22:33:56.705354+00:00,a14e383569824ca6bce9a4299ffe9a54,2 Post 7 Tonne Hoist Black,2 Post 7 Tonne Hoist Black,2 Post 7 Tonne Hoist Black,2 Post 7 Tonne Hoist Black,2930.000000,1120.000000,900.000000,2930.0,1120.0,900.0,2.9300,1.1200,0.9000,1680.000000,1680.0000,2.953000,2.953000,1.000000,P,P,False,False,False,False,,0,,[],True,PRODUCT_RECONCILIATION,523c79a46623bfbfc1acd51312922bc6f7ee93b0aa97fc5cbed7cbed6c4d0a31,2f3609d98d4680c79364f924b231689268c220619b685089d4c4b18c891f7b45,"{""schema"": 1, ""row_action"": ""UPDATE"", ""apply_batch_id"": ""a14e383569824ca6bce9a4299ffe9a54"", ""approved_values"": {""name"": ""2 Post 7 Tonne Hoist Black"", ""width_m"": ""1.1200"", ""cubic_m3"": ""2.953000"", ""height_m"": ""0.9000"", ""length_m"": ""2.9300"", ""weight_kg"": ""1680.0000"", ""description"": ""2 Post 7 Tonne Hoist Black"", ""freight_type"": ""P""}, ""field_decisions"": {""name"": ""SOURCE"", ""cubic"": ""OPERATIONAL"", ""weight"": ""OPERATIONAL"", ""dimensions"": ""OPERATIONAL"", ""description"": ""SOURCE"", ""freight_type"": ""SOURCE""}, ""adopted_operational_state"": false, ""backfilled_from_applied_decision"": true}",Adopted from previously applied decision #180. Recommended initial correction: Source name/description and pallet C/P rule; retain Calculator physical values pending separate review.,2026-09-22 22:35:55.804737+00:00,2026-09-22 22:35:55.803881+00:00,1,SAFE_CANDIDATE,
SM300,35183,DIFFERENT,TEXT_ONLY,UPDATE,APPLIED,SOURCE,SOURCE,OPERATIONAL,OPERATIONAL,OPERATIONAL,SOURCE,"{""name"": ""SOURCE"", ""cubic"": ""OPERATIONAL"", ""weight"": ""OPERATIONAL"", ""dimensions"": ""OPERATIONAL"", ""description"": ""SOURCE"", ""freight_type"": ""SOURCE""}",{},Recommended initial correction: Source name/description and pallet C/P rule; retain Calculator physical values pending separate review.,6,2026-09-21 22:19:45.071352+00:00,6,2026-09-21 22:33:56.705354+00:00,a14e383569824ca6bce9a4299ffe9a54,Double Scissor Hoist,Double Scissor Hoist,Double Scissor Hoist,Double Scissor Hoist,1700.000000,770.000000,770.000000,1700.0,770.0,770.0,1.7000,0.7700,0.7700,848.000000,848.0000,1.008000,1.008000,1.000000,P,P,False,False,False,False,,0,,[],True,PRODUCT_RECONCILIATION,7b070012a59de4b093b32d39cd0e126aabd60ea2c7d20aa08b10c9ab65abd803,b06756670bb8bdaa5098a29fcc15edb440dbe116c5550160e1031a5cdeed4c9d,"{""schema"": 1, ""row_action"": ""UPDATE"", ""apply_batch_id"": ""a14e383569824ca6bce9a4299ffe9a54"", ""approved_values"": {""name"": ""Double Scissor Hoist"", ""width_m"": ""0.7700"", ""cubic_m3"": ""1.008000"", ""height_m"": ""0.7700"", ""length_m"": ""1.7000"", ""weight_kg"": ""848.0000"", ""description"": ""Double Scissor Hoist"", ""freight_type"": ""P""}, ""field_decisions"": {""name"": ""SOURCE"", ""cubic"": ""OPERATIONAL"", ""weight"": ""OPERATIONAL"", ""dimensions"": ""OPERATIONAL"", ""description"": ""SOURCE"", ""freight_type"": ""SOURCE""}, ""adopted_operational_state"": false, ""backfilled_from_applied_decision"": true}",Adopted from previously applied decision #181. Recommended initial correction: Source name/description and pallet C/P rule; retain Calculator physical values pending separate review.,2026-09-22 22:35:55.808558+00:00,2026-09-22 22:35:55.807604+00:00,1,SAFE_CANDIDATE,
SM300-Q,35184,DIFFERENT,TEXT_ONLY,UPDATE,APPLIED,SOURCE,SOURCE,OPERATIONAL,OPERATIONAL,OPERATIONAL,SOURCE,"{""name"": ""SOURCE"", ""cubic"": ""OPERATIONAL"", ""weight"": ""OPERATIONAL"", ""dimensions"": ""OPERATIONAL"", ""description"": ""SOURCE"", ""freight_type"": ""SOURCE""}",{},Recommended initial correction: Source name/description and pallet C/P rule; retain Calculator physical values pending separate review.,6,2026-09-21 22:19:45.072739+00:00,6,2026-09-21 22:33:56.705354+00:00,a14e383569824ca6bce9a4299ffe9a54,Double Scissor Quarantined,Double Scissor Quarantined,Double Scissor Hoist Quarantined,Double Scissor Hoist Quarantined,1700.000000,770.000000,770.000000,1700.0,770.0,770.0,1.7000,0.7700,0.7700,848.000000,848.0000,1.008000,1.008000,1.000000,P,P,False,False,False,False,,0,,[],True,PRODUCT_RECONCILIATION,6e3a0e1c8ff3517bb84f7ae4d15ef4afeeff0dec9c3b9a780abedf9e3ae1e1c5,afc6b53468e22f55c85ce75f7baafc5757aef73d5fdfbe1add0212ae9991ae71,"{""schema"": 1, ""row_action"": ""UPDATE"", ""apply_batch_id"": ""a14e383569824ca6bce9a4299ffe9a54"", ""approved_values"": {""name"": ""Double Scissor Quarantined"", ""width_m"": ""0.7700"", ""cubic_m3"": ""1.008000"", ""height_m"": ""0.7700"", ""length_m"": ""1.7000"", ""weight_kg"": ""848.0000"", ""description"": ""Double Scissor Hoist Quarantined"", ""freight_type"": ""P""}, ""field_decisions"": {""name"": ""SOURCE"", ""cubic"": ""OPERATIONAL"", ""weight"": ""OPERATIONAL"", ""dimensions"": ""OPERATIONAL"", ""description"": ""SOURCE"", ""freight_type"": ""SOURCE""}, ""adopted_operational_state"": false, ""backfilled_from_applied_decision"": true}",Adopted from previously applied decision #182. Recommended initial correction: Source name/description and pallet C/P rule; retain Calculator physical values pending separate review.,2026-09-22 22:35:55.823094+00:00,2026-09-22 22:35:55.822130+00:00,1,SAFE_CANDIDATE,
SM300-Q2,35185,DIFFERENT,TEXT_ONLY,UPDATE,APPLIED,SOURCE,SOURCE,OPERATIONAL,OPERATIONAL,OPERATIONAL,SOURCE,"{""name"": ""SOURCE"", ""cubic"": ""OPERATIONAL"", ""weight"": ""OPERATIONAL"", ""dimensions"": ""OPERATIONAL"", ""description"": ""SOURCE"", ""freight_type"": ""SOURCE""}",{},Recommended initial correction: Source name/description and pallet C/P rule; retain Calculator physical values pending separate review.,6,2026-09-21 22:19:45.074220+00:00,6,2026-09-21 22:33:56.705354+00:00,a14e383569824ca6bce9a4299ffe9a54,Double Scissor Hoist,Double Scissor Hoist,Double Scissor Hoist Quarantined,Double Scissor Hoist Quarantined,1700.000000,770.000000,970.000000,1700.0,770.0,970.0,1.7000,0.7700,0.9700,88.000000,88.0000,1.270000,1.270000,1.000000,P,P,False,False,False,False,,0,,[],True,PRODUCT_RECONCILIATION,fe3d5e47af834292c1a8247f856f7ebedb0fba5d0b1cea6672d358d8521afe69,74a998cb35d016d7e1abcbebb06ba7ff0ef7cd5a8e6cde5a9e878e2479392126,"{""schema"": 1, ""row_action"": ""UPDATE"", ""apply_batch_id"": ""a14e383569824ca6bce9a4299ffe9a54"", ""approved_values"": {""name"": ""Double Scissor Hoist"", ""width_m"": ""0.7700"", ""cubic_m3"": ""1.270000"", ""height_m"": ""0.9700"", ""length_m"": ""1.7000"", ""weight_kg"": ""88.0000"", ""description"": ""Double Scissor Hoist Quarantined"", ""freight_type"": ""P""}, ""field_decisions"": {""name"": ""SOURCE"", ""cubic"": ""OPERATIONAL"", ""weight"": ""OPERATIONAL"", ""dimensions"": ""OPERATIONAL"", ""description"": ""SOURCE"", ""freight_type"": ""SOURCE""}, ""adopted_operational_state"": false, ""backfilled_from_applied_decision"": true}",Adopted from previously applied decision #183. Recommended initial correction: Source name/description and pallet C/P rule; retain Calculator physical values pending separate review.,2026-09-22 22:35:55.826555+00:00,2026-09-22 22:35:55.825617+00:00,1,SAFE_CANDIDATE,
SM30001PH,35186,DIFFERENT,TEXT_ONLY,UPDATE,APPLIED,SOURCE,SOURCE,OPERATIONAL,OPERATIONAL,OPERATIONAL,SOURCE,"{""name"": ""SOURCE"", ""cubic"": ""OPERATIONAL"", ""weight"": ""OPERATIONAL"", ""dimensions"": ""OPERATIONAL"", ""description"": ""SOURCE"", ""freight_type"": ""SOURCE""}",{},Recommended initial correction: Source name/description and pallet C/P rule; retain Calculator physical values pending separate review.,6,2026-09-21 22:19:45.075711+00:00,6,2026-09-21 22:33:56.705354+00:00,a14e383569824ca6bce9a4299ffe9a54,Nussbaum Sprinter Single Phase,Nussbaum Sprinter Single Phase,Nussbaum Sprinter Mobile 3000 Single Phase,Nussbaum Sprinter Mobile 3000 Single Phase,1600.000000,2200.000000,500.000000,1600.0,2200.0,500.0,1.6000,2.2000,0.5000,570.000000,570.0000,1.760000,1.760000,1.000000,P,P,False,False,False,False,,0,,[],True,PRODUCT_RECONCILIATION,5515389039dd6c2e6f05b4d0fc2040e2abd1dc63e05b8319d3577eb614ec1b62,613255765a75067f9adde96623fc2b141c154c0ef5f61c509260a726d769ad35,"{""schema"": 1, ""row_action"": ""UPDATE"", ""apply_batch_id"": ""a14e383569824ca6bce9a4299ffe9a54"", ""approved_values"": {""name"": ""Nussbaum Sprinter Single Phase"", ""width_m"": ""2.2000"", ""cubic_m3"": ""1.760000"", ""height_m"": ""0.5000"", ""length_m"": ""1.6000"", ""weight_kg"": ""570.0000"", ""description"": ""Nussbaum Sprinter Mobile 3000 Single Phase"", ""freight_type"": ""P""}, ""field_decisions"": {""name"": ""SOURCE"", ""cubic"": ""OPERATIONAL"", ""weight"": ""OPERATIONAL"", ""dimensions"": ""OPERATIONAL"", ""description"": ""SOURCE"", ""freight_type"": ""SOURCE""}, ""adopted_operational_state"": false, ""backfilled_from_applied_decision"": true}",Adopted from previously applied decision #184. Recommended initial correction: Source name/description and pallet C/P rule; retain Calculator physical values pending separate review.,2026-09-22 22:35:55.812162+00:00,2026-09-22 22:35:55.810911+00:00,1,SAFE_CANDIDATE,
SM30001PHD,35187,DIFFERENT,TEXT_ONLY,UPDATE,APPLIED,SOURCE,SOURCE,OPERATIONAL,OPERATIONAL,OPERATIONAL,SOURCE,"{""name"": ""SOURCE"", ""cubic"": ""OPERATIONAL"", ""weight"": ""OPERATIONAL"", ""dimensions"": ""OPERATIONAL"", ""description"": ""SOURCE"", ""freight_type"": ""SOURCE""}",{},Recommended initial correction: Source name/description and pallet C/P rule; retain Calculator physical values pending separate review.,6,2026-09-21 22:19:45.077027+00:00,6,2026-09-21 22:33:56.705354+00:00,a14e383569824ca6bce9a4299ffe9a54,Nussbaum Sprinter Single Dmgd,Nussbaum Sprinter Single Dmgd,Nussbaum Sprinter Mobile 3000 Single Phase - Damaged,Nussbaum Sprinter Mobile 3000 Single Phase - Damaged,1600.000000,2200.000000,500.000000,1600.0,2200.0,500.0,1.6000,2.2000,0.5000,570.000000,570.0000,1.760000,1.760000,1.000000,P,P,False,False,False,False,,0,,[],True,PRODUCT_RECONCILIATION,74fa0a02982d65f18b4403c7f34892f4160aebaf0996fc18d91992870783c11b,d4eb716277ab97e53f781542f16c82e4b9a81a9c24c3b7600b235256cf404386,"{""schema"": 1, ""row_action"": ""UPDATE"", ""apply_batch_id"": ""a14e383569824ca6bce9a4299ffe9a54"", ""approved_values"": {""name"": ""Nussbaum Sprinter Single Dmgd"", ""width_m"": ""2.2000"", ""cubic_m3"": ""1.760000"", ""height_m"": ""0.5000"", ""length_m"": ""1.6000"", ""weight_kg"": ""570.0000"", ""description"": ""Nussbaum Sprinter Mobile 3000 Single Phase - Damaged"", ""freight_type"": ""P""}, ""field_decisions"": {""name"": ""SOURCE"", ""cubic"": ""OPERATIONAL"", ""weight"": ""OPERATIONAL"", ""dimensions"": ""OPERATIONAL"", ""description"": ""SOURCE"", ""freight_type"": ""SOURCE""}, ""adopted_operational_state"": false, ""backfilled_from_applied_decision"": true}",Adopted from previously applied decision #185. Recommended initial correction: Source name/description and pallet C/P rule; retain Calculator physical values pending separate review.,2026-09-22 22:35:55.814883+00:00,2026-09-22 22:35:55.814077+00:00,1,SAFE_CANDIDATE,
SM30003PH,35188,DIFFERENT,TEXT_ONLY,UPDATE,APPLIED,SOURCE,SOURCE,OPERATIONAL,OPERATIONAL,OPERATIONAL,SOURCE,"{""name"": ""SOURCE"", ""cubic"": ""OPERATIONAL"", ""weight"": ""OPERATIONAL"", ""dimensions"": ""OPERATIONAL"", ""description"": ""SOURCE"", ""freight_type"": ""SOURCE""}",{},Recommended initial correction: Source name/description and pallet C/P rule; retain Calculator physical values pending separate review.,6,2026-09-21 22:19:45.078327+00:00,6,2026-09-21 22:33:56.705354+00:00,a14e383569824ca6bce9a4299ffe9a54,Nussbaum Sprinter Three Phase,Nussbaum Sprinter Three Phase,Nussbaum Sprinter Mobile 3000 Three Phase,Nussbaum Sprinter Mobile 3000 Three Phase,1600.000000,2200.000000,500.000000,1600.0,2200.0,500.0,1.6000,2.2000,0.5000,570.000000,570.0000,1.760000,1.760000,1.000000,P,P,False,False,False,False,,0,,[],True,PRODUCT_RECONCILIATION,7521ccd41bc2222c51e56688c6a92c21bd1ac5067a00afb4e65eef2d72ccd9a2,ce0c69071587a8581d8d50f48005cb1fe35f3252e0d6490c6f20b7a703f9ec1f,"{""schema"": 1, ""row_action"": ""UPDATE"", ""apply_batch_id"": ""a14e383569824ca6bce9a4299ffe9a54"", ""approved_values"": {""name"": ""Nussbaum Sprinter Three Phase"", ""width_m"": ""2.2000"", ""cubic_m3"": ""1.760000"", ""height_m"": ""0.5000"", ""length_m"": ""1.6000"", ""weight_kg"": ""570.0000"", ""description"": ""Nussbaum Sprinter Mobile 3000 Three Phase"", ""freight_type"": ""P""}, ""field_decisions"": {""name"": ""SOURCE"", ""cubic"": ""OPERATIONAL"", ""weight"": ""OPERATIONAL"", ""dimensions"": ""OPERATIONAL"", ""description"": ""SOURCE"", ""freight_type"": ""SOURCE""}, ""adopted_operational_state"": false, ""backfilled_from_applied_decision"": true}",Adopted from previously applied decision #186. Recommended initial correction: Source name/description and pallet C/P rule; retain Calculator physical values pending separate review.,2026-09-22 22:35:55.817576+00:00,2026-09-22 22:35:55.816725+00:00,1,SAFE_CANDIDATE,
SM300A,35189,DIFFERENT,TEXT_ONLY,UPDATE,APPLIED,SOURCE,SOURCE,OPERATIONAL,OPERATIONAL,OPERATIONAL,SOURCE,"{""name"": ""SOURCE"", ""cubic"": ""OPERATIONAL"", ""weight"": ""OPERATIONAL"", ""dimensions"": ""OPERATIONAL"", ""description"": ""SOURCE"", ""freight_type"": ""SOURCE""}",{},Recommended initial correction: Source name/description and pallet C/P rule; retain Calculator physical values pending separate review.,6,2026-09-21 22:19:45.080080+00:00,6,2026-09-21 22:33:56.705354+00:00,a14e383569824ca6bce9a4299ffe9a54,Double Scissor Hoist Colours,Double Scissor Hoist Colours,Double Scissor Hoist Auto Stenhoj Colours,Double Scissor Hoist Auto Stenhoj Colours,1700.000000,770.000000,770.000000,1700.0,770.0,770.0,1.7000,0.7700,0.7700,848.000000,848.0000,1.008000,1.008000,1.000000,P,P,False,False,False,False,,0,,[],True,PRODUCT_RECONCILIATION,6e4e92ae22b5cbc72812e0ada0fa3d95a025deab3ab0fe6d9bb238b2c698b080,a0d59c69f832a611b2cda0f3b9a1c6c47e1ebddb8244380a49ae87978034354e,"{""schema"": 1, ""row_action"": ""UPDATE"", ""apply_batch_id"": ""a14e383569824ca6bce9a4299ffe9a54"", ""approved_values"": {""name"": ""Double Scissor Hoist Colours"", ""width_m"": ""0.7700"", ""cubic_m3"": ""1.008000"", ""height_m"": ""0.7700"", ""length_m"": ""1.7000"", ""weight_kg"": ""848.0000"", ""description"": ""Double Scissor Hoist Auto Stenhoj Colours"", ""freight_type"": ""P""}, ""field_decisions"": {""name"": ""SOURCE"", ""cubic"": ""OPERATIONAL"", ""weight"": ""OPERATIONAL"", ""dimensions"": ""OPERATIONAL"", ""description"": ""SOURCE"", ""freight_type"": ""SOURCE""}, ""adopted_operational_state"": false, ""backfilled_from_applied_decision"": true}",Adopted from previously applied decision #187. Recommended initial correction: Source name/description and pallet C/P rule; retain Calculator physical values pending separate review.,2026-09-22 22:35:55.820196+00:00,2026-09-22 22:35:55.819394+00:00,1,SAFE_CANDIDATE,
SM300RAL2002,35190,DIFFERENT,TEXT_ONLY,UPDATE,APPLIED,SOURCE,SOURCE,OPERATIONAL,OPERATIONAL,OPERATIONAL,SOURCE,"{""name"": ""SOURCE"", ""cubic"": ""OPERATIONAL"", ""weight"": ""OPERATIONAL"", ""dimensions"": ""OPERATIONAL"", ""description"": ""SOURCE"", ""freight_type"": ""SOURCE""}",{},Recommended initial correction: Source name/description and pallet C/P rule; retain Calculator physical values pending separate review.,6,2026-09-21 22:19:45.081642+00:00,6,2026-09-21 22:33:56.705354+00:00,a14e383569824ca6bce9a4299ffe9a54,Double Scissor Hoist Red,Double Scissor Hoist Red,Double Scissor Hoist Red,Double Scissor Hoist Red,1700.000000,770.000000,770.000000,1700.0,770.0,770.0,1.7000,0.7700,0.7700,848.000000,848.0000,1.008000,1.008000,1.000000,P,P,False,False,False,False,,0,,[],True,PRODUCT_RECONCILIATION,614a232cbe90abf81d8fb5d8bcad792bf1b4d619dacef76ce7b0be24d2ca86fd,4ccd5f43f73ee623138451f416f319abe8bbd17eebb979556993a017e32faf51,"{""schema"": 1, ""row_action"": ""UPDATE"", ""apply_batch_id"": ""a14e383569824ca6bce9a4299ffe9a54"", ""approved_values"": {""name"": ""Double Scissor Hoist Red"", ""width_m"": ""0.7700"", ""cubic_m3"": ""1.008000"", ""height_m"": ""0.7700"", ""length_m"": ""1.7000"", ""weight_kg"": ""848.0000"", ""description"": ""Double Scissor Hoist Red"", ""freight_type"": ""P""}, ""field_decisions"": {""name"": ""SOURCE"", ""cubic"": ""OPERATIONAL"", ""weight"": ""OPERATIONAL"", ""dimensions"": ""OPERATIONAL"", ""description"": ""SOURCE"", ""freight_type"": ""SOURCE""}, ""adopted_operational_state"": false, ""backfilled_from_applied_decision"": true}",Adopted from previously applied decision #188. Recommended initial correction: Source name/description and pallet C/P rule; retain Calculator physical values pending separate review.,2026-09-22 22:35:55.829382+00:00,2026-09-22 22:35:55.828528+00:00,1,SAFE_CANDIDATE,
SM300RAL5002,35191,DIFFERENT,TEXT_ONLY,UPDATE,APPLIED,SOURCE,SOURCE,OPERATIONAL,OPERATIONAL,OPERATIONAL,SOURCE,"{""name"": ""SOURCE"", ""cubic"": ""OPERATIONAL"", ""weight"": ""OPERATIONAL"", ""dimensions"": ""OPERATIONAL"", ""description"": ""SOURCE"", ""freight_type"": ""SOURCE""}",{},Recommended initial correction: Source name/description and pallet C/P rule; retain Calculator physical values pending separate review.,6,2026-09-21 22:19:45.083032+00:00,6,2026-09-21 22:33:56.705354+00:00,a14e383569824ca6bce9a4299ffe9a54,Double Scissor Hoist RAL5002,Double Scissor Hoist RAL5002,Double Scissor Hoist RAL5002,Double Scissor Hoist RAL5002,1700.000000,770.000000,770.000000,1700.0,770.0,770.0,1.7000,0.7700,0.7700,848.000000,848.0000,1.008000,1.008000,1.000000,P,P,False,False,False,False,,0,,[],True,PRODUCT_RECONCILIATION,d75863d9f0e21c1eacb50e30033034cd98710d10cec6928545027f17c8d9dec5,ab8948abf0446369fcf9dcb16ef78e2aeab162e565ae7b8cb5d83bece3d55a86,"{""schema"": 1, ""row_action"": ""UPDATE"", ""apply_batch_id"": ""a14e383569824ca6bce9a4299ffe9a54"", ""approved_values"": {""name"": ""Double Scissor Hoist RAL5002"", ""width_m"": ""0.7700"", ""cubic_m3"": ""1.008000"", ""height_m"": ""0.7700"", ""length_m"": ""1.7000"", ""weight_kg"": ""848.0000"", ""description"": ""Double Scissor Hoist RAL5002"", ""freight_type"": ""P""}, ""field_decisions"": {""name"": ""SOURCE"", ""cubic"": ""OPERATIONAL"", ""weight"": ""OPERATIONAL"", ""dimensions"": ""OPERATIONAL"", ""description"": ""SOURCE"", ""freight_type"": ""SOURCE""}, ""adopted_operational_state"": false, ""backfilled_from_applied_decision"": true}",Adopted from previously applied decision #189. Recommended initial correction: Source name/description and pallet C/P rule; retain Calculator physical values pending separate review.,2026-09-22 22:35:55.832143+00:00,2026-09-22 22:35:55.831365+00:00,1,SAFE_CANDIDATE,
SM300RAL5015,35192,DIFFERENT,TEXT_ONLY,UPDATE,APPLIED,SOURCE,SOURCE,OPERATIONAL,OPERATIONAL,OPERATIONAL,SOURCE,"{""name"": ""SOURCE"", ""cubic"": ""OPERATIONAL"", ""weight"": ""OPERATIONAL"", ""dimensions"": ""OPERATIONAL"", ""description"": ""SOURCE"", ""freight_type"": ""SOURCE""}",{},Recommended initial correction: Source name/description and pallet C/P rule; retain Calculator physical values pending separate review.,6,2026-09-21 22:19:45.084346+00:00,6,2026-09-21 22:33:56.705354+00:00,a14e383569824ca6bce9a4299ffe9a54,Double Scissor Hoist RAL5015,Double Scissor Hoist RAL5015,Double Scissor Hoist RAL5015,Double Scissor Hoist RAL5015,1700.000000,770.000000,770.000000,1700.0,770.0,770.0,1.7000,0.7700,0.7700,848.000000,848.0000,1.008000,1.008000,1.000000,P,P,False,False,False,False,,0,,[],True,PRODUCT_RECONCILIATION,57b03e03fc5e42043651b2c8a17a683dee2601323604e7dcf7b5b554168028b2,ed795d54d63b3b2f164e81070b3b3495e09620f2fd296b8b096cfbd811376016,"{""schema"": 1, ""row_action"": ""UPDATE"", ""apply_batch_id"": ""a14e383569824ca6bce9a4299ffe9a54"", ""approved_values"": {""name"": ""Double Scissor Hoist RAL5015"", ""width_m"": ""0.7700"", ""cubic_m3"": ""1.008000"", ""height_m"": ""0.7700"", ""length_m"": ""1.7000"", ""weight_kg"": ""848.0000"", ""description"": ""Double Scissor Hoist RAL5015"", ""freight_type"": ""P""}, ""field_decisions"": {""name"": ""SOURCE"", ""cubic"": ""OPERATIONAL"", ""weight"": ""OPERATIONAL"", ""dimensions"": ""OPERATIONAL"", ""description"": ""SOURCE"", ""freight_type"": ""SOURCE""}, ""adopted_operational_state"": false, ""backfilled_from_applied_decision"": true}",Adopted from previously applied decision #190. Recommended initial correction: Source name/description and pallet C/P rule; retain Calculator physical values pending separate review.,2026-09-22 22:35:55.836609+00:00,2026-09-22 22:35:55.835631+00:00,1,SAFE_CANDIDATE,
SM300RAL7016,35193,DIFFERENT,TEXT_ONLY,UPDATE,APPLIED,SOURCE,SOURCE,OPERATIONAL,OPERATIONAL,OPERATIONAL,SOURCE,"{""name"": ""SOURCE"", ""cubic"": ""OPERATIONAL"", ""weight"": ""OPERATIONAL"", ""dimensions"": ""OPERATIONAL"", ""description"": ""SOURCE"", ""freight_type"": ""SOURCE""}",{},Recommended initial correction: Source name/description and pallet C/P rule; retain Calculator physical values pending separate review.,6,2026-09-21 22:19:45.085724+00:00,6,2026-09-21 22:33:56.705354+00:00,a14e383569824ca6bce9a4299ffe9a54,Double Scissor Hoist Grey,Double Scissor Hoist Grey,Double Scissor Hoist Grey,Double Scissor Hoist Grey,1700.000000,770.000000,770.000000,1700.0,770.0,770.0,1.7000,0.7700,0.7700,848.000000,848.0000,1.008000,1.008000,1.000000,P,P,False,False,False,False,,0,,[],True,PRODUCT_RECONCILIATION,3395c3446916d0203dcb316534e5e4d352a416c0e8b16cb21d1b08ef0dcec4a1,71d9cba6099f710cb255322267e66ac1ddc3ea4d94db07971c0e72df27a1672f,"{""schema"": 1, ""row_action"": ""UPDATE"", ""apply_batch_id"": ""a14e383569824ca6bce9a4299ffe9a54"", ""approved_values"": {""name"": ""Double Scissor Hoist Grey"", ""width_m"": ""0.7700"", ""cubic_m3"": ""1.008000"", ""height_m"": ""0.7700"", ""length_m"": ""1.7000"", ""weight_kg"": ""848.0000"", ""description"": ""Double Scissor Hoist Grey"", ""freight_type"": ""P""}, ""field_decisions"": {""name"": ""SOURCE"", ""cubic"": ""OPERATIONAL"", ""weight"": ""OPERATIONAL"", ""dimensions"": ""OPERATIONAL"", ""description"": ""SOURCE"", ""freight_type"": ""SOURCE""}, ""adopted_operational_state"": false, ""backfilled_from_applied_decision"": true}",Adopted from previously applied decision #191. Recommended initial correction: Source name/description and pallet C/P rule; retain Calculator physical values pending separate review.,2026-09-22 22:35:55.840068+00:00,2026-09-22 22:35:55.838982+00:00,1,SAFE_CANDIDATE,
SM300RAL9005,35194,DIFFERENT,TEXT_ONLY,UPDATE,APPLIED,SOURCE,SOURCE,OPERATIONAL,OPERATIONAL,OPERATIONAL,SOURCE,"{""name"": ""SOURCE"", ""cubic"": ""OPERATIONAL"", ""weight"": ""OPERATIONAL"", ""dimensions"": ""OPERATIONAL"", ""description"": ""SOURCE"", ""freight_type"": ""SOURCE""}",{},Recommended initial correction: Source name/description and pallet C/P rule; retain Calculator physical values pending separate review.,6,2026-09-21 22:19:45.087168+00:00,6,2026-09-21 22:33:56.705354+00:00,a14e383569824ca6bce9a4299ffe9a54,Double Scissor Hoist Black,Double Scissor Hoist Black,Double Scissor Hoist Auto Stenhoj Black,Double Scissor Hoist Auto Stenhoj Black,1700.000000,770.000000,770.000000,1700.0,770.0,770.0,1.7000,0.7700,0.7700,848.000000,848.0000,1.008000,1.008000,1.000000,P,P,False,False,False,False,,0,,[],True,PRODUCT_RECONCILIATION,1e82e126c610cf20efb0083614fd7fd521839a5d9ff33c6ddb7ee20ebb9a9337,8ac110d0c766cb8faafd780f62bed91a5c5320a939827b656f62e09fd5cdc967,"{""schema"": 1, ""row_action"": ""UPDATE"", ""apply_batch_id"": ""a14e383569824ca6bce9a4299ffe9a54"", ""approved_values"": {""name"": ""Double Scissor Hoist Black"", ""width_m"": ""0.7700"", ""cubic_m3"": ""1.008000"", ""height_m"": ""0.7700"", ""length_m"": ""1.7000"", ""weight_kg"": ""848.0000"", ""description"": ""Double Scissor Hoist Auto Stenhoj Black"", ""freight_type"": ""P""}, ""field_decisions"": {""name"": ""SOURCE"", ""cubic"": ""OPERATIONAL"", ""weight"": ""OPERATIONAL"", ""dimensions"": ""OPERATIONAL"", ""description"": ""SOURCE"", ""freight_type"": ""SOURCE""}, ""adopted_operational_state"": false, ""backfilled_from_applied_decision"": true}",Adopted from previously applied decision #192. Recommended initial correction: Source name/description and pallet C/P rule; retain Calculator physical values pending separate review.,2026-09-22 22:35:55.843447+00:00,2026-09-22 22:35:55.842559+00:00,1,SAFE_CANDIDATE,
SM300TK,35195,DIFFERENT,TEXT_ONLY,UPDATE,APPLIED,SOURCE,SOURCE,OPERATIONAL,OPERATIONAL,OPERATIONAL,SOURCE,"{""name"": ""SOURCE"", ""cubic"": ""OPERATIONAL"", ""weight"": ""OPERATIONAL"", ""dimensions"": ""OPERATIONAL"", ""description"": ""SOURCE"", ""freight_type"": ""SOURCE""}",{},Recommended initial correction: Source name/description and pallet C/P rule; retain Calculator physical values pending separate review.,6,2026-09-21 22:19:45.088496+00:00,6,2026-09-21 22:33:56.705354+00:00,a14e383569824ca6bce9a4299ffe9a54,SM300 Transverse Kit,SM300 Transverse Kit,SM300 Transverse Kit,SM300 Transverse Kit,1580.000000,340.000000,390.000000,1580.0,340.0,390.0,1.5800,0.3400,0.3900,50.000000,50.0000,0.210000,0.210000,1.000000,P,P,False,False,False,False,,0,,[],True,PRODUCT_RECONCILIATION,0c6e92c8597da81195d8b96b9e3d8ce80f3453a9f7b31e42266a6e23d3961690,cc1b7f6726b9db97dc67f6b8062632f67318d592cc51135fdf6dd52c0c3928f6,"{""schema"": 1, ""row_action"": ""UPDATE"", ""apply_batch_id"": ""a14e383569824ca6bce9a4299ffe9a54"", ""approved_values"": {""name"": ""SM300 Transverse Kit"", ""width_m"": ""0.3400"", ""cubic_m3"": ""0.210000"", ""height_m"": ""0.3900"", ""length_m"": ""1.5800"", ""weight_kg"": ""50.0000"", ""description"": ""SM300 Transverse Kit"", ""freight_type"": ""P""}, ""field_decisions"": {""name"": ""SOURCE"", ""cubic"": ""OPERATIONAL"", ""weight"": ""OPERATIONAL"", ""dimensions"": ""OPERATIONAL"", ""description"": ""SOURCE"", ""freight_type"": ""SOURCE""}, ""adopted_operational_state"": false, ""backfilled_from_applied_decision"": true}",Adopted from previously applied decision #193. Recommended initial correction: Source name/description and pallet C/P rule; retain Calculator physical values pending separate review.,2026-09-22 22:35:55.846345+00:00,2026-09-22 22:35:55.845549+00:00,1,SAFE_CANDIDATE,
SM4000-ARAL2002,35196,DIFFERENT,TEXT_ONLY,UPDATE,APPLIED,SOURCE,SOURCE,OPERATIONAL,OPERATIONAL,OPERATIONAL,SOURCE,"{""name"": ""SOURCE"", ""cubic"": ""OPERATIONAL"", ""weight"": ""OPERATIONAL"", ""dimensions"": ""OPERATIONAL"", ""description"": ""SOURCE"", ""freight_type"": ""SOURCE""}",{},Recommended initial correction: Source name/description and pallet C/P rule; retain Calculator physical values pending separate review.,6,2026-09-21 22:19:45.089801+00:00,6,2026-09-21 22:33:56.705354+00:00,a14e383569824ca6bce9a4299ffe9a54,Four Tonne Scissor Hoist Red,Four Tonne Scissor Hoist Red,Four Tonne Scissor Hoist Red,Four Tonne Scissor Hoist Red,4610.000000,700.000000,1700.000000,4610.0,700.0,1700.0,4.6100,0.7000,1.7000,2000.000000,2000.0000,5.486000,5.486000,1.000000,P,P,False,False,False,False,,0,,[],True,PRODUCT_RECONCILIATION,10920c0f6e3ecf7373a35ff0bee2753e985f2bd6dabc5cf798408d63d601da0a,137b418f57b9a6d6e439c8fa92afca257ec3817e73e538d545e28ec37a1ea6eb,"{""schema"": 1, ""row_action"": ""UPDATE"", ""apply_batch_id"": ""a14e383569824ca6bce9a4299ffe9a54"", ""approved_values"": {""name"": ""Four Tonne Scissor Hoist Red"", ""width_m"": ""0.7000"", ""cubic_m3"": ""5.486000"", ""height_m"": ""1.7000"", ""length_m"": ""4.6100"", ""weight_kg"": ""2000.0000"", ""description"": ""Four Tonne Scissor Hoist Red"", ""freight_type"": ""P""}, ""field_decisions"": {""name"": ""SOURCE"", ""cubic"": ""OPERATIONAL"", ""weight"": ""OPERATIONAL"", ""dimensions"": ""OPERATIONAL"", ""description"": ""SOURCE"", ""freight_type"": ""SOURCE""}, ""adopted_operational_state"": false, ""backfilled_from_applied_decision"": true}",Adopted from previously applied decision #194. Recommended initial correction: Source name/description and pallet C/P rule; retain Calculator physical values pending separate review.,2026-09-22 22:35:55.849178+00:00,2026-09-22 22:35:55.848314+00:00,1,SAFE_CANDIDATE,
SM4000-ARAL5015,35197,DIFFERENT,TEXT_ONLY,UPDATE,APPLIED,SOURCE,SOURCE,OPERATIONAL,OPERATIONAL,OPERATIONAL,SOURCE,"{""name"": ""SOURCE"", ""cubic"": ""OPERATIONAL"", ""weight"": ""OPERATIONAL"", ""dimensions"": ""OPERATIONAL"", ""description"": ""SOURCE"", ""freight_type"": ""SOURCE""}",{},Recommended initial correction: Source name/description and pallet C/P rule; retain Calculator physical values pending separate review.,6,2026-09-21 22:19:45.091060+00:00,6,2026-09-21 22:33:56.705354+00:00,a14e383569824ca6bce9a4299ffe9a54,Four Tonne Scissor Hoist Blue,Four Tonne Scissor Hoist Blue,Four Tonne Scissor Hoist Blue,Four Tonne Scissor Hoist Blue,4610.000000,700.000000,1700.000000,4610.0,700.0,1700.0,4.6100,0.7000,1.7000,2000.000000,2000.0000,5.486000,5.486000,1.000000,P,P,False,False,False,False,,0,,[],True,PRODUCT_RECONCILIATION,88f83c5fc0cf7fd277905a6471a43a53c1be4391e91d9310593a2fc4d4df015c,2191c6362f17682fc888187e03157f24e8a2894f339e80dd98d27c3cc8d84eed,"{""schema"": 1, ""row_action"": ""UPDATE"", ""apply_batch_id"": ""a14e383569824ca6bce9a4299ffe9a54"", ""approved_values"": {""name"": ""Four Tonne Scissor Hoist Blue"", ""width_m"": ""0.7000"", ""cubic_m3"": ""5.486000"", ""height_m"": ""1.7000"", ""length_m"": ""4.6100"", ""weight_kg"": ""2000.0000"", ""description"": ""Four Tonne Scissor Hoist Blue"", ""freight_type"": ""P""}, ""field_decisions"": {""name"": ""SOURCE"", ""cubic"": ""OPERATIONAL"", ""weight"": ""OPERATIONAL"", ""dimensions"": ""OPERATIONAL"", ""description"": ""SOURCE"", ""freight_type"": ""SOURCE""}, ""adopted_operational_state"": false, ""backfilled_from_applied_decision"": true}",Adopted from previously applied decision #195. Recommended initial correction: Source name/description and pallet C/P rule; retain Calculator physical values pending separate review.,2026-09-22 22:35:55.852049+00:00,2026-09-22 22:35:55.851181+00:00,1,SAFE_CANDIDATE,
SM4000-COLL-A,35198,DIFFERENT,TEXT_ONLY,UPDATE,APPLIED,SOURCE,SOURCE,OPERATIONAL,OPERATIONAL,OPERATIONAL,SOURCE,"{""name"": ""SOURCE"", ""cubic"": ""OPERATIONAL"", ""weight"": ""OPERATIONAL"", ""dimensions"": ""OPERATIONAL"", ""description"": ""SOURCE"", ""freight_type"": ""SOURCE""}",{},Recommended initial correction: Source name/description and pallet C/P rule; retain Calculator physical values pending separate review.,6,2026-09-21 22:19:45.092348+00:00,6,2026-09-21 22:33:56.705354+00:00,a14e383569824ca6bce9a4299ffe9a54,4T Scissor Hoist Collingwood,4T Scissor Hoist Collingwood,4T Scissor Hoist Collingwood,4T Scissor Hoist Collingwood,4800.000000,810.000000,620.000000,4800.0,810.0,620.0,4.8000,0.8100,0.6200,1800.000000,1800.0000,2.411000,2.411000,1.000000,P,P,False,False,False,False,,0,,[],True,PRODUCT_RECONCILIATION,de44d829b6617aad7875d3ca010de68576f65346525d5cf82edd45cccf48a01a,b14dac3c1c76239ee0b0f44be17d87c418095fddca39af944d5c9107831380d9,"{""schema"": 1, ""row_action"": ""UPDATE"", ""apply_batch_id"": ""a14e383569824ca6bce9a4299ffe9a54"", ""approved_values"": {""name"": ""4T Scissor Hoist Collingwood"", ""width_m"": ""0.8100"", ""cubic_m3"": ""2.411000"", ""height_m"": ""0.6200"", ""length_m"": ""4.8000"", ""weight_kg"": ""1800.0000"", ""description"": ""4T Scissor Hoist Collingwood"", ""freight_type"": ""P""}, ""field_decisions"": {""name"": ""SOURCE"", ""cubic"": ""OPERATIONAL"", ""weight"": ""OPERATIONAL"", ""dimensions"": ""OPERATIONAL"", ""description"": ""SOURCE"", ""freight_type"": ""SOURCE""}, ""adopted_operational_state"": false, ""backfilled_from_applied_decision"": true}",Adopted from previously applied decision #196. Recommended initial correction: Source name/description and pallet C/P rule; retain Calculator physical values pending separate review.,2026-09-22 22:35:55.854948+00:00,2026-09-22 22:35:55.854064+00:00,1,SAFE_CANDIDATE,
SM4000-COLL-B,35199,DIFFERENT,TEXT_ONLY,UPDATE,APPLIED,SOURCE,SOURCE,OPERATIONAL,OPERATIONAL,OPERATIONAL,SOURCE,"{""name"": ""SOURCE"", ""cubic"": ""OPERATIONAL"", ""weight"": ""OPERATIONAL"", ""dimensions"": ""OPERATIONAL"", ""description"": ""SOURCE"", ""freight_type"": ""SOURCE""}",{},Recommended initial correction: Source name/description and pallet C/P rule; retain Calculator physical values pending separate review.,6,2026-09-21 22:19:45.093863+00:00,6,2026-09-21 22:33:56.705354+00:00,a14e383569824ca6bce9a4299ffe9a54,4T Scissor Hoist Collingwood,4T Scissor Hoist Collingwood,4T Scissor Hoist Collingwood,4T Scissor Hoist Collingwood,910.000000,610.000000,1130.000000,910.0,610.0,1130.0,0.9100,0.6100,1.1300,80.000000,80.0000,0.627000,0.627000,1.000000,P,P,False,False,False,False,,0,,[],True,PRODUCT_RECONCILIATION,5dc0ec8e819c79d8153a40851a8ed1234d0b488e141ab7e699751c30ce090b3f,4973bfa98b7f74a94e0c72cf9f63bc5d85ee8a25039333384bb4f56d20b27627,"{""schema"": 1, ""row_action"": ""UPDATE"", ""apply_batch_id"": ""a14e383569824ca6bce9a4299ffe9a54"", ""approved_values"": {""name"": ""4T Scissor Hoist Collingwood"", ""width_m"": ""0.6100"", ""cubic_m3"": ""0.627000"", ""height_m"": ""1.1300"", ""length_m"": ""0.9100"", ""weight_kg"": ""80.0000"", ""description"": ""4T Scissor Hoist Collingwood"", ""freight_type"": ""P""}, ""field_decisions"": {""name"": ""SOURCE"", ""cubic"": ""OPERATIONAL"", ""weight"": ""OPERATIONAL"", ""dimensions"": ""OPERATIONAL"", ""description"": ""SOURCE"", ""freight_type"": ""SOURCE""}, ""adopted_operational_state"": false, ""backfilled_from_applied_decision"": true}",Adopted from previously applied decision #197. Recommended initial correction: Source name/description and pallet C/P rule; retain Calculator physical values pending separate review.,2026-09-22 22:35:55.858466+00:00,2026-09-22 22:35:55.857557+00:00,1,SAFE_CANDIDATE,
SM4120,35204,DIFFERENT,PHYSICAL_DIFFERENCES,UPDATE,APPLIED,SOURCE,SOURCE,OPERATIONAL,OPERATIONAL,OPERATIONAL,SOURCE,"{""name"": ""SOURCE"", ""cubic"": ""OPERATIONAL"", ""weight"": ""OPERATIONAL"", ""dimensions"": ""OPERATIONAL"", ""description"": ""SOURCE"", ""freight_type"": ""SOURCE""}",{},Recommended initial correction: Source name/description and pallet C/P rule; retain Calculator physical values pending separate review.,6,2026-09-21 22:19:45.095221+00:00,6,2026-09-21 22:33:56.705354+00:00,a14e383569824ca6bce9a4299ffe9a54,Four Post Hoist 12T,Four Post Hoist 12T,Four Post Hoist 123T,Four Post Hoist 123T,7300.000000,800.000000,1300.000000,7320.0,800.0,1120.0,7.3200,0.8000,1.1200,3400.000000,3700.0000,7.592000,6.560000,1.000000,P,P,True,True,True,False,,0,,[],True,PRODUCT_RECONCILIATION,4686eac7c276a910e2a8eb4101e5aa053a793fc4a9b8237ec5b6df9d45ad46e6,954b4900eb74bbe926f2efacc4f12ed59a73f9b6ac5a96cb9c8a7b206e97ee8f,"{""schema"": 1, ""row_action"": ""UPDATE"", ""apply_batch_id"": ""a14e383569824ca6bce9a4299ffe9a54"", ""approved_values"": {""name"": ""Four Post Hoist 12T"", ""width_m"": ""0.8000"", ""cubic_m3"": ""6.560000"", ""height_m"": ""1.1200"", ""length_m"": ""7.3200"", ""weight_kg"": ""3700.0000"", ""description"": ""Four Post Hoist 123T"", ""freight_type"": ""P""}, ""field_decisions"": {""name"": ""SOURCE"", ""cubic"": ""OPERATIONAL"", ""weight"": ""OPERATIONAL"", ""dimensions"": ""OPERATIONAL"", ""description"": ""SOURCE"", ""freight_type"": ""SOURCE""}, ""adopted_operational_state"": false, ""backfilled_from_applied_decision"": true}",Adopted from previously applied decision #198. Recommended initial correction: Source name/description and pallet C/P rule; retain Calculator physical values pending separate review.,2026-09-22 22:35:55.861232+00:00,2026-09-22 22:35:55.860364+00:00,1,SAFE_CANDIDATE,
SM440-A,35206,DIFFERENT,TEXT_ONLY,UPDATE,APPLIED,SOURCE,SOURCE,OPERATIONAL,OPERATIONAL,OPERATIONAL,SOURCE,"{""name"": ""SOURCE"", ""cubic"": ""OPERATIONAL"", ""weight"": ""OPERATIONAL"", ""dimensions"": ""OPERATIONAL"", ""description"": ""SOURCE"", ""freight_type"": ""SOURCE""}",{},Recommended initial correction: Source name/description and pallet C/P rule; retain Calculator physical values pending separate review.,6,2026-09-21 22:19:45.096684+00:00,6,2026-09-21 22:33:56.705354+00:00,a14e383569824ca6bce9a4299ffe9a54,4 Post 4 Tonne Wheel Alignment,4 Post 4 Tonne Wheel Alignment,Four Post Four Tonne Wheel Alignment,Four Post Four Tonne Wheel Alignment,4450.000000,700.000000,800.000000,4450.0,700.0,800.0,4.4500,0.7000,0.8000,1550.000000,1550.0000,2.492000,2.492000,1.000000,P,P,False,False,False,False,,0,,[],True,PRODUCT_RECONCILIATION,62e39b15c7e2d06c6bb29fc3ba07774858f8bcbf16bc11201f8e0a86e6e49f9f,9705d2ca7630921bdebefeaea3e51c6b7506b3167dde4133ff2aa4b6ae235a9b,"{""schema"": 1, ""row_action"": ""UPDATE"", ""apply_batch_id"": ""a14e383569824ca6bce9a4299ffe9a54"", ""approved_values"": {""name"": ""4 Post 4 Tonne Wheel Alignment"", ""width_m"": ""0.7000"", ""cubic_m3"": ""2.492000"", ""height_m"": ""0.8000"", ""length_m"": ""4.4500"", ""weight_kg"": ""1550.0000"", ""description"": ""Four Post Four Tonne Wheel Alignment"", ""freight_type"": ""P""}, ""field_decisions"": {""name"": ""SOURCE"", ""cubic"": ""OPERATIONAL"", ""weight"": ""OPERATIONAL"", ""dimensions"": ""OPERATIONAL"", ""description"": ""SOURCE"", ""freight_type"": ""SOURCE""}, ""adopted_operational_state"": false, ""backfilled_from_applied_decision"": true}",Adopted from previously applied decision #199. Recommended initial correction: Source name/description and pallet C/P rule; retain Calculator physical values pending separate review.,2026-09-22 22:35:55.864198+00:00,2026-09-22 22:35:55.863161+00:00,1,SAFE_CANDIDATE,
SM440-A RAL2002,35207,DIFFERENT,TEXT_ONLY,UPDATE,APPLIED,SOURCE,SOURCE,OPERATIONAL,OPERATIONAL,OPERATIONAL,SOURCE,"{""name"": ""SOURCE"", ""cubic"": ""OPERATIONAL"", ""weight"": ""OPERATIONAL"", ""dimensions"": ""OPERATIONAL"", ""description"": ""SOURCE"", ""freight_type"": ""SOURCE""}",{},Recommended initial correction: Source name/description and pallet C/P rule; retain Calculator physical values pending separate review.,6,2026-09-21 22:19:45.098460+00:00,6,2026-09-21 22:33:56.705354+00:00,a14e383569824ca6bce9a4299ffe9a54,4 Post 4 Tn Wheel AlignRAL2002,4 Post 4 Tn Wheel AlignRAL2002,Four Post Four Tonne Wheel Alignment RAL2002,Four Post Four Tonne Wheel Alignment RAL2002,4450.000000,700.000000,800.000000,4450.0,700.0,800.0,4.4500,0.7000,0.8000,1550.000000,1550.0000,2.492000,2.492000,1.000000,P,P,False,False,False,False,,0,,[],True,PRODUCT_RECONCILIATION,ee2cfa7e61304921b8ce4c1837bcaab27fb1296c1561f89ccc17e13d9c11037a,024d5a3cf1d7352d346761c5902755fe7ecba5e2f82075d230798c0906d4b4b8,"{""schema"": 1, ""row_action"": ""UPDATE"", ""apply_batch_id"": ""a14e383569824ca6bce9a4299ffe9a54"", ""approved_values"": {""name"": ""4 Post 4 Tn Wheel AlignRAL2002"", ""width_m"": ""0.7000"", ""cubic_m3"": ""2.492000"", ""height_m"": ""0.8000"", ""length_m"": ""4.4500"", ""weight_kg"": ""1550.0000"", ""description"": ""Four Post Four Tonne Wheel Alignment RAL2002"", ""freight_type"": ""P""}, ""field_decisions"": {""name"": ""SOURCE"", ""cubic"": ""OPERATIONAL"", ""weight"": ""OPERATIONAL"", ""dimensions"": ""OPERATIONAL"", ""description"": ""SOURCE"", ""freight_type"": ""SOURCE""}, ""adopted_operational_state"": false, ""backfilled_from_applied_decision"": true}",Adopted from previously applied decision #200. Recommended initial correction: Source name/description and pallet C/P rule; retain Calculator physical values pending separate review.,2026-09-22 22:35:55.867087+00:00,2026-09-22 22:35:55.866258+00:00,1,SAFE_CANDIDATE,
SM440-A_RAL9005,35211,DIFFERENT,TEXT_ONLY,UPDATE,APPLIED,SOURCE,SOURCE,OPERATIONAL,OPERATIONAL,OPERATIONAL,SOURCE,"{""name"": ""SOURCE"", ""cubic"": ""OPERATIONAL"", ""weight"": ""OPERATIONAL"", ""dimensions"": ""OPERATIONAL"", ""description"": ""SOURCE"", ""freight_type"": ""SOURCE""}",{},Recommended initial correction: Source name/description and pallet C/P rule; retain Calculator physical values pending separate review.,6,2026-09-21 22:19:45.100139+00:00,6,2026-09-21 22:33:56.705354+00:00,a14e383569824ca6bce9a4299ffe9a54,4 Post 4 Tonne W/Align Jet Blk,4 Post 4 Tonne W/Align Jet Blk,Four Post Four Tonne Wheel Alignment Jet Black,Four Post Four Tonne Wheel Alignment Jet Black,4450.000000,700.000000,800.000000,4450.0,700.0,800.0,4.4500,0.7000,0.8000,1550.000000,1550.0000,2.492000,2.492000,1.000000,P,P,False,False,False,False,,0,,[],True,PRODUCT_RECONCILIATION,5669afd04da7a5ebadb311b907472051b3f1ca90fc4973c6007f6708e4d969ea,dd997178a61be430a687475887deb40b3b6834ad43b78c8c042ccabe01095938,"{""schema"": 1, ""row_action"": ""UPDATE"", ""apply_batch_id"": ""a14e383569824ca6bce9a4299ffe9a54"", ""approved_values"": {""name"": ""4 Post 4 Tonne W/Align Jet Blk"", ""width_m"": ""0.7000"", ""cubic_m3"": ""2.492000"", ""height_m"": ""0.8000"", ""length_m"": ""4.4500"", ""weight_kg"": ""1550.0000"", ""description"": ""Four Post Four Tonne Wheel Alignment Jet Black"", ""freight_type"": ""P""}, ""field_decisions"": {""name"": ""SOURCE"", ""cubic"": ""OPERATIONAL"", ""weight"": ""OPERATIONAL"", ""dimensions"": ""OPERATIONAL"", ""description"": ""SOURCE"", ""freight_type"": ""SOURCE""}, ""adopted_operational_state"": false, ""backfilled_from_applied_decision"": true}",Adopted from previously applied decision #201. Recommended initial correction: Source name/description and pallet C/P rule; retain Calculator physical values pending separate review.,2026-09-22 22:35:55.872840+00:00,2026-09-22 22:35:55.871841+00:00,1,SAFE_CANDIDATE,
SM440-S,35212,DIFFERENT,TEXT_ONLY,UPDATE,APPLIED,SOURCE,SOURCE,OPERATIONAL,OPERATIONAL,OPERATIONAL,SOURCE,"{""name"": ""SOURCE"", ""cubic"": ""OPERATIONAL"", ""weight"": ""OPERATIONAL"", ""dimensions"": ""OPERATIONAL"", ""description"": ""SOURCE"", ""freight_type"": ""SOURCE""}",{},Recommended initial correction: Source name/description and pallet C/P rule; retain Calculator physical values pending separate review.,6,2026-09-21 22:19:45.101585+00:00,6,2026-09-21 22:33:56.705354+00:00,a14e383569824ca6bce9a4299ffe9a54,4 Post 4 Tonne Hoist,4 Post 4 Tonne Hoist,4 Post 4 Tonne Hoist,4 Post 4 Tonne Hoist,4600.000000,700.000000,700.000000,4600.0,700.0,700.0,4.6000,0.7000,0.7000,1330.000000,1330.0000,2.254000,2.254000,1.000000,P,P,False,False,False,False,,0,,[],True,PRODUCT_RECONCILIATION,74cf2f534db9cc9af88f3271448466f581ae3bdada27a48e7af52f1af9efe5f3,37b9127fb49c675ab37a80d195fcfd8259fafecb7574f2d86a07d3b137d0c936,"{""schema"": 1, ""row_action"": ""UPDATE"", ""apply_batch_id"": ""a14e383569824ca6bce9a4299ffe9a54"", ""approved_values"": {""name"": ""4 Post 4 Tonne Hoist"", ""width_m"": ""0.7000"", ""cubic_m3"": ""2.254000"", ""height_m"": ""0.7000"", ""length_m"": ""4.6000"", ""weight_kg"": ""1330.0000"", ""description"": ""4 Post 4 Tonne Hoist"", ""freight_type"": ""P""}, ""field_decisions"": {""name"": ""SOURCE"", ""cubic"": ""OPERATIONAL"", ""weight"": ""OPERATIONAL"", ""dimensions"": ""OPERATIONAL"", ""description"": ""SOURCE"", ""freight_type"": ""SOURCE""}, ""adopted_operational_state"": false, ""backfilled_from_applied_decision"": true}",Adopted from previously applied decision #202. Recommended initial correction: Source name/description and pallet C/P rule; retain Calculator physical values pending separate review.,2026-09-22 22:35:55.875829+00:00,2026-09-22 22:35:55.874979+00:00,1,SAFE_CANDIDATE,
SM440-S WB-G GAV,35213,DIFFERENT,TEXT_ONLY,UPDATE,APPLIED,SOURCE,SOURCE,OPERATIONAL,OPERATIONAL,OPERATIONAL,SOURCE,"{""name"": ""SOURCE"", ""cubic"": ""OPERATIONAL"", ""weight"": ""OPERATIONAL"", ""dimensions"": ""OPERATIONAL"", ""description"": ""SOURCE"", ""freight_type"": ""SOURCE""}",{},Recommended initial correction: Source name/description and pallet C/P rule; retain Calculator physical values pending separate review.,6,2026-09-21 22:19:45.102867+00:00,6,2026-09-21 22:33:56.705354+00:00,a14e383569824ca6bce9a4299ffe9a54,4 Post 4 Tonne Galv Hoist,4 Post 4 Tonne Galv Hoist,4 Post 4 Tonne Galv Hoist,4 Post 4 Tonne Galv Hoist,4600.000000,700.000000,700.000000,4600.0,700.0,700.0,4.6000,0.7000,0.7000,1330.000000,1330.0000,2.254000,2.254000,1.000000,P,P,False,False,False,False,,0,,[],True,PRODUCT_RECONCILIATION,8bd0fa9ea59d8b41764a543d0efca1d1774229abbdef0e0601185c3fe877e408,ca80306305dffc30aa9b4b22426696500ae2948505640185cfcb1289d806ad57,"{""schema"": 1, ""row_action"": ""UPDATE"", ""apply_batch_id"": ""a14e383569824ca6bce9a4299ffe9a54"", ""approved_values"": {""name"": ""4 Post 4 Tonne Galv Hoist"", ""width_m"": ""0.7000"", ""cubic_m3"": ""2.254000"", ""height_m"": ""0.7000"", ""length_m"": ""4.6000"", ""weight_kg"": ""1330.0000"", ""description"": ""4 Post 4 Tonne Galv Hoist"", ""freight_type"": ""P""}, ""field_decisions"": {""name"": ""SOURCE"", ""cubic"": ""OPERATIONAL"", ""weight"": ""OPERATIONAL"", ""dimensions"": ""OPERATIONAL"", ""description"": ""SOURCE"", ""freight_type"": ""SOURCE""}, ""adopted_operational_state"": false, ""backfilled_from_applied_decision"": true}",Adopted from previously applied decision #203. Recommended initial correction: Source name/description and pallet C/P rule; retain Calculator physical values pending separate review.,2026-09-22 22:35:55.898813+00:00,2026-09-22 22:35:55.897807+00:00,1,SAFE_CANDIDATE,
SM440-S/3PH,35216,DIFFERENT,TEXT_ONLY,UPDATE,APPLIED,SOURCE,SOURCE,OPERATIONAL,OPERATIONAL,OPERATIONAL,SOURCE,"{""name"": ""SOURCE"", ""cubic"": ""OPERATIONAL"", ""weight"": ""OPERATIONAL"", ""dimensions"": ""OPERATIONAL"", ""description"": ""SOURCE"", ""freight_type"": ""SOURCE""}",{},Recommended initial correction: Source name/description and pallet C/P rule; retain Calculator physical values pending separate review.,6,2026-09-21 22:19:45.104232+00:00,6,2026-09-21 22:33:56.705354+00:00,a14e383569824ca6bce9a4299ffe9a54,4 Post 4 Tonne Hoist Maroon,4 Post 4 Tonne Hoist Maroon,4 Post 4 Tonne Hoist Maroon,4 Post 4 Tonne Hoist Maroon,4520.000000,620.000000,700.000000,4520.0,620.0,700.0,4.5200,0.6200,0.7000,1200.000000,1200.0000,1.962000,1.962000,1.000000,P,P,False,False,False,False,,0,,[],True,PRODUCT_RECONCILIATION,0c2eca5f1bb4a97e989b294e1bbf25bfbd707d0ef6cd877dffa1ed51343ddb30,e2856924321cd1dd7109cdb5a9d1f91e4243319d8efe95e521065cb295d95109,"{""schema"": 1, ""row_action"": ""UPDATE"", ""apply_batch_id"": ""a14e383569824ca6bce9a4299ffe9a54"", ""approved_values"": {""name"": ""4 Post 4 Tonne Hoist Maroon"", ""width_m"": ""0.6200"", ""cubic_m3"": ""1.962000"", ""height_m"": ""0.7000"", ""length_m"": ""4.5200"", ""weight_kg"": ""1200.0000"", ""description"": ""4 Post 4 Tonne Hoist Maroon"", ""freight_type"": ""P""}, ""field_decisions"": {""name"": ""SOURCE"", ""cubic"": ""OPERATIONAL"", ""weight"": ""OPERATIONAL"", ""dimensions"": ""OPERATIONAL"", ""description"": ""SOURCE"", ""freight_type"": ""SOURCE""}, ""adopted_operational_state"": false, ""backfilled_from_applied_decision"": true}",Adopted from previously applied decision #204. Recommended initial correction: Source name/description and pallet C/P rule; retain Calculator physical values pending separate review.,2026-09-22 22:35:55.878610+00:00,2026-09-22 22:35:55.877796+00:00,1,SAFE_CANDIDATE,
SM440-SGALV,35217,DIFFERENT,TEXT_ONLY,UPDATE,APPLIED,SOURCE,SOURCE,OPERATIONAL,OPERATIONAL,OPERATIONAL,SOURCE,"{""name"": ""SOURCE"", ""cubic"": ""OPERATIONAL"", ""weight"": ""OPERATIONAL"", ""dimensions"": ""OPERATIONAL"", ""description"": ""SOURCE"", ""freight_type"": ""SOURCE""}",{},Recommended initial correction: Source name/description and pallet C/P rule; retain Calculator physical values pending separate review.,6,2026-09-21 22:19:45.105651+00:00,6,2026-09-21 22:33:56.705354+00:00,a14e383569824ca6bce9a4299ffe9a54,4 Post 4 Tonne Galv Hoist,4 Post 4 Tonne Galv Hoist,4 Post 4 Tonne Galv Hoist,4 Post 4 Tonne Galv Hoist,4520.000000,620.000000,700.000000,4520.0,620.0,700.0,4.5200,0.6200,0.7000,1200.000000,1200.0000,1.962000,1.962000,1.000000,P,P,False,False,False,False,,0,,[],True,PRODUCT_RECONCILIATION,b95334838c7d93d8afd6a4ff5fc192ee036f46f7a5fc6cf38b42c1aa20d55b01,e6392f46a220de8ddcc1e33ec7e69dedc6b6073a9c6ea9da8420a150d603bb87,"{""schema"": 1, ""row_action"": ""UPDATE"", ""apply_batch_id"": ""a14e383569824ca6bce9a4299ffe9a54"", ""approved_values"": {""name"": ""4 Post 4 Tonne Galv Hoist"", ""width_m"": ""0.6200"", ""cubic_m3"": ""1.962000"", ""height_m"": ""0.7000"", ""length_m"": ""4.5200"", ""weight_kg"": ""1200.0000"", ""description"": ""4 Post 4 Tonne Galv Hoist"", ""freight_type"": ""P""}, ""field_decisions"": {""name"": ""SOURCE"", ""cubic"": ""OPERATIONAL"", ""weight"": ""OPERATIONAL"", ""dimensions"": ""OPERATIONAL"", ""description"": ""SOURCE"", ""freight_type"": ""SOURCE""}, ""adopted_operational_state"": false, ""backfilled_from_applied_decision"": true}",Adopted from previously applied decision #205. Recommended initial correction: Source name/description and pallet C/P rule; retain Calculator physical values pending separate review.,2026-09-22 22:35:55.882392+00:00,2026-09-22 22:35:55.881459+00:00,1,SAFE_CANDIDATE,
SM440-SWB,35218,DIFFERENT,TEXT_ONLY,UPDATE,APPLIED,SOURCE,SOURCE,OPERATIONAL,OPERATIONAL,OPERATIONAL,SOURCE,"{""name"": ""SOURCE"", ""cubic"": ""OPERATIONAL"", ""weight"": ""OPERATIONAL"", ""dimensions"": ""OPERATIONAL"", ""description"": ""SOURCE"", ""freight_type"": ""SOURCE""}",{},Recommended initial correction: Source name/description and pallet C/P rule; retain Calculator physical values pending separate review.,6,2026-09-21 22:19:45.106893+00:00,6,2026-09-21 22:33:56.705354+00:00,a14e383569824ca6bce9a4299ffe9a54,4 Post 4 Tonne Wash Bay Hoist,4 Post 4 Tonne Wash Bay Hoist,4 Post 4 Tonne Wash Bay Hoist,4 Post 4 Tonne Wash Bay Hoist,4520.000000,620.000000,700.000000,4520.0,620.0,700.0,4.5200,0.6200,0.7000,1200.000000,1200.0000,1.962000,1.962000,1.000000,P,P,False,False,False,False,,0,,[],True,PRODUCT_RECONCILIATION,b99ee49c328c0a4668b4f0ceb7b5a62fb33509df56d506ae183ecd2b4594d3e4,1b8709dc9c1d877bba4d02e966622d0236428c24edc90f44c1040e64bc10eb2b,"{""schema"": 1, ""row_action"": ""UPDATE"", ""apply_batch_id"": ""a14e383569824ca6bce9a4299ffe9a54"", ""approved_values"": {""name"": ""4 Post 4 Tonne Wash Bay Hoist"", ""width_m"": ""0.6200"", ""cubic_m3"": ""1.962000"", ""height_m"": ""0.7000"", ""length_m"": ""4.5200"", ""weight_kg"": ""1200.0000"", ""description"": ""4 Post 4 Tonne Wash Bay Hoist"", ""freight_type"": ""P""}, ""field_decisions"": {""name"": ""SOURCE"", ""cubic"": ""OPERATIONAL"", ""weight"": ""OPERATIONAL"", ""dimensions"": ""OPERATIONAL"", ""description"": ""SOURCE"", ""freight_type"": ""SOURCE""}, ""adopted_operational_state"": false, ""backfilled_from_applied_decision"": true}",Adopted from previously applied decision #206. Recommended initial correction: Source name/description and pallet C/P rule; retain Calculator physical values pending separate review.,2026-09-22 22:35:55.895383+00:00,2026-09-22 22:35:55.894265+00:00,1,SAFE_CANDIDATE,
SM440-S_RAL2002,35219,DIFFERENT,PHYSICAL_DIFFERENCES,UPDATE,APPLIED,SOURCE,SOURCE,OPERATIONAL,OPERATIONAL,OPERATIONAL,SOURCE,"{""name"": ""SOURCE"", ""cubic"": ""OPERATIONAL"", ""weight"": ""OPERATIONAL"", ""dimensions"": ""OPERATIONAL"", ""description"": ""SOURCE"", ""freight_type"": ""SOURCE""}",{},Recommended initial correction: Source name/description and pallet C/P rule; retain Calculator physical values pending separate review.,6,2026-09-21 22:19:45.108119+00:00,6,2026-09-21 22:33:56.705354+00:00,a14e383569824ca6bce9a4299ffe9a54,4 Post 4 Tonne Hoist Red,4 Post 4 Tonne Hoist Red,4 Post 4 Tonne Hoist Red,4 Post 4 Tonne Hoist Red,4600.000000,700.000000,700.000000,4520.0,620.0,700.0,4.5200,0.6200,0.7000,1330.000000,1200.0000,2.254000,1.962000,1.000000,P,P,True,True,True,False,,0,,[],True,PRODUCT_RECONCILIATION,0c3b18add65f50b82bc3ed42d79df5bb4cc5607e35eccaf320da6b5247531e03,8fece53529c078adcd984c5b5d33052a16199004322a38e3472032306fa77cae,"{""schema"": 1, ""row_action"": ""UPDATE"", ""apply_batch_id"": ""a14e383569824ca6bce9a4299ffe9a54"", ""approved_values"": {""name"": ""4 Post 4 Tonne Hoist Red"", ""width_m"": ""0.6200"", ""cubic_m3"": ""1.962000"", ""height_m"": ""0.7000"", ""length_m"": ""4.5200"", ""weight_kg"": ""1200.0000"", ""description"": ""4 Post 4 Tonne Hoist Red"", ""freight_type"": ""P""}, ""field_decisions"": {""name"": ""SOURCE"", ""cubic"": ""OPERATIONAL"", ""weight"": ""OPERATIONAL"", ""dimensions"": ""OPERATIONAL"", ""description"": ""SOURCE"", ""freight_type"": ""SOURCE""}, ""adopted_operational_state"": false, ""backfilled_from_applied_decision"": true}",Adopted from previously applied decision #207. Recommended initial correction: Source name/description and pallet C/P rule; retain Calculator physical values pending separate review.,2026-09-22 22:35:55.885991+00:00,2026-09-22 22:35:55.884668+00:00,1,SAFE_CANDIDATE,
SM440-S_RAL9005,35220,DIFFERENT,TEXT_ONLY,UPDATE,APPLIED,SOURCE,SOURCE,OPERATIONAL,OPERATIONAL,OPERATIONAL,SOURCE,"{""name"": ""SOURCE"", ""cubic"": ""OPERATIONAL"", ""weight"": ""OPERATIONAL"", ""dimensions"": ""OPERATIONAL"", ""description"": ""SOURCE"", ""freight_type"": ""SOURCE""}",{},Recommended initial correction: Source name/description and pallet C/P rule; retain Calculator physical values pending separate review.,6,2026-09-21 22:19:45.109749+00:00,6,2026-09-21 22:33:56.705354+00:00,a14e383569824ca6bce9a4299ffe9a54,4 Post 4 Tonne Hoist Jet Black,4 Post 4 Tonne Hoist Jet Black,4 Post 4 Tonne Hoist Jet Black,4 Post 4 Tonne Hoist Jet Black,4520.000000,620.000000,700.000000,4520.0,620.0,700.0,4.5200,0.6200,0.7000,1200.000000,1200.0000,1.962000,1.962000,1.000000,P,P,False,False,False,False,,0,,[],True,PRODUCT_RECONCILIATION,fc6456e518530a75ba05c73941da4dd69223653cff0dc4fd9a17b9e8f0598352,a9a4aa33fe25fe6807a65e112e22f2a02adce90afc5800da01893109eb53cbd8,"{""schema"": 1, ""row_action"": ""UPDATE"", ""apply_batch_id"": ""a14e383569824ca6bce9a4299ffe9a54"", ""approved_values"": {""name"": ""4 Post 4 Tonne Hoist Jet Black"", ""width_m"": ""0.6200"", ""cubic_m3"": ""1.962000"", ""height_m"": ""0.7000"", ""length_m"": ""4.5200"", ""weight_kg"": ""1200.0000"", ""description"": ""4 Post 4 Tonne Hoist Jet Black"", ""freight_type"": ""P""}, ""field_decisions"": {""name"": ""SOURCE"", ""cubic"": ""OPERATIONAL"", ""weight"": ""OPERATIONAL"", ""dimensions"": ""OPERATIONAL"", ""description"": ""SOURCE"", ""freight_type"": ""SOURCE""}, ""adopted_operational_state"": false, ""backfilled_from_applied_decision"": true}",Adopted from previously applied decision #208. Recommended initial correction: Source name/description and pallet C/P rule; retain Calculator physical values pending separate review.,2026-09-22 22:35:55.890502+00:00,2026-09-22 22:35:55.889376+00:00,1,SAFE_CANDIDATE,
SM450,35222,DIFFERENT,TEXT_ONLY,UPDATE,APPLIED,SOURCE,SOURCE,OPERATIONAL,OPERATIONAL,OPERATIONAL,SOURCE,"{""name"": ""SOURCE"", ""cubic"": ""OPERATIONAL"", ""weight"": ""OPERATIONAL"", ""dimensions"": ""OPERATIONAL"", ""description"": ""SOURCE"", ""freight_type"": ""SOURCE""}",{},Recommended initial correction: Source name/description and pallet C/P rule; retain Calculator physical values pending separate review.,6,2026-09-21 22:19:45.111057+00:00,6,2026-09-21 22:33:56.705354+00:00,a14e383569824ca6bce9a4299ffe9a54,Four Post Hoist - Red,Four Post Hoist - Red,Four Post Hoist- Red,Four Post Hoist- Red,4660.000000,710.000000,1010.000000,4660.0,710.0,1010.0,4.6600,0.7100,1.0100,1760.000000,1760.0000,3.342000,3.342000,1.000000,P,P,False,False,False,False,,0,,[],True,PRODUCT_RECONCILIATION,617a732508fa9a6274f80ecd837c523b4c948e0654a089c1bb348d07a4b480c0,cd0b2322745b417f9536a4a718b9fa541cbf30c1624ce3183d359beb1399021a,"{""schema"": 1, ""row_action"": ""UPDATE"", ""apply_batch_id"": ""a14e383569824ca6bce9a4299ffe9a54"", ""approved_values"": {""name"": ""Four Post Hoist - Red"", ""width_m"": ""0.7100"", ""cubic_m3"": ""3.342000"", ""height_m"": ""1.0100"", ""length_m"": ""4.6600"", ""weight_kg"": ""1760.0000"", ""description"": ""Four Post Hoist- Red"", ""freight_type"": ""P""}, ""field_decisions"": {""name"": ""SOURCE"", ""cubic"": ""OPERATIONAL"", ""weight"": ""OPERATIONAL"", ""dimensions"": ""OPERATIONAL"", ""description"": ""SOURCE"", ""freight_type"": ""SOURCE""}, ""adopted_operational_state"": false, ""backfilled_from_applied_decision"": true}",Adopted from previously applied decision #209. Recommended initial correction: Source name/description and pallet C/P rule; retain Calculator physical values pending separate review.,2026-09-22 22:35:55.902671+00:00,2026-09-22 22:35:55.901261+00:00,1,SAFE_CANDIDATE,
SM450-A,35223,DIFFERENT,TEXT_ONLY,UPDATE,APPLIED,SOURCE,SOURCE,OPERATIONAL,OPERATIONAL,OPERATIONAL,SOURCE,"{""name"": ""SOURCE"", ""cubic"": ""OPERATIONAL"", ""weight"": ""OPERATIONAL"", ""dimensions"": ""OPERATIONAL"", ""description"": ""SOURCE"", ""freight_type"": ""SOURCE""}",{},Recommended initial correction: Source name/description and pallet C/P rule; retain Calculator physical values pending separate review.,6,2026-09-21 22:19:45.112300+00:00,6,2026-09-21 22:33:56.705354+00:00,a14e383569824ca6bce9a4299ffe9a54,Four Post Hoist -,Four Post Hoist -,Four Post Hoist - Colour Ref in Serial Number,Four Post Hoist - Colour Ref in Serial Number,4700.000000,750.000000,1050.000000,4700.0,750.0,1050.0,4.7000,0.7500,1.0500,1750.000000,1750.0000,3.701000,3.701000,1.000000,P,P,False,False,False,False,,0,,[],True,PRODUCT_RECONCILIATION,0bbb9aa70e31a2f7ece774efa513164deaf56614adca2db19a92e0f07a748ce0,aa7d33cbe2bf2d96d4681902f58fd5ecce7ba8846ac90b9a41372b300445d1e3,"{""schema"": 1, ""row_action"": ""UPDATE"", ""apply_batch_id"": ""a14e383569824ca6bce9a4299ffe9a54"", ""approved_values"": {""name"": ""Four Post Hoist -"", ""width_m"": ""0.7500"", ""cubic_m3"": ""3.701000"", ""height_m"": ""1.0500"", ""length_m"": ""4.7000"", ""weight_kg"": ""1750.0000"", ""description"": ""Four Post Hoist - Colour Ref in Serial Number"", ""freight_type"": ""P""}, ""field_decisions"": {""name"": ""SOURCE"", ""cubic"": ""OPERATIONAL"", ""weight"": ""OPERATIONAL"", ""dimensions"": ""OPERATIONAL"", ""description"": ""SOURCE"", ""freight_type"": ""SOURCE""}, ""adopted_operational_state"": false, ""backfilled_from_applied_decision"": true}",Adopted from previously applied decision #210. Recommended initial correction: Source name/description and pallet C/P rule; retain Calculator physical values pending separate review.,2026-09-22 22:35:55.907403+00:00,2026-09-22 22:35:55.906326+00:00,1,SAFE_CANDIDATE,
SM450-A/3PH,35226,DIFFERENT,SOURCE_DIMENSIONS_ZERO,UPDATE,APPLIED,SOURCE,SOURCE,OPERATIONAL,OPERATIONAL,OPERATIONAL,SOURCE,"{""name"": ""SOURCE"", ""cubic"": ""OPERATIONAL"", ""weight"": ""OPERATIONAL"", ""dimensions"": ""OPERATIONAL"", ""description"": ""SOURCE"", ""freight_type"": ""SOURCE""}",{},Recommended initial correction: Source name/description and pallet C/P rule; retain Calculator physical values pending separate review.,6,2026-09-21 22:19:45.113706+00:00,6,2026-09-21 22:33:56.705354+00:00,a14e383569824ca6bce9a4299ffe9a54,Four Post Hoist - Red,Four Post Hoist - Red,Four Post Hoist - Red,Four Post Hoist - Red,0.000000,0.000000,0.000000,4700.0,750.0,1050.0,4.7000,0.7500,1.0500,1750.000000,1750.0000,3.702000,3.702000,1.000000,P,P,True,False,False,False,,0,,[],True,PRODUCT_RECONCILIATION,f61ce08ada19087b3cdfe1dcd2c7232090800c178043d157187050cca1c1a505,a4c14d8c57d034ba58c3fdb8b7ec941bc72f6534500b0a2d2cd25228938d71d0,"{""schema"": 1, ""row_action"": ""UPDATE"", ""apply_batch_id"": ""a14e383569824ca6bce9a4299ffe9a54"", ""approved_values"": {""name"": ""Four Post Hoist - Red"", ""width_m"": ""0.7500"", ""cubic_m3"": ""3.702000"", ""height_m"": ""1.0500"", ""length_m"": ""4.7000"", ""weight_kg"": ""1750.0000"", ""description"": ""Four Post Hoist - Red"", ""freight_type"": ""P""}, ""field_decisions"": {""name"": ""SOURCE"", ""cubic"": ""OPERATIONAL"", ""weight"": ""OPERATIONAL"", ""dimensions"": ""OPERATIONAL"", ""description"": ""SOURCE"", ""freight_type"": ""SOURCE""}, ""adopted_operational_state"": false, ""backfilled_from_applied_decision"": true}",Adopted from previously applied decision #211. Recommended initial correction: Source name/description and pallet C/P rule; retain Calculator physical values pending separate review.,2026-09-22 22:35:55.916364+00:00,2026-09-22 22:35:55.915425+00:00,1,SAFE_CANDIDATE,
SM450-ARAL2002,35227,DIFFERENT,TEXT_ONLY,UPDATE,APPLIED,SOURCE,SOURCE,OPERATIONAL,OPERATIONAL,OPERATIONAL,SOURCE,"{""name"": ""SOURCE"", ""cubic"": ""OPERATIONAL"", ""weight"": ""OPERATIONAL"", ""dimensions"": ""OPERATIONAL"", ""description"": ""SOURCE"", ""freight_type"": ""SOURCE""}",{},Recommended initial correction: Source name/description and pallet C/P rule; retain Calculator physical values pending separate review.,6,2026-09-21 22:19:45.115276+00:00,6,2026-09-21 22:33:56.705354+00:00,a14e383569824ca6bce9a4299ffe9a54,Four Post Hoist - RAL2002,Four Post Hoist - RAL2002,Four Post Hoist - RAL2002,Four Post Hoist - RAL2002,4700.000000,750.000000,1050.000000,4700.0,750.0,1050.0,4.7000,0.7500,1.0500,1750.000000,1750.0000,3.701000,3.701000,1.000000,P,P,False,False,False,False,,0,,[],True,PRODUCT_RECONCILIATION,cc61a832ca4a4c1d5f61e71247c9169d870a291a52fee2b53418993de9033fb6,ae1b9f1c07650db6de9ef1a648416b1291ec8bda129c4e3c56b7c87f11c676a3,"{""schema"": 1, ""row_action"": ""UPDATE"", ""apply_batch_id"": ""a14e383569824ca6bce9a4299ffe9a54"", ""approved_values"": {""name"": ""Four Post Hoist - RAL2002"", ""width_m"": ""0.7500"", ""cubic_m3"": ""3.701000"", ""height_m"": ""1.0500"", ""length_m"": ""4.7000"", ""weight_kg"": ""1750.0000"", ""description"": ""Four Post Hoist - RAL2002"", ""freight_type"": ""P""}, ""field_decisions"": {""name"": ""SOURCE"", ""cubic"": ""OPERATIONAL"", ""weight"": ""OPERATIONAL"", ""dimensions"": ""OPERATIONAL"", ""description"": ""SOURCE"", ""freight_type"": ""SOURCE""}, ""adopted_operational_state"": false, ""backfilled_from_applied_decision"": true}",Adopted from previously applied decision #212. Recommended initial correction: Source name/description and pallet C/P rule; retain Calculator physical values pending separate review.,2026-09-22 22:35:55.919291+00:00,2026-09-22 22:35:55.918448+00:00,1,SAFE_CANDIDATE,
SM450-ARAL5002,35228,DIFFERENT,SOURCE_DIMENSIONS_ZERO,UPDATE,APPLIED,SOURCE,SOURCE,OPERATIONAL,OPERATIONAL,OPERATIONAL,SOURCE,"{""name"": ""SOURCE"", ""cubic"": ""OPERATIONAL"", ""weight"": ""OPERATIONAL"", ""dimensions"": ""OPERATIONAL"", ""description"": ""SOURCE"", ""freight_type"": ""SOURCE""}",{},Recommended initial correction: Source name/description and pallet C/P rule; retain Calculator physical values pending separate review.,6,2026-09-21 22:19:45.116710+00:00,6,2026-09-21 22:33:56.705354+00:00,a14e383569824ca6bce9a4299ffe9a54,Four Post Hoist - RAL5002,Four Post Hoist - RAL5002,Four Post Hoist - RAL5002,Four Post Hoist - RAL5002,0.000000,0.000000,0.000000,4700.0,750.0,1050.0,4.7000,0.7500,1.0500,1750.000000,1750.0000,3.702000,3.702000,1.000000,P,P,True,False,False,False,,0,,[],True,PRODUCT_RECONCILIATION,b50bb754ab3b70c712240ca127ebc314918b1be3dde0d08aed8a26a17ba4af98,0d1aadf507e62a42627f377364c62581a8373e43fec924207b4cf9547f0b743b,"{""schema"": 1, ""row_action"": ""UPDATE"", ""apply_batch_id"": ""a14e383569824ca6bce9a4299ffe9a54"", ""approved_values"": {""name"": ""Four Post Hoist - RAL5002"", ""width_m"": ""0.7500"", ""cubic_m3"": ""3.702000"", ""height_m"": ""1.0500"", ""length_m"": ""4.7000"", ""weight_kg"": ""1750.0000"", ""description"": ""Four Post Hoist - RAL5002"", ""freight_type"": ""P""}, ""field_decisions"": {""name"": ""SOURCE"", ""cubic"": ""OPERATIONAL"", ""weight"": ""OPERATIONAL"", ""dimensions"": ""OPERATIONAL"", ""description"": ""SOURCE"", ""freight_type"": ""SOURCE""}, ""adopted_operational_state"": false, ""backfilled_from_applied_decision"": true}",Adopted from previously applied decision #213. Recommended initial correction: Source name/description and pallet C/P rule; retain Calculator physical values pending separate review.,2026-09-22 22:35:55.922503+00:00,2026-09-22 22:35:55.921567+00:00,1,SAFE_CANDIDATE,
SM450-ARAL5015,35229,DIFFERENT,SOURCE_DIMENSIONS_ZERO,UPDATE,APPLIED,SOURCE,SOURCE,OPERATIONAL,OPERATIONAL,OPERATIONAL,SOURCE,"{""name"": ""SOURCE"", ""cubic"": ""OPERATIONAL"", ""weight"": ""OPERATIONAL"", ""dimensions"": ""OPERATIONAL"", ""description"": ""SOURCE"", ""freight_type"": ""SOURCE""}",{},Recommended initial correction: Source name/description and pallet C/P rule; retain Calculator physical values pending separate review.,6,2026-09-21 22:19:45.118069+00:00,6,2026-09-21 22:33:56.705354+00:00,a14e383569824ca6bce9a4299ffe9a54,Four Post Hoist - Blue,Four Post Hoist - Blue,Four Post Hoist - Blue,Four Post Hoist - Blue,0.000000,0.000000,0.000000,4700.0,750.0,1050.0,4.7000,0.7500,1.0500,1750.000000,1750.0000,3.702000,3.702000,1.000000,P,P,True,False,False,False,,0,,[],True,PRODUCT_RECONCILIATION,e25bbde1f94399bebe2de2cdb0c17130a5c375930884d8504d92f0d65d12a441,89faafd53238668c831c09b8a06f3a848b4c6ddcc158b1eda761ce5351585efb,"{""schema"": 1, ""row_action"": ""UPDATE"", ""apply_batch_id"": ""a14e383569824ca6bce9a4299ffe9a54"", ""approved_values"": {""name"": ""Four Post Hoist - Blue"", ""width_m"": ""0.7500"", ""cubic_m3"": ""3.702000"", ""height_m"": ""1.0500"", ""length_m"": ""4.7000"", ""weight_kg"": ""1750.0000"", ""description"": ""Four Post Hoist - Blue"", ""freight_type"": ""P""}, ""field_decisions"": {""name"": ""SOURCE"", ""cubic"": ""OPERATIONAL"", ""weight"": ""OPERATIONAL"", ""dimensions"": ""OPERATIONAL"", ""description"": ""SOURCE"", ""freight_type"": ""SOURCE""}, ""adopted_operational_state"": false, ""backfilled_from_applied_decision"": true}",Adopted from previously applied decision #214. Recommended initial correction: Source name/description and pallet C/P rule; retain Calculator physical values pending separate review.,2026-09-22 22:35:55.925906+00:00,2026-09-22 22:35:55.924900+00:00,1,SAFE_CANDIDATE,
SM450-ARAL7016,35230,DIFFERENT,SOURCE_DIMENSIONS_ZERO,UPDATE,APPLIED,SOURCE,SOURCE,OPERATIONAL,OPERATIONAL,OPERATIONAL,SOURCE,"{""name"": ""SOURCE"", ""cubic"": ""OPERATIONAL"", ""weight"": ""OPERATIONAL"", ""dimensions"": ""OPERATIONAL"", ""description"": ""SOURCE"", ""freight_type"": ""SOURCE""}",{},Recommended initial correction: Source name/description and pallet C/P rule; retain Calculator physical values pending separate review.,6,2026-09-21 22:19:45.119421+00:00,6,2026-09-21 22:33:56.705354+00:00,a14e383569824ca6bce9a4299ffe9a54,Four Post Hoist - Grey,Four Post Hoist - Grey,Four Post Hoist - Grey,Four Post Hoist - Grey,0.000000,0.000000,0.000000,4700.0,750.0,1050.0,4.7000,0.7500,1.0500,1750.000000,1750.0000,3.702000,3.702000,1.000000,P,P,True,False,False,False,,0,,[],True,PRODUCT_RECONCILIATION,92d1e6a2877146db7db1ffd2a926d37deb0b84414eaf35a22af2d4f133c50fc1,64ad678a4ce910956faaeb8d2c88ba26f39a27b87666c8cdda912c4dbf2fbe57,"{""schema"": 1, ""row_action"": ""UPDATE"", ""apply_batch_id"": ""a14e383569824ca6bce9a4299ffe9a54"", ""approved_values"": {""name"": ""Four Post Hoist - Grey"", ""width_m"": ""0.7500"", ""cubic_m3"": ""3.702000"", ""height_m"": ""1.0500"", ""length_m"": ""4.7000"", ""weight_kg"": ""1750.0000"", ""description"": ""Four Post Hoist - Grey"", ""freight_type"": ""P""}, ""field_decisions"": {""name"": ""SOURCE"", ""cubic"": ""OPERATIONAL"", ""weight"": ""OPERATIONAL"", ""dimensions"": ""OPERATIONAL"", ""description"": ""SOURCE"", ""freight_type"": ""SOURCE""}, ""adopted_operational_state"": false, ""backfilled_from_applied_decision"": true}",Adopted from previously applied decision #215. Recommended initial correction: Source name/description and pallet C/P rule; retain Calculator physical values pending separate review.,2026-09-22 22:35:55.928992+00:00,2026-09-22 22:35:55.928046+00:00,1,SAFE_CANDIDATE,
SM450-ARAL9005,35231,DIFFERENT,SOURCE_DIMENSIONS_ZERO,UPDATE,APPLIED,SOURCE,SOURCE,OPERATIONAL,OPERATIONAL,OPERATIONAL,SOURCE,"{""name"": ""SOURCE"", ""cubic"": ""OPERATIONAL"", ""weight"": ""OPERATIONAL"", ""dimensions"": ""OPERATIONAL"", ""description"": ""SOURCE"", ""freight_type"": ""SOURCE""}",{},Recommended initial correction: Source name/description and pallet C/P rule; retain Calculator physical values pending separate review.,6,2026-09-21 22:19:45.120682+00:00,6,2026-09-21 22:33:56.705354+00:00,a14e383569824ca6bce9a4299ffe9a54,Four Post Hoist - Black,Four Post Hoist - Black,Four Post Hoist - Black,Four Post Hoist - Black,0.000000,0.000000,0.000000,4700.0,750.0,1050.0,4.7000,0.7500,1.0500,1750.000000,1750.0000,3.702000,3.702000,1.000000,P,P,True,False,False,False,,0,,[],True,PRODUCT_RECONCILIATION,0c637d286ab2bb590338a93524eb711e378958323226cc31d47ca3c2076bff03,b7d0bc9386826654b10c2a9457760347488f95c37caee9a9f3b49a19b6382096,"{""schema"": 1, ""row_action"": ""UPDATE"", ""apply_batch_id"": ""a14e383569824ca6bce9a4299ffe9a54"", ""approved_values"": {""name"": ""Four Post Hoist - Black"", ""width_m"": ""0.7500"", ""cubic_m3"": ""3.702000"", ""height_m"": ""1.0500"", ""length_m"": ""4.7000"", ""weight_kg"": ""1750.0000"", ""description"": ""Four Post Hoist - Black"", ""freight_type"": ""P""}, ""field_decisions"": {""name"": ""SOURCE"", ""cubic"": ""OPERATIONAL"", ""weight"": ""OPERATIONAL"", ""dimensions"": ""OPERATIONAL"", ""description"": ""SOURCE"", ""freight_type"": ""SOURCE""}, ""adopted_operational_state"": false, ""backfilled_from_applied_decision"": true}",Adopted from previously applied decision #216. Recommended initial correction: Source name/description and pallet C/P rule; retain Calculator physical values pending separate review.,2026-09-22 22:35:55.931767+00:00,2026-09-22 22:35:55.930916+00:00,1,SAFE_CANDIDATE,
SM460,35248,DIFFERENT,SOURCE_DIMENSIONS_ZERO,UPDATE,APPLIED,SOURCE,SOURCE,OPERATIONAL,OPERATIONAL,OPERATIONAL,SOURCE,"{""name"": ""SOURCE"", ""cubic"": ""OPERATIONAL"", ""weight"": ""OPERATIONAL"", ""dimensions"": ""OPERATIONAL"", ""description"": ""SOURCE"", ""freight_type"": ""SOURCE""}",{},Recommended initial correction: Source name/description and pallet C/P rule; retain Calculator physical values pending separate review.,6,2026-09-21 22:19:45.122109+00:00,6,2026-09-21 22:33:56.705354+00:00,a14e383569824ca6bce9a4299ffe9a54,4 Post 6 Tonne Hoist,4 Post 6 Tonne Hoist,4 Post 6 Tonne Hoist,4 Post 6 Tonne Hoist,0.000000,0.000000,0.000000,5600.0,700.0,1220.0,5.6000,0.7000,1.2200,2200.000000,2200.0000,4.782000,4.782000,1.000000,P,P,True,False,False,False,,0,,[],True,PRODUCT_RECONCILIATION,8a4d61ccef8ffac11b1661724608b23bc248b1c445e07daa3980c65e48089855,321f17572aa037394bead0546304871850ecc295d69e0268c72d80922a1b27b2,"{""schema"": 1, ""row_action"": ""UPDATE"", ""apply_batch_id"": ""a14e383569824ca6bce9a4299ffe9a54"", ""approved_values"": {""name"": ""4 Post 6 Tonne Hoist"", ""width_m"": ""0.7000"", ""cubic_m3"": ""4.782000"", ""height_m"": ""1.2200"", ""length_m"": ""5.6000"", ""weight_kg"": ""2200.0000"", ""description"": ""4 Post 6 Tonne Hoist"", ""freight_type"": ""P""}, ""field_decisions"": {""name"": ""SOURCE"", ""cubic"": ""OPERATIONAL"", ""weight"": ""OPERATIONAL"", ""dimensions"": ""OPERATIONAL"", ""description"": ""SOURCE"", ""freight_type"": ""SOURCE""}, ""adopted_operational_state"": false, ""backfilled_from_applied_decision"": true}",Adopted from previously applied decision #217. Recommended initial correction: Source name/description and pallet C/P rule; retain Calculator physical values pending separate review.,2026-09-22 22:35:55.934888+00:00,2026-09-22 22:35:55.934032+00:00,1,SAFE_CANDIDATE,
SM460-A,35249,DIFFERENT,TEXT_ONLY,UPDATE,APPLIED,SOURCE,SOURCE,OPERATIONAL,OPERATIONAL,OPERATIONAL,SOURCE,"{""name"": ""SOURCE"", ""cubic"": ""OPERATIONAL"", ""weight"": ""OPERATIONAL"", ""dimensions"": ""OPERATIONAL"", ""description"": ""SOURCE"", ""freight_type"": ""SOURCE""}",{},Recommended initial correction: Source name/description and pallet C/P rule; retain Calculator physical values pending separate review.,6,2026-09-21 22:19:45.123836+00:00,6,2026-09-21 22:33:56.705354+00:00,a14e383569824ca6bce9a4299ffe9a54,4 Post 6 Tonne Hoist,4 Post 6 Tonne Hoist,4 Post 6 Tonne Hoist,4 Post 6 Tonne Hoist,5600.000000,740.000000,1050.000000,5600.0,740.0,1050.0,5.6000,0.7400,1.0500,2200.000000,2200.0000,4.351000,4.351000,1.000000,P,P,False,False,False,False,,0,,[],True,PRODUCT_RECONCILIATION,eaf34d292a532da741dff199bad00e616168f18777fbb0b7dfd44e42d4898750,60f7238e0e30a69d9515af37f10725ed8af742e092196bd0f12943b27c7c1f33,"{""schema"": 1, ""row_action"": ""UPDATE"", ""apply_batch_id"": ""a14e383569824ca6bce9a4299ffe9a54"", ""approved_values"": {""name"": ""4 Post 6 Tonne Hoist"", ""width_m"": ""0.7400"", ""cubic_m3"": ""4.351000"", ""height_m"": ""1.0500"", ""length_m"": ""5.6000"", ""weight_kg"": ""2200.0000"", ""description"": ""4 Post 6 Tonne Hoist"", ""freight_type"": ""P""}, ""field_decisions"": {""name"": ""SOURCE"", ""cubic"": ""OPERATIONAL"", ""weight"": ""OPERATIONAL"", ""dimensions"": ""OPERATIONAL"", ""description"": ""SOURCE"", ""freight_type"": ""SOURCE""}, ""adopted_operational_state"": false, ""backfilled_from_applied_decision"": true}",Adopted from previously applied decision #218. Recommended initial correction: Source name/description and pallet C/P rule; retain Calculator physical values pending separate review.,2026-09-22 22:35:55.937650+00:00,2026-09-22 22:35:55.936861+00:00,1,SAFE_CANDIDATE,
SM460-A/RAL2002,35251,DIFFERENT,PHYSICAL_DIFFERENCES,UPDATE,APPLIED,SOURCE,SOURCE,OPERATIONAL,OPERATIONAL,OPERATIONAL,SOURCE,"{""name"": ""SOURCE"", ""cubic"": ""OPERATIONAL"", ""weight"": ""OPERATIONAL"", ""dimensions"": ""OPERATIONAL"", ""description"": ""SOURCE"", ""freight_type"": ""SOURCE""}",{},Recommended initial correction: Source name/description and pallet C/P rule; retain Calculator physical values pending separate review.,6,2026-09-21 22:19:45.125366+00:00,6,2026-09-21 22:33:56.705354+00:00,a14e383569824ca6bce9a4299ffe9a54,4 Post 6 Tonne Hoist,4 Post 6 Tonne Hoist,4 Post 6 Tonne Hoist,4 Post 6 Tonne Hoist,5600.000000,700.000000,1150.000000,5600.0,700.0,1220.0,5.6000,0.7000,1.2200,2200.000000,2200.0000,4.508000,4.782000,1.000000,P,P,True,False,True,False,,0,,[],True,PRODUCT_RECONCILIATION,c292b5dbeba0c0b6c489a93a93ef5eec7dbb3d90ee2a14015efa940a39ce6e27,321f17572aa037394bead0546304871850ecc295d69e0268c72d80922a1b27b2,"{""schema"": 1, ""row_action"": ""UPDATE"", ""apply_batch_id"": ""a14e383569824ca6bce9a4299ffe9a54"", ""approved_values"": {""name"": ""4 Post 6 Tonne Hoist"", ""width_m"": ""0.7000"", ""cubic_m3"": ""4.782000"", ""height_m"": ""1.2200"", ""length_m"": ""5.6000"", ""weight_kg"": ""2200.0000"", ""description"": ""4 Post 6 Tonne Hoist"", ""freight_type"": ""P""}, ""field_decisions"": {""name"": ""SOURCE"", ""cubic"": ""OPERATIONAL"", ""weight"": ""OPERATIONAL"", ""dimensions"": ""OPERATIONAL"", ""description"": ""SOURCE"", ""freight_type"": ""SOURCE""}, ""adopted_operational_state"": false, ""backfilled_from_applied_decision"": true}",Adopted from previously applied decision #219. Recommended initial correction: Source name/description and pallet C/P rule; retain Calculator physical values pending separate review.,2026-09-22 22:35:55.940870+00:00,2026-09-22 22:35:55.939892+00:00,1,SAFE_CANDIDATE,
SM460-S,35257,DIFFERENT,TEXT_ONLY,UPDATE,APPLIED,SOURCE,SOURCE,OPERATIONAL,OPERATIONAL,OPERATIONAL,SOURCE,"{""name"": ""SOURCE"", ""cubic"": ""OPERATIONAL"", ""weight"": ""OPERATIONAL"", ""dimensions"": ""OPERATIONAL"", ""description"": ""SOURCE"", ""freight_type"": ""SOURCE""}",{},Recommended initial correction: Source name/description and pallet C/P rule; retain Calculator physical values pending separate review.,6,2026-09-21 22:19:45.126860+00:00,6,2026-09-21 22:33:56.705354+00:00,a14e383569824ca6bce9a4299ffe9a54,4 Post 6 Tonne Hoist,4 Post 6 Tonne Hoist,4 Post 6 Tonne Hoist,4 Post 6 Tonne Hoist,5600.000000,740.000000,1050.000000,5600.0,740.0,1050.0,5.6000,0.7400,1.0500,2200.000000,2200.0000,4.351000,4.351000,1.000000,P,P,False,False,False,False,,0,,[],True,PRODUCT_RECONCILIATION,2bb87093e270f9693bd6703204a08ae64ddcee6b4b55dc88f93f1d1806cfd654,60f7238e0e30a69d9515af37f10725ed8af742e092196bd0f12943b27c7c1f33,"{""schema"": 1, ""row_action"": ""UPDATE"", ""apply_batch_id"": ""a14e383569824ca6bce9a4299ffe9a54"", ""approved_values"": {""name"": ""4 Post 6 Tonne Hoist"", ""width_m"": ""0.7400"", ""cubic_m3"": ""4.351000"", ""height_m"": ""1.0500"", ""length_m"": ""5.6000"", ""weight_kg"": ""2200.0000"", ""description"": ""4 Post 6 Tonne Hoist"", ""freight_type"": ""P""}, ""field_decisions"": {""name"": ""SOURCE"", ""cubic"": ""OPERATIONAL"", ""weight"": ""OPERATIONAL"", ""dimensions"": ""OPERATIONAL"", ""description"": ""SOURCE"", ""freight_type"": ""SOURCE""}, ""adopted_operational_state"": false, ""backfilled_from_applied_decision"": true}",Adopted from previously applied decision #220. Recommended initial correction: Source name/description and pallet C/P rule; retain Calculator physical values pending separate review.,2026-09-22 22:35:55.944040+00:00,2026-09-22 22:35:55.943130+00:00,1,SAFE_CANDIDATE,
SM460-S/RAL2002,35265,DIFFERENT,TEXT_ONLY,UPDATE,APPLIED,SOURCE,SOURCE,OPERATIONAL,OPERATIONAL,OPERATIONAL,SOURCE,"{""name"": ""SOURCE"", ""cubic"": ""OPERATIONAL"", ""weight"": ""OPERATIONAL"", ""dimensions"": ""OPERATIONAL"", ""description"": ""SOURCE"", ""freight_type"": ""SOURCE""}",{},Recommended initial correction: Source name/description and pallet C/P rule; retain Calculator physical values pending separate review.,6,2026-09-21 22:19:45.128127+00:00,6,2026-09-21 22:33:56.705354+00:00,a14e383569824ca6bce9a4299ffe9a54,4 Post 6 Tonne Hoist,4 Post 6 Tonne Hoist,4 Post 6 Tonne Hoist,4 Post 6 Tonne Hoist,5600.000000,700.000000,1000.000000,5600.0,700.0,1000.0,5.6000,0.7000,1.0000,2200.000000,2200.0000,3.920000,3.920000,1.000000,P,P,False,False,False,False,,0,,[],True,PRODUCT_RECONCILIATION,338468d92ec73f3a107e24bce8d3c70d1665d2c8afe73e0c3334f2185acf8274,09a86b62d2e99b1ae3c6eef37b6855863354f1ff67eadcb21132ab4ccbb03af0,"{""schema"": 1, ""row_action"": ""UPDATE"", ""apply_batch_id"": ""a14e383569824ca6bce9a4299ffe9a54"", ""approved_values"": {""name"": ""4 Post 6 Tonne Hoist"", ""width_m"": ""0.7000"", ""cubic_m3"": ""3.920000"", ""height_m"": ""1.0000"", ""length_m"": ""5.6000"", ""weight_kg"": ""2200.0000"", ""description"": ""4 Post 6 Tonne Hoist"", ""freight_type"": ""P""}, ""field_decisions"": {""name"": ""SOURCE"", ""cubic"": ""OPERATIONAL"", ""weight"": ""OPERATIONAL"", ""dimensions"": ""OPERATIONAL"", ""description"": ""SOURCE"", ""freight_type"": ""SOURCE""}, ""adopted_operational_state"": false, ""backfilled_from_applied_decision"": true}",Adopted from previously applied decision #221. Recommended initial correction: Source name/description and pallet C/P rule; retain Calculator physical values pending separate review.,2026-09-22 22:35:55.946806+00:00,2026-09-22 22:35:55.945997+00:00,1,SAFE_CANDIDATE,
SM460-SRAL5002,35266,DIFFERENT,TEXT_ONLY,UPDATE,APPLIED,SOURCE,SOURCE,OPERATIONAL,OPERATIONAL,OPERATIONAL,SOURCE,"{""name"": ""SOURCE"", ""cubic"": ""OPERATIONAL"", ""weight"": ""OPERATIONAL"", ""dimensions"": ""OPERATIONAL"", ""description"": ""SOURCE"", ""freight_type"": ""SOURCE""}",{},Recommended initial correction: Source name/description and pallet C/P rule; retain Calculator physical values pending separate review.,6,2026-09-21 22:19:45.129490+00:00,6,2026-09-21 22:33:56.705354+00:00,a14e383569824ca6bce9a4299ffe9a54,4 Post 6 Tonne Hoist RAL 5002,4 Post 6 Tonne Hoist RAL 5002,4 Post 6 Tonne Hoist RAL 5002,4 Post 6 Tonne Hoist RAL 5002,5600.000000,700.000000,1220.000000,5600.0,700.0,1220.0,5.6000,0.7000,1.2200,2200.000000,2200.0000,4.782000,4.782000,1.000000,P,P,False,False,False,False,,0,,[],True,PRODUCT_RECONCILIATION,4f21fc833576cb291fe99711ad164800b1c32ff35615b86c8090660e5a76b96a,2edaa5e64a6752df4281fb12d793aef7507fd6afb41391b8433376f1bf345a0e,"{""schema"": 1, ""row_action"": ""UPDATE"", ""apply_batch_id"": ""a14e383569824ca6bce9a4299ffe9a54"", ""approved_values"": {""name"": ""4 Post 6 Tonne Hoist RAL 5002"", ""width_m"": ""0.7000"", ""cubic_m3"": ""4.782000"", ""height_m"": ""1.2200"", ""length_m"": ""5.6000"", ""weight_kg"": ""2200.0000"", ""description"": ""4 Post 6 Tonne Hoist RAL 5002"", ""freight_type"": ""P""}, ""field_decisions"": {""name"": ""SOURCE"", ""cubic"": ""OPERATIONAL"", ""weight"": ""OPERATIONAL"", ""dimensions"": ""OPERATIONAL"", ""description"": ""SOURCE"", ""freight_type"": ""SOURCE""}, ""adopted_operational_state"": false, ""backfilled_from_applied_decision"": true}",Adopted from previously applied decision #222. Recommended initial correction: Source name/description and pallet C/P rule; retain Calculator physical values pending separate review.,2026-09-22 22:35:55.949672+00:00,2026-09-22 22:35:55.948828+00:00,1,SAFE_CANDIDATE,
SM460-SRAL7016,35267,DIFFERENT,TEXT_ONLY,UPDATE,APPLIED,SOURCE,SOURCE,OPERATIONAL,OPERATIONAL,OPERATIONAL,SOURCE,"{""name"": ""SOURCE"", ""cubic"": ""OPERATIONAL"", ""weight"": ""OPERATIONAL"", ""dimensions"": ""OPERATIONAL"", ""description"": ""SOURCE"", ""freight_type"": ""SOURCE""}",{},Recommended initial correction: Source name/description and pallet C/P rule; retain Calculator physical values pending separate review.,6,2026-09-21 22:19:45.131012+00:00,6,2026-09-21 22:33:56.705354+00:00,a14e383569824ca6bce9a4299ffe9a54,4 Post 6 Tonne Hoist RAL 7016,4 Post 6 Tonne Hoist RAL 7016,4 Post 6 Tonne Hoist RAL 7016,4 Post 6 Tonne Hoist RAL 7016,5600.000000,700.000000,1220.000000,5600.0,700.0,1220.0,5.6000,0.7000,1.2200,2200.000000,2200.0000,4.782000,4.782000,1.000000,P,P,False,False,False,False,,0,,[],True,PRODUCT_RECONCILIATION,eeab27de5df2c859fdb1415855cf4cb3306f7e95c50a9a145acf98fe00a22baf,dc84c44e91b950404722aeabbea5369c4cf7f66fb0b2d688776608e1f0214bd2,"{""schema"": 1, ""row_action"": ""UPDATE"", ""apply_batch_id"": ""a14e383569824ca6bce9a4299ffe9a54"", ""approved_values"": {""name"": ""4 Post 6 Tonne Hoist RAL 7016"", ""width_m"": ""0.7000"", ""cubic_m3"": ""4.782000"", ""height_m"": ""1.2200"", ""length_m"": ""5.6000"", ""weight_kg"": ""2200.0000"", ""description"": ""4 Post 6 Tonne Hoist RAL 7016"", ""freight_type"": ""P""}, ""field_decisions"": {""name"": ""SOURCE"", ""cubic"": ""OPERATIONAL"", ""weight"": ""OPERATIONAL"", ""dimensions"": ""OPERATIONAL"", ""description"": ""SOURCE"", ""freight_type"": ""SOURCE""}, ""adopted_operational_state"": false, ""backfilled_from_applied_decision"": true}",Adopted from previously applied decision #223. Recommended initial correction: Source name/description and pallet C/P rule; retain Calculator physical values pending separate review.,2026-09-22 22:35:55.952496+00:00,2026-09-22 22:35:55.951622+00:00,1,SAFE_CANDIDATE,
SM460-SRAL9005,35268,DIFFERENT,TEXT_ONLY,UPDATE,APPLIED,SOURCE,SOURCE,OPERATIONAL,OPERATIONAL,OPERATIONAL,SOURCE,"{""name"": ""SOURCE"", ""cubic"": ""OPERATIONAL"", ""weight"": ""OPERATIONAL"", ""dimensions"": ""OPERATIONAL"", ""description"": ""SOURCE"", ""freight_type"": ""SOURCE""}",{},Recommended initial correction: Source name/description and pallet C/P rule; retain Calculator physical values pending separate review.,6,2026-09-21 22:19:45.132274+00:00,6,2026-09-21 22:33:56.705354+00:00,a14e383569824ca6bce9a4299ffe9a54,4 Post 6 Tonne Hoist RAL 9005,4 Post 6 Tonne Hoist RAL 9005,4 Post 6 Tonne Hoist RAL 9005,4 Post 6 Tonne Hoist RAL 9005,5600.000000,700.000000,1220.000000,5600.0,700.0,1220.0,5.6000,0.7000,1.2200,2200.000000,2200.0000,4.782000,4.782000,1.000000,P,P,False,False,False,False,,0,,[],True,PRODUCT_RECONCILIATION,0198462f16c07fcfa422eb1decc87c9dea62db4f7583973bc4a998b92430a4a5,f6bdd881ba5ff224aaf499f85aed868a8bb7a1431f3b5a4bf0a551b4fb5ce124,"{""schema"": 1, ""row_action"": ""UPDATE"", ""apply_batch_id"": ""a14e383569824ca6bce9a4299ffe9a54"", ""approved_values"": {""name"": ""4 Post 6 Tonne Hoist RAL 9005"", ""width_m"": ""0.7000"", ""cubic_m3"": ""4.782000"", ""height_m"": ""1.2200"", ""length_m"": ""5.6000"", ""weight_kg"": ""2200.0000"", ""description"": ""4 Post 6 Tonne Hoist RAL 9005"", ""freight_type"": ""P""}, ""field_decisions"": {""name"": ""SOURCE"", ""cubic"": ""OPERATIONAL"", ""weight"": ""OPERATIONAL"", ""dimensions"": ""OPERATIONAL"", ""description"": ""SOURCE"", ""freight_type"": ""SOURCE""}, ""adopted_operational_state"": false, ""backfilled_from_applied_decision"": true}",Adopted from previously applied decision #224. Recommended initial correction: Source name/description and pallet C/P rule; retain Calculator physical values pending separate review.,2026-09-22 22:35:55.955752+00:00,2026-09-22 22:35:55.954570+00:00,1,SAFE_CANDIDATE,
SM755,35285,DIFFERENT,TEXT_ONLY,UPDATE,APPLIED,SOURCE,SOURCE,OPERATIONAL,OPERATIONAL,OPERATIONAL,SOURCE,"{""name"": ""SOURCE"", ""cubic"": ""OPERATIONAL"", ""weight"": ""OPERATIONAL"", ""dimensions"": ""OPERATIONAL"", ""description"": ""SOURCE"", ""freight_type"": ""SOURCE""}",{},Recommended initial correction: Source name/description and pallet C/P rule; retain Calculator physical values pending separate review.,6,2026-09-21 22:19:45.133657+00:00,6,2026-09-21 22:33:56.705354+00:00,a14e383569824ca6bce9a4299ffe9a54,Mobile Columns,Mobile Columns,Mobile 755 (4 Columns = 1 Set/Item,Mobile 755 (4 Columns = 1 Set/Item,1150.000000,1230.000000,2540.000000,1150.0,1230.0,2540.0,1.1500,1.2300,2.5400,541.000000,541.0000,3.538000,3.538000,1.000000,P,P,False,False,False,False,,0,,[],True,PRODUCT_RECONCILIATION,248df5cfb20060a8b28309cabdbe879634193085ac9bcdc8a9ccf5d5aa0f9bb2,6a80f3fc8f1f709f240bfed6de78f473447f74bcc4a4e6fd9dc30355a90c9dde,"{""schema"": 1, ""row_action"": ""UPDATE"", ""apply_batch_id"": ""a14e383569824ca6bce9a4299ffe9a54"", ""approved_values"": {""name"": ""Mobile Columns"", ""width_m"": ""1.2300"", ""cubic_m3"": ""3.538000"", ""height_m"": ""2.5400"", ""length_m"": ""1.1500"", ""weight_kg"": ""541.0000"", ""description"": ""Mobile 755 (4 Columns = 1 Set/Item"", ""freight_type"": ""P""}, ""field_decisions"": {""name"": ""SOURCE"", ""cubic"": ""OPERATIONAL"", ""weight"": ""OPERATIONAL"", ""dimensions"": ""OPERATIONAL"", ""description"": ""SOURCE"", ""freight_type"": ""SOURCE""}, ""adopted_operational_state"": false, ""backfilled_from_applied_decision"": true}",Adopted from previously applied decision #225. Recommended initial correction: Source name/description and pallet C/P rule; retain Calculator physical values pending separate review.,2026-09-22 22:35:55.959302+00:00,2026-09-22 22:35:55.958327+00:00,1,SAFE_CANDIDATE,
SMC30CABLED,35309,DIFFERENT,SOURCE_DIMENSIONS_ZERO,UPDATE,APPLIED,SOURCE,SOURCE,OPERATIONAL,OPERATIONAL,OPERATIONAL,SOURCE,"{""name"": ""SOURCE"", ""cubic"": ""OPERATIONAL"", ""weight"": ""OPERATIONAL"", ""dimensions"": ""OPERATIONAL"", ""description"": ""SOURCE"", ""freight_type"": ""SOURCE""}",{},Recommended initial correction: Source name/description and pallet C/P rule; retain Calculator physical values pending separate review.,6,2026-09-21 22:19:45.135215+00:00,6,2026-09-21 22:33:56.705354+00:00,a14e383569824ca6bce9a4299ffe9a54,Cabled Mobile Column 4 per set,Cabled Mobile Column 4 per set,Cabled Mobile Column 4 per set,Cabled Mobile Column 4 per set,0.000000,0.000000,0.000000,1150.0,1230.0,2550.0,1.1500,1.2300,2.5500,2164.000000,2164.0000,14.430000,14.430000,4.000000,P,P,True,False,False,False,,0,,[],True,PRODUCT_RECONCILIATION,4103cb070fcf7478c62a0bca4e9fc4b26e3f8a47e1989a1762fd4bb91cb8eb1a,e4c57263f8aab6d43b9ce24b0c3911a9ba68ae1387d2abf5e3566ea4e3f09fc5,"{""schema"": 1, ""row_action"": ""UPDATE"", ""apply_batch_id"": ""a14e383569824ca6bce9a4299ffe9a54"", ""approved_values"": {""name"": ""Cabled Mobile Column 4 per set"", ""width_m"": ""1.2300"", ""cubic_m3"": ""14.430000"", ""height_m"": ""2.5500"", ""length_m"": ""1.1500"", ""weight_kg"": ""2164.0000"", ""description"": ""Cabled Mobile Column 4 per set"", ""freight_type"": ""P""}, ""field_decisions"": {""name"": ""SOURCE"", ""cubic"": ""OPERATIONAL"", ""weight"": ""OPERATIONAL"", ""dimensions"": ""OPERATIONAL"", ""description"": ""SOURCE"", ""freight_type"": ""SOURCE""}, ""adopted_operational_state"": false, ""backfilled_from_applied_decision"": true}",Adopted from previously applied decision #226. Recommended initial correction: Source name/description and pallet C/P rule; retain Calculator physical values pending separate review.,2026-09-22 22:35:55.962306+00:00,2026-09-22 22:35:55.961428+00:00,1,SAFE_CANDIDATE,
SMC30CABLEDF,35310,DIFFERENT,TEXT_ONLY,UPDATE,APPLIED,SOURCE,SOURCE,OPERATIONAL,OPERATIONAL,OPERATIONAL,SOURCE,"{""name"": ""SOURCE"", ""cubic"": ""OPERATIONAL"", ""weight"": ""OPERATIONAL"", ""dimensions"": ""OPERATIONAL"", ""description"": ""SOURCE"", ""freight_type"": ""SOURCE""}",{},Recommended initial correction: Source name/description and pallet C/P rule; retain Calculator physical values pending separate review.,6,2026-09-21 22:19:45.136916+00:00,6,2026-09-21 22:33:56.705354+00:00,a14e383569824ca6bce9a4299ffe9a54,Cabled Mobile Column Faulty,Cabled Mobile Column Faulty,Cabled Mobile Column Faulty,Cabled Mobile Column Faulty,1150.000000,1230.000000,2550.000000,1150.0,1230.0,2550.0,1.1500,1.2300,2.5500,541.000000,541.0000,3.607000,3.607000,1.000000,P,P,False,False,False,False,,0,,[],True,PRODUCT_RECONCILIATION,fd355c6d1774a90726842e1e1703651f9217d17ab8dd81485c2047731bdd8e37,35828cc02c8ec33281a49afc9550f9f9138540688bd5ce150bb38f9affa30b3f,"{""schema"": 1, ""row_action"": ""UPDATE"", ""apply_batch_id"": ""a14e383569824ca6bce9a4299ffe9a54"", ""approved_values"": {""name"": ""Cabled Mobile Column Faulty"", ""width_m"": ""1.2300"", ""cubic_m3"": ""3.607000"", ""height_m"": ""2.5500"", ""length_m"": ""1.1500"", ""weight_kg"": ""541.0000"", ""description"": ""Cabled Mobile Column Faulty"", ""freight_type"": ""P""}, ""field_decisions"": {""name"": ""SOURCE"", ""cubic"": ""OPERATIONAL"", ""weight"": ""OPERATIONAL"", ""dimensions"": ""OPERATIONAL"", ""description"": ""SOURCE"", ""freight_type"": ""SOURCE""}, ""adopted_operational_state"": false, ""backfilled_from_applied_decision"": true}",Adopted from previously applied decision #227. Recommended initial correction: Source name/description and pallet C/P rule; retain Calculator physical values pending separate review.,2026-09-22 22:35:55.965172+00:00,2026-09-22 22:35:55.964299+00:00,1,SAFE_CANDIDATE,
SP-SM270-P-1,35491,DIFFERENT,TEXT_ONLY,UPDATE,APPLIED,SOURCE,SOURCE,OPERATIONAL,OPERATIONAL,OPERATIONAL,SOURCE,"{""name"": ""SOURCE"", ""cubic"": ""OPERATIONAL"", ""weight"": ""OPERATIONAL"", ""dimensions"": ""OPERATIONAL"", ""description"": ""SOURCE"", ""freight_type"": ""SOURCE""}",{},Recommended initial correction: Source name/description and pallet C/P rule; retain Calculator physical values pending separate review.,6,2026-09-21 22:19:45.138557+00:00,6,2026-09-21 22:33:56.705354+00:00,a14e383569824ca6bce9a4299ffe9a54,Spare Part - SM270-P-1 Column,Spare Part - SM270-P-1 Column,Pallet,Pallet,2930.000000,1120.000000,900.000000,2930.0,1120.0,900.0,2.9300,1.1200,0.9000,1500.000000,1500.0000,2.953000,2.953000,1.000000,P,P,False,False,False,False,,0,,[],True,PRODUCT_RECONCILIATION,6e0f575c90f0ce460cfbcca748e2169e9323f220ba48c92ac5a57108a0e7486f,bfff3f3fc280e17589b5d65d316a6302403496b159fcf310d31a3d18e63c207a,"{""schema"": 1, ""row_action"": ""UPDATE"", ""apply_batch_id"": ""a14e383569824ca6bce9a4299ffe9a54"", ""approved_values"": {""name"": ""Spare Part - SM270-P-1 Column"", ""width_m"": ""1.1200"", ""cubic_m3"": ""2.953000"", ""height_m"": ""0.9000"", ""length_m"": ""2.9300"", ""weight_kg"": ""1500.0000"", ""description"": ""Pallet"", ""freight_type"": ""P""}, ""field_decisions"": {""name"": ""SOURCE"", ""cubic"": ""OPERATIONAL"", ""weight"": ""OPERATIONAL"", ""dimensions"": ""OPERATIONAL"", ""description"": ""SOURCE"", ""freight_type"": ""SOURCE""}, ""adopted_operational_state"": false, ""backfilled_from_applied_decision"": true}",Adopted from previously applied decision #228. Recommended initial correction: Source name/description and pallet C/P rule; retain Calculator physical values pending separate review.,2026-09-22 22:35:55.967886+00:00,2026-09-22 22:35:55.967064+00:00,1,SAFE_CANDIDATE,
UL35NTRAL7016,37006,DIFFERENT,SOURCE_DIMENSIONS_ZERO,UPDATE,APPLIED,SOURCE,SOURCE,OPERATIONAL,OPERATIONAL,OPERATIONAL,SOURCE,"{""name"": ""SOURCE"", ""cubic"": ""OPERATIONAL"", ""weight"": ""OPERATIONAL"", ""dimensions"": ""OPERATIONAL"", ""description"": ""SOURCE"", ""freight_type"": ""SOURCE""}",{},Recommended initial correction: Source name/description and pallet C/P rule; retain Calculator physical values pending separate review.,6,2026-09-21 22:19:45.140188+00:00,6,2026-09-21 22:33:56.705354+00:00,a14e383569824ca6bce9a4299ffe9a54,Uni Lift 3500 NT AMS w/ Latch,Uni Lift 3500 NT AMS w/ Latch,Uni Lift 3500 NT AMS (with latch) Above-Ground 4500,Uni Lift 3500 NT AMS (with latch) Above-Ground 4500,0.000000,0.000000,0.000000,4950.0,770.0,770.0,4.9500,0.7700,0.7700,2800.000000,2800.0000,6.206000,6.206000,3.000000,P,P,True,False,False,False,,0,,[],True,PRODUCT_RECONCILIATION,3636381485179dc4af58f57f106426b34f8f641fc14044dd7b9bf87bb6ad14d1,aba51229098a89e1ea0adead9ae8999e1721c3e6255c7329dee951a55d270c2d,"{""schema"": 1, ""row_action"": ""UPDATE"", ""apply_batch_id"": ""a14e383569824ca6bce9a4299ffe9a54"", ""approved_values"": {""name"": ""Uni Lift 3500 NT AMS w/ Latch"", ""width_m"": ""0.7700"", ""cubic_m3"": ""6.206000"", ""height_m"": ""0.7700"", ""length_m"": ""4.9500"", ""weight_kg"": ""2800.0000"", ""description"": ""Uni Lift 3500 NT AMS (with latch) Above-Ground 4500"", ""freight_type"": ""P""}, ""field_decisions"": {""name"": ""SOURCE"", ""cubic"": ""OPERATIONAL"", ""weight"": ""OPERATIONAL"", ""dimensions"": ""OPERATIONAL"", ""description"": ""SOURCE"", ""freight_type"": ""SOURCE""}, ""adopted_operational_state"": false, ""backfilled_from_applied_decision"": true}",Adopted from previously applied decision #229. Recommended initial correction: Source name/description and pallet C/P rule; retain Calculator physical values pending separate review.,2026-09-22 22:35:55.970891+00:00,2026-09-22 22:35:55.969843+00:00,1,SAFE_CANDIDATE,
